{"type":"FeatureCollection","features":[{"type":"Feature","properties":{"name":"Acre","NAME":"Acre","sigla":"AC","code":"AC","POSTAL":"AC","ISO_A2":"BR-AC","alpha2":"BR-AC","region":"Norte","capital":"Rio Branco"},"geometry":{"type":"MultiPolygon","coordinates":[[[[-73.6082,-7.2019],[-72.6588,-7.6246],[-72.1891,-7.7201],[-72.1809,-7.7218],[-72.1727,-7.7235],[-72.0046,-7.7745],[-70.369,-8.141],[-69.7608,-8.4659],[-69.5528,-8.578],[-69.4353,-8.6412],[-68.7275,-8.9997],[-66.6193,-9.8936],[-66.6339,-9.9136],[-66.627,-9.9353],[-66.6379,-9.949],[-66.6571,-9.9359],[-66.6758,-9.9677],[-66.7178,-9.9745],[-66.7622,-9.9997],[-66.7728,-10.0197],[-66.8355,-10.0624],[-66.8382,-10.0825],[-66.8727,-10.0812],[-66.8732,-10.1005],[-66.9179,-10.131],[-66.9114,-10.1463],[-66.9421,-10.1558],[-66.9513,-10.1857],[-66.9956,-10.1992],[-66.9883,-10.2209],[-67.0113,-10.254],[-67.0479,-10.266],[-67.0478,-10.2754],[-67.1306,-10.2928],[-67.1326,-10.3172],[-67.18,-10.339],[-67.223,-10.3163],[-67.2661,-10.3319],[-67.2857,-10.32],[-67.3216,-10.322],[-67.3107,-10.3724],[-67.3498,-10.3791],[-67.3506,-10.392],[-67.3681,-10.3767],[-67.4063,-10.3736],[-67.4227,-10.3938],[-67.4134,-10.4271],[-67.4193,-10.4303],[-67.4257,-10.43],[-67.4298,-10.4298],[-67.4411,-10.4524],[-67.51,-10.476],[-67.5199,-10.4902],[-67.5793,-10.5027],[-67.6379,-10.594],[-67.6463,-10.6021],[-67.6529,-10.6089],[-67.6602,-10.6161],[-67.6762,-10.6047],[-67.7074,-10.7081],[-67.7363,-10.7114],[-67.7599,-10.6851],[-67.8773,-10.6396],[-67.9766,-10.6623],[-68.0119,-10.6486],[-68.0542,-10.6698],[-68.1039,-10.7148],[-68.1034,-10.7746],[-68.1948,-10.8585],[-68.2377,-10.9563],[-68.3321,-11.0124],[-68.3539,-11.004],[-68.3843,-11.0175],[-68.3958,-11.0505],[-68.4319,-11.0315],[-68.4439,-11.0447],[-68.4874,-11.0505],[-68.5428,-11.1088],[-68.7156,-11.1431],[-68.7209,-11.1031],[-68.7572,-11.0842],[-68.7563,-11.0779],[-68.759,-11.0744],[-68.7644,-11.067],[-68.7485,-11.02],[-68.7578,-11.0009],[-68.788,-11.0059],[-68.7983,-10.9912],[-68.8288,-11.0074],[-68.8306,-11.0008],[-68.8275,-10.9987],[-68.8261,-10.9978],[-68.8475,-10.9937],[-68.8636,-11.0162],[-68.8876,-11.0179],[-68.8888,-11.0136],[-68.8894,-11.0112],[-68.8954,-11.0065],[-68.9142,-11.0187],[-68.9351,-11.005],[-68.9472,-11.0124],[-68.9519,-10.9906],[-68.9572,-10.9919],[-68.9605,-10.9929],[-68.9717,-10.9889],[-68.9942,-11.0106],[-69.0388,-10.9767],[-69.0595,-10.9827],[-69.0726,-10.966],[-69.1018,-10.9796],[-69.1847,-10.9492],[-69.2151,-10.9564],[-69.2325,-10.9406],[-69.2428,-10.9505],[-69.2622,-10.9409],[-69.2745,-10.9536],[-69.3242,-10.9389],[-69.3433,-10.952],[-69.356,-10.9379],[-69.377,-10.9519],[-69.3879,-10.9337],[-69.4105,-10.9407],[-69.4235,-10.9265],[-69.4802,-10.9544],[-69.5009,-10.9374],[-69.5386,-10.9359],[-69.5463,-10.9517],[-69.602,-10.9419],[-69.612,-10.9466],[-69.6123,-10.9503],[-69.6126,-10.9552],[-69.6591,-10.9522],[-69.7369,-10.9742],[-69.772,-10.9343],[-69.8009,-10.9262],[-69.8594,-10.932],[-69.8999,-10.92],[-69.9211,-10.931],[-69.9351,-10.9209],[-70.0285,-10.9764],[-70.1089,-10.995],[-70.1606,-11.0396],[-70.2004,-11.0534],[-70.2417,-11.0459],[-70.3114,-11.0696],[-70.4373,-11.0391],[-70.4527,-10.9961],[-70.531,-10.9346],[-70.6216,-10.9995],[-70.6227,-9.8214],[-70.6165,-9.8156],[-70.6098,-9.8033],[-70.6067,-9.8004],[-70.5919,-9.8024],[-70.5819,-9.7792],[-70.561,-9.7879],[-70.5378,-9.7649],[-70.5259,-9.7132],[-70.5855,-9.6388],[-70.5976,-9.6056],[-70.5866,-9.5711],[-70.6003,-9.5576],[-70.5949,-9.5515],[-70.5913,-9.5498],[-70.5852,-9.5514],[-70.5866,-9.556],[-70.5895,-9.5646],[-70.5578,-9.5717],[-70.5712,-9.5302],[-70.5475,-9.5389],[-70.5457,-9.5108],[-70.5381,-9.5118],[-70.535,-9.5122],[-70.5321,-9.5126],[-70.5149,-9.4934],[-70.5112,-9.4971],[-70.5087,-9.5062],[-70.5053,-9.5062],[-70.5214,-9.468],[-70.526,-9.4719],[-70.53,-9.4704],[-70.5207,-9.4574],[-70.5037,-9.4616],[-70.494,-9.4262],[-70.5381,-9.4361],[-70.5655,-9.4269],[-70.595,-9.4405],[-70.5973,-9.457],[-70.6109,-9.4564],[-70.6516,-9.5116],[-70.715,-9.5451],[-70.7294,-9.5666],[-70.7514,-9.5586],[-70.759,-9.6037],[-70.7871,-9.6126],[-70.7939,-9.6359],[-70.8358,-9.6418],[-70.84,-9.6546],[-70.8702,-9.6643],[-70.9254,-9.7394],[-70.9711,-9.7526],[-70.9986,-9.8136],[-71.0513,-9.8141],[-71.1644,-9.8754],[-71.2123,-9.9666],[-71.2542,-9.9636],[-71.256,-9.9675],[-71.2584,-9.9729],[-71.2607,-9.9782],[-71.3095,-9.9921],[-71.3499,-9.9734],[-71.3767,-10.0006],[-72.1804,-9.9998],[-72.1814,-9.992],[-72.1814,-9.992],[-72.1796,-9.9839],[-72.1555,-9.9637],[-72.174,-9.923],[-72.1405,-9.8775],[-72.1653,-9.828],[-72.1507,-9.7991],[-72.271,-9.7494],[-72.2462,-9.6568],[-72.2592,-9.6422],[-72.2591,-9.637],[-72.2591,-9.635],[-72.2537,-9.6139],[-72.2889,-9.601],[-72.2852,-9.5396],[-72.3197,-9.5417],[-72.3569,-9.4938],[-72.4813,-9.4716],[-72.4829,-9.4803],[-72.483,-9.481],[-72.4844,-9.4862],[-72.5102,-9.4849],[-72.5744,-9.4563],[-72.6931,-9.438],[-72.7166,-9.4108],[-73.2148,-9.4109],[-73.1978,-9.3955],[-73.197,-9.3852],[-73.1957,-9.3705],[-73.1905,-9.3602],[-73.1816,-9.3555],[-73.1755,-9.3545],[-73.1618,-9.3523],[-73.1319,-9.3132],[-73.1006,-9.3042],[-73.1112,-9.2794],[-73.0801,-9.237],[-73.066,-9.2293],[-73.0607,-9.2264],[-73.056,-9.2253],[-73.0529,-9.2258],[-73.0511,-9.2282],[-73.0445,-9.2367],[-73.0052,-9.2106],[-72.9968,-9.1938],[-73.0203,-9.1769],[-72.9642,-9.147],[-72.9586,-9.1383],[-72.9525,-9.1286],[-72.9465,-9.1146],[-72.9396,-9.0617],[-72.9574,-9.0094],[-72.9368,-8.9883],[-72.971,-8.9741],[-72.9921,-8.9204],[-73.0321,-8.9057],[-73.0539,-8.8416],[-73.0854,-8.8204],[-73.0877,-8.8143],[-73.0875,-8.7907],[-73.1314,-8.7066],[-73.1535,-8.684],[-73.225,-8.6777],[-73.2633,-8.6145],[-73.2906,-8.6146],[-73.2798,-8.4748],[-73.3892,-8.4693],[-73.4122,-8.4106],[-73.485,-8.3906],[-73.5367,-8.3455],[-73.5362,-8.2699],[-73.5776,-8.2106],[-73.5969,-8.2054],[-73.5861,-8.1272],[-73.5971,-8.0974],[-73.6343,-8.0611],[-73.6301,-8.0215],[-73.6316,-8.02],[-73.6337,-8.018],[-73.6494,-8.003],[-73.6783,-8.0047],[-73.6974,-7.9602],[-73.7326,-7.9677],[-73.7507,-7.9234],[-73.7588,-7.9134],[-73.7606,-7.9111],[-73.7712,-7.9057],[-73.7558,-7.892],[-73.761,-7.8836],[-73.7694,-7.8702],[-73.766,-7.862],[-73.7587,-7.8579],[-73.7418,-7.8729],[-73.6978,-7.867],[-73.6833,-7.843],[-73.6836,-7.7761],[-73.7398,-7.7337],[-73.8266,-7.7156],[-73.8349,-7.6991],[-73.8399,-7.689],[-73.8475,-7.6757],[-73.8797,-7.6629],[-73.8881,-7.6313],[-73.932,-7.6081],[-73.9876,-7.5549],[-73.9899,-7.541],[-73.9902,-7.536],[-73.9873,-7.5313],[-73.9473,-7.5262],[-73.9191,-7.4653],[-73.9669,-7.3598],[-73.966,-7.3516],[-73.9635,-7.348],[-73.9617,-7.3455],[-73.9422,-7.3609],[-73.9344,-7.3519],[-73.9307,-7.3519],[-73.9093,-7.3777],[-73.8694,-7.3785],[-73.852,-7.3469],[-73.8294,-7.3362],[-73.7613,-7.332],[-73.7584,-7.3465],[-73.7171,-7.3279],[-73.7003,-7.3051],[-73.7155,-7.2672],[-73.7131,-7.2351],[-73.7531,-7.2011],[-73.7579,-7.1722],[-73.8037,-7.1111],[-73.6082,-7.2019]]]]},"alpha2":"BR-AC","centroid":{"lat":-9.0238,"lng":-70.812},"isState":true},{"type":"Feature","properties":{"name":"Alagoas","NAME":"Alagoas","sigla":"AL","code":"AL","POSTAL":"AL","ISO_A2":"BR-AL","alpha2":"BR-AL","region":"Nordeste","capital":"Maceió"},"geometry":{"type":"MultiPolygon","coordinates":[[[[-35.4652,-8.8255],[-35.4504,-8.841],[-35.4121,-8.8365],[-35.4085,-8.8376],[-35.4076,-8.8389],[-35.3995,-8.8499],[-35.2523,-8.8868],[-35.1762,-8.8884],[-35.152,-8.913],[-35.1815,-8.9776],[-35.223,-9.0192],[-35.3011,-9.1847],[-35.3536,-9.255],[-35.484,-9.3696],[-35.4971,-9.4192],[-35.5864,-9.5102],[-35.5916,-9.5298],[-35.6494,-9.5671],[-35.6967,-9.6347],[-35.6943,-9.6643],[-35.723,-9.6832],[-35.7223,-9.676],[-35.7223,-9.6757],[-35.7305,-9.6706],[-35.7497,-9.6761],[-35.7542,-9.6777],[-35.8123,-9.7318],[-36.0461,-10.0753],[-36.0867,-10.0929],[-36.1339,-10.1576],[-36.1703,-10.1708],[-36.2717,-10.2746],[-36.3022,-10.326],[-36.2933,-10.3545],[-36.391,-10.5007],[-36.4311,-10.4239],[-36.4343,-10.4209],[-36.4557,-10.4072],[-36.5096,-10.4324],[-36.5112,-10.4324],[-36.5218,-10.4327],[-36.521,-10.4305],[-36.5189,-10.4243],[-36.5107,-10.4212],[-36.5381,-10.4219],[-36.5425,-10.4264],[-36.5451,-10.4291],[-36.5513,-10.4247],[-36.5539,-10.4229],[-36.5638,-10.4159],[-36.5714,-10.3185],[-36.6233,-10.2577],[-36.6288,-10.2549],[-36.6427,-10.2523],[-36.6831,-10.2733],[-36.7028,-10.2695],[-36.7199,-10.2645],[-36.7527,-10.2485],[-36.7519,-10.2354],[-36.8366,-10.2017],[-36.8504,-10.1617],[-36.9105,-10.1375],[-36.954,-10.0702],[-36.9667,-9.9936],[-36.9916,-9.9768],[-37.0493,-9.9862],[-37.0751,-9.9659],[-37.1327,-9.9139],[-37.1525,-9.9004],[-37.2371,-9.8939],[-37.285,-9.8305],[-37.4186,-9.7622],[-37.5814,-9.7335],[-37.7114,-9.6309],[-37.7441,-9.6257],[-37.7848,-9.6382],[-37.8178,-9.5925],[-37.8234,-9.5909],[-37.8254,-9.5917],[-37.8327,-9.5945],[-37.8936,-9.54],[-37.9167,-9.5485],[-37.9601,-9.5328],[-37.9889,-9.5269],[-38.0094,-9.4802],[-38.0674,-9.4581],[-38.07,-9.4505],[-38.0714,-9.4461],[-38.0786,-9.4405],[-38.1546,-9.443],[-38.2029,-9.4182],[-38.1941,-9.3851],[-38.2371,-9.3293],[-38.1786,-9.2892],[-38.1435,-9.2178],[-38.0919,-9.1723],[-37.9789,-9.148],[-37.9045,-9.0398],[-37.8894,-9.0344],[-37.8892,-9.0345],[-37.8806,-9.0399],[-37.8748,-9.0242],[-37.8766,-9.0204],[-37.8792,-9.015],[-37.8387,-8.978],[-37.8325,-8.9255],[-37.825,-8.9188],[-37.8209,-8.9152],[-37.8287,-8.8934],[-37.7599,-8.8572],[-37.6842,-8.9667],[-37.6984,-8.9921],[-37.6612,-8.9869],[-37.6605,-8.9939],[-37.6631,-8.9993],[-37.6636,-9.0004],[-37.6587,-9.006],[-37.6432,-9.0179],[-37.6213,-9.0114],[-37.6116,-9.0057],[-37.6164,-9.0002],[-37.6144,-8.9945],[-37.6116,-8.9864],[-37.6004,-8.9757],[-37.5834,-8.9698],[-37.5727,-8.9717],[-37.562,-8.9735],[-37.5559,-8.9691],[-37.5408,-8.9581],[-37.4898,-8.9653],[-37.4882,-8.9702],[-37.4866,-8.9752],[-37.4933,-9.0002],[-37.469,-9.0273],[-37.4456,-9.0262],[-37.4396,-9.0277],[-37.4336,-9.0293],[-37.3151,-9.0939],[-37.2428,-9.1856],[-37.2339,-9.2397],[-37.2093,-9.2197],[-37.1981,-9.2151],[-37.19,-9.22],[-37.1585,-9.2387],[-37.1639,-9.2753],[-37.1059,-9.2394],[-37.0836,-9.2519],[-37.0568,-9.2814],[-37.0612,-9.3033],[-37.0592,-9.3137],[-37.0585,-9.3174],[-37.0568,-9.3125],[-37.0549,-9.307],[-37.0239,-9.3153],[-37.003,-9.3522],[-36.952,-9.3821],[-36.93,-9.3696],[-36.9361,-9.3612],[-36.9363,-9.3608],[-36.9375,-9.3524],[-36.929,-9.3453],[-36.9218,-9.3393],[-36.9154,-9.2986],[-36.8678,-9.2681],[-36.8476,-9.2767],[-36.8434,-9.2823],[-36.8393,-9.2878],[-36.7967,-9.2926],[-36.7583,-9.271],[-36.6934,-9.2749],[-36.6341,-9.3265],[-36.6134,-9.3234],[-36.6038,-9.3406],[-36.5669,-9.3314],[-36.5714,-9.2922],[-36.5029,-9.2706],[-36.487,-9.2411],[-36.4623,-9.2389],[-36.4366,-9.2117],[-36.4194,-9.2291],[-36.3653,-9.2222],[-36.3579,-9.2179],[-36.3532,-9.2197],[-36.3484,-9.2143],[-36.3497,-9.2102],[-36.3523,-9.2012],[-36.3272,-9.2003],[-36.3095,-9.1723],[-36.2737,-9.1658],[-36.2555,-9.1816],[-36.2245,-9.1706],[-36.2573,-9.1379],[-36.2664,-9.102],[-36.2451,-9.0986],[-36.243,-9.0996],[-36.236,-9.1031],[-36.1953,-9.0444],[-36.1237,-9.0301],[-36.1039,-8.9985],[-36.1117,-8.9874],[-36.1204,-8.9834],[-36.1264,-8.9807],[-36.1287,-8.9685],[-36.1265,-8.9556],[-36.0864,-8.9437],[-36.0635,-8.9149],[-35.9647,-8.9025],[-35.9232,-8.8832],[-35.8957,-8.8538],[-35.8445,-8.8721],[-35.7951,-8.8477],[-35.7755,-8.858],[-35.7825,-8.8973],[-35.7479,-8.9167],[-35.6296,-8.8792],[-35.5347,-8.8191],[-35.4953,-8.8279],[-35.4671,-8.8146],[-35.4618,-8.8184],[-35.4652,-8.8255]],[[-35.291,-9.1482],[-35.291,-9.1495],[-35.2892,-9.148],[-35.2902,-9.147],[-35.291,-9.1461],[-35.291,-9.1482]]]]},"alpha2":"BR-AL","centroid":{"lat":-9.5713,"lng":-36.782},"isState":true},{"type":"Feature","properties":{"name":"Amazonas","NAME":"Amazonas","sigla":"AM","code":"AM","POSTAL":"AM","ISO_A2":"BR-AM","alpha2":"BR-AM","region":"Norte","capital":"Manaus"},"geometry":{"type":"MultiPolygon","coordinates":[[[[-67.3255,2.0301],[-67.2775,1.8762],[-67.2434,1.8586],[-67.1565,1.8493],[-67.0968,1.733],[-67.0718,1.443],[-67.0883,1.3254],[-67.0876,1.1673],[-66.8564,1.2306],[-66.5987,1.0001],[-66.3179,0.7554],[-66.213,0.7819],[-66.2012,0.7819],[-66.1882,0.78],[-66.1505,0.7449],[-66.1139,0.7638],[-66.1017,0.7641],[-66.1012,0.764],[-66.0879,0.7595],[-66.0695,0.8054],[-65.9639,0.8099],[-65.9328,0.8629],[-65.936,0.8825],[-65.9248,0.8916],[-65.9006,0.8841],[-65.8966,0.8926],[-65.8809,0.904],[-65.8791,0.9331],[-65.7735,0.9595],[-65.7388,1],[-65.6949,1.0045],[-65.6775,0.99],[-65.6522,1.0122],[-65.6244,0.9895],[-65.6256,0.9996],[-65.6259,1.0019],[-65.6266,1.0096],[-65.585,1.0093],[-65.5805,1.001],[-65.5778,0.9964],[-65.5716,0.9855],[-65.5687,0.9908],[-65.5666,0.9946],[-65.5572,0.9937],[-65.5608,0.9862],[-65.5603,0.9848],[-65.5575,0.9762],[-65.552,0.9761],[-65.5414,0.9759],[-65.5358,0.9484],[-65.5077,0.9159],[-65.5104,0.9066],[-65.5134,0.8959],[-65.5117,0.8856],[-65.504,0.8876],[-65.4956,0.8897],[-65.4931,0.8825],[-65.5047,0.8689],[-65.4997,0.8429],[-65.5271,0.8337],[-65.5237,0.8252],[-65.5236,0.825],[-65.5305,0.8056],[-65.5345,0.8056],[-65.5402,0.8055],[-65.548,0.7751],[-65.573,0.7648],[-65.5906,0.7223],[-65.5399,0.6493],[-65.5339,0.6605],[-65.5325,0.6631],[-65.5299,0.668],[-65.4522,0.6858],[-65.423,0.7083],[-65.4132,0.7555],[-65.4087,0.7541],[-65.3969,0.7504],[-65.395,0.7586],[-65.3961,0.7909],[-65.4124,0.8161],[-65.3731,0.8641],[-65.3514,0.8734],[-65.3547,0.8823],[-65.3557,0.8851],[-65.3285,0.9319],[-65.2694,0.9437],[-65.2629,0.92],[-65.2082,0.9292],[-65.2061,0.9221],[-65.2046,0.9175],[-65.2069,0.9073],[-65.1966,0.9112],[-65.1813,0.9235],[-65.1476,1.0098],[-65.1689,1.0189],[-65.1535,1.0565],[-65.1544,1.1254],[-65.122,1.1355],[-65.1025,1.157],[-65.0926,1.15],[-65.0876,1.1464],[-65.0861,1.1466],[-65.0781,1.1479],[-65.0707,1.1538],[-65.0608,1.1121],[-65.0536,1.1162],[-65.0452,1.1173],[-65.0216,1.1154],[-64.9602,1.19],[-64.9687,1.2182],[-64.9645,1.2248],[-64.9602,1.2305],[-64.9347,1.2117],[-64.8977,1.253],[-64.8861,1.2322],[-64.878,1.2289],[-64.868,1.2323],[-64.8682,1.2414],[-64.8566,1.2577],[-64.8521,1.2639],[-64.861,1.2698],[-64.8099,1.3147],[-64.8027,1.3109],[-64.7886,1.2861],[-64.7938,1.28],[-64.7938,1.2799],[-64.793,1.2698],[-64.7459,1.2256],[-64.7219,1.2389],[-64.7013,1.2917],[-64.6593,1.2916],[-64.6343,1.3206],[-64.5902,1.3378],[-64.5803,1.3488],[-64.5755,1.3544],[-64.5822,1.3759],[-64.5525,1.4171],[-64.5402,1.4209],[-64.5359,1.4223],[-64.53,1.4264],[-64.5302,1.4288],[-64.5308,1.4356],[-64.5274,1.4444],[-64.4999,1.443],[-64.453,1.4806],[-64.4488,1.4736],[-64.4487,1.4736],[-64.4379,1.4723],[-64.3969,1.5272],[-64.3507,1.5187],[-64.3484,1.5025],[-64.397,1.4249],[-64.3994,1.3953],[-64.3588,1.3903],[-64.3374,1.364],[-64.3347,1.3711],[-64.3413,1.3759],[-64.3422,1.3847],[-64.3368,1.392],[-64.3291,1.3953],[-64.3254,1.4023],[-64.3254,1.4364],[-64.3015,1.4686],[-64.2468,1.5086],[-64.2148,1.509],[-64.1732,1.5714],[-64.126,1.5789],[-64.0946,1.6175],[-64.0608,1.702],[-64.0774,1.7594],[-64.0547,1.8258],[-64.0705,1.8528],[-64.06,1.9314],[-64.0187,1.9516],[-63.9958,1.9796],[-63.9749,1.9917],[-63.9215,1.9843],[-63.8979,1.9928],[-63.8435,1.9649],[-63.8364,1.9666],[-63.8297,1.9684],[-63.825,1.9843],[-63.8242,1.9867],[-63.823,1.9903],[-63.7844,1.9819],[-63.7596,2.0045],[-63.7573,2.0022],[-63.7513,1.9964],[-63.7399,2.0001],[-63.7421,2.0089],[-63.7405,2.0124],[-63.7385,2.0167],[-63.7027,2.0467],[-63.6916,2.0236],[-63.6744,2.0217],[-63.6674,2.0173],[-63.6615,2.0659],[-63.6374,2.0697],[-63.6168,2.1069],[-63.5613,2.1327],[-63.5088,2.114],[-63.466,2.1414],[-63.4435,2.1255],[-63.4203,2.1318],[-63.3933,2.1572],[-63.3945,2.2001],[-63.3859,2.2028],[-63.3761,2.2093],[-63.3718,2.2121],[-63.3593,2.1974],[-63.3103,2.1653],[-63.2823,2.1542],[-63.2722,2.1558],[-63.2621,2.1574],[-63.1936,2.1815],[-63.1649,2.1806],[-63.1581,2.1746],[-63.141,2.1728],[-63.1067,2.0797],[-63.0704,2.0403],[-63.0233,2.015],[-62.9803,2.0181],[-62.948,2.0313],[-62.9193,2.0253],[-62.8383,2.0168],[-62.8333,2.0152],[-62.8284,2.0136],[-62.8127,1.992],[-62.742,1.967],[-62.7204,1.955],[-62.7129,1.9475],[-62.7055,1.94],[-62.6982,1.9123],[-62.7036,1.8743],[-62.7305,1.8185],[-62.7232,1.7127],[-62.7958,1.631],[-62.8062,1.6044],[-62.805,1.5975],[-62.8039,1.5907],[-62.7358,1.5299],[-62.7203,1.4888],[-62.6368,1.434],[-62.5457,1.1248],[-62.5291,1.0891],[-62.5248,1.0866],[-62.5206,1.0841],[-62.4711,1.0866],[-62.4772,1.0283],[-62.4742,1.0166],[-62.4611,0.9952],[-62.4453,0.9772],[-62.4439,0.9688],[-62.4424,0.9604],[-62.4855,0.8669],[-62.4572,0.7855],[-62.4598,0.7814],[-62.4625,0.7772],[-62.5,0.7483],[-62.528,0.7105],[-62.535,0.6942],[-62.5378,0.6755],[-62.5178,0.5841],[-62.5272,0.5469],[-62.5325,0.5091],[-62.5181,0.444],[-62.5134,0.4421],[-62.5087,0.4402],[-62.4847,0.4544],[-62.4458,0.3794],[-62.4664,0.3333],[-62.4581,0.3138],[-62.4678,0.2761],[-62.4539,0.2439],[-62.4522,0.2077],[-62.4451,0.2015],[-62.4381,0.1952],[-62.428,0.1739],[-62.4239,0.0919],[-62.3461,0.0299],[-62.3222,-0.0239],[-62.3228,-0.0617],[-62.3261,-0.0612],[-62.3317,-0.0603],[-62.3192,-0.1022],[-62.2676,-0.1636],[-62.2619,-0.1644],[-62.2581,-0.1649],[-62.2445,-0.1744],[-62.2526,-0.2363],[-62.2492,-0.2449],[-62.2465,-0.2519],[-62.2378,-0.2524],[-62.2412,-0.2605],[-62.2474,-0.266],[-62.2531,-0.2711],[-62.2537,-0.2794],[-62.245,-0.2941],[-62.2478,-0.3016],[-62.239,-0.3077],[-62.2353,-0.3169],[-62.2259,-0.3169],[-62.2233,-0.3145],[-62.2192,-0.3108],[-62.1878,-0.3305],[-62.2017,-0.3927],[-62.2083,-0.3955],[-62.2167,-0.3991],[-62.2267,-0.4255],[-62.2734,-0.4538],[-62.2745,-0.4783],[-62.3087,-0.5138],[-62.3058,-0.5251],[-62.3034,-0.5344],[-62.3178,-0.5522],[-62.2903,-0.6019],[-62.3012,-0.6188],[-62.2903,-0.6463],[-62.2959,-0.6519],[-62.3037,-0.6538],[-62.3087,-0.6605],[-62.3176,-0.6613],[-62.3198,-0.66],[-62.3262,-0.6561],[-62.3408,-0.6756],[-62.3703,-0.6764],[-62.3583,-0.7067],[-62.39,-0.7092],[-62.3912,-0.7149],[-62.3922,-0.7192],[-62.4064,-0.727],[-62.428,-0.6925],[-62.4691,-0.6936],[-62.4764,-0.6883],[-62.4861,-0.6811],[-62.4925,-0.6873],[-62.495,-0.7036],[-62.5078,-0.7139],[-62.4944,-0.7503],[-62.5016,-0.7542],[-62.5097,-0.7586],[-62.5039,-0.7653],[-62.5005,-0.7811],[-62.4803,-0.7947],[-62.4729,-0.7918],[-62.465,-0.7886],[-62.4478,-0.8097],[-62.4443,-0.8047],[-62.4422,-0.8017],[-62.4328,-0.8036],[-62.4278,-0.812],[-62.3953,-0.82],[-62.3936,-0.8286],[-62.3755,-0.8361],[-62.3758,-0.8659],[-62.2933,-0.9478],[-62.2897,-0.9458],[-62.2855,-0.9436],[-62.2717,-0.9517],[-62.2651,-0.9636],[-62.2586,-0.9756],[-62.2033,-0.9825],[-62.2017,-0.9898],[-62.1994,-1],[-62.125,-1.037],[-62.1108,-1.06],[-62.1147,-1.0689],[-62.1178,-1.0761],[-62.1141,-1.0831],[-62.105,-1.0861],[-62.0991,-1.0964],[-62.0616,-1.0995],[-62.0391,-1.1181],[-62.0169,-1.1414],[-61.9494,-1.2967],[-61.92,-1.3309],[-61.9143,-1.3396],[-61.9086,-1.3484],[-61.8961,-1.395],[-61.8689,-1.4014],[-61.8388,-1.4014],[-61.8264,-1.4014],[-61.7897,-1.3786],[-61.635,-1.4336],[-61.6044,-1.4478],[-61.5441,-1.5253],[-61.4741,-1.5786],[-61.4728,-1.5275],[-61.4808,-1.5175],[-61.5159,-1.5021],[-61.5378,-1.4331],[-61.5475,-1.4292],[-61.5552,-1.4289],[-61.5733,-1.4284],[-61.5773,-1.4188],[-61.5814,-1.4092],[-61.6186,-1.3945],[-61.5816,-1.3531],[-61.585,-1.3384],[-61.6005,-1.3202],[-61.6111,-1.3078],[-61.6283,-1.3011],[-61.6264,-1.2936],[-61.6128,-1.2825],[-61.6072,-1.2778],[-61.6067,-1.258],[-61.6064,-1.2459],[-61.5733,-1.1845],[-61.5781,-1.1728],[-61.5816,-1.1642],[-61.5661,-1.1323],[-61.5705,-1.12],[-61.5724,-1.1181],[-61.5775,-1.1128],[-61.5741,-1.1045],[-61.5723,-1.1034],[-61.5658,-1.0995],[-61.573,-1.0927],[-61.5778,-1.0881],[-61.5761,-1.0789],[-61.5436,-1.062],[-61.5602,-0.9877],[-61.5696,-0.9878],[-61.5755,-0.9878],[-61.583,-0.9822],[-61.5791,-0.9556],[-61.5847,-0.9367],[-61.5797,-0.93],[-61.578,-0.9097],[-61.5682,-0.9013],[-61.5583,-0.8928],[-61.5579,-0.8724],[-61.5578,-0.8636],[-61.5537,-0.8604],[-61.543,-0.852],[-61.543,-0.8431],[-61.5494,-0.8389],[-61.5525,-0.8106],[-61.5383,-0.7559],[-61.5272,-0.7506],[-61.5161,-0.7453],[-61.4827,-0.7172],[-61.4641,-0.6645],[-61.4261,-0.6528],[-61.4288,-0.6462],[-61.4303,-0.6428],[-61.4283,-0.6339],[-61.3564,-0.5981],[-61.3479,-0.5952],[-61.3255,-0.5975],[-61.2978,-0.5759],[-61.2236,-0.5592],[-61.2164,-0.4997],[-61.1571,-0.515],[-61.1549,-0.5059],[-61.1547,-0.505],[-61.1483,-0.4989],[-61.0869,-0.4998],[-61.0633,-0.5128],[-61.0547,-0.5384],[-61.0455,-0.5456],[-60.975,-0.5623],[-60.9203,-0.555],[-60.9078,-0.6236],[-60.8822,-0.6489],[-60.8605,-0.642],[-60.8541,-0.6475],[-60.8428,-0.6903],[-60.8116,-0.6917],[-60.8044,-0.6961],[-60.7972,-0.7006],[-60.7966,-0.7445],[-60.7605,-0.7611],[-60.7733,-0.7909],[-60.7664,-0.7926],[-60.7561,-0.7953],[-60.7522,-0.8609],[-60.6753,-0.8731],[-60.6675,-0.8942],[-60.62,-0.8631],[-60.6091,-0.8639],[-60.6068,-0.8652],[-60.5939,-0.872],[-60.5923,-0.8625],[-60.5908,-0.8531],[-60.5305,-0.8747],[-60.5041,-0.8489],[-60.5028,-0.8411],[-60.508,-0.8387],[-60.5194,-0.8334],[-60.5061,-0.8211],[-60.5025,-0.8215],[-60.4983,-0.822],[-60.4975,-0.7892],[-60.4936,-0.7822],[-60.4786,-0.7706],[-60.4266,-0.7781],[-60.4211,-0.7728],[-60.42,-0.7691],[-60.4186,-0.7639],[-60.4005,-0.7573],[-60.3979,-0.7576],[-60.3828,-0.7595],[-60.3793,-0.7493],[-60.3769,-0.7425],[-60.353,-0.7422],[-60.351,-0.7432],[-60.3455,-0.7456],[-60.3091,-0.7245],[-60.3031,-0.7109],[-60.3016,-0.6931],[-60.313,-0.6411],[-60.3505,-0.622],[-60.3653,-0.5878],[-60.3737,-0.5887],[-60.3828,-0.5897],[-60.3994,-0.5098],[-60.382,-0.47],[-60.3748,-0.4644],[-60.3442,-0.4403],[-60.3494,-0.407],[-60.3216,-0.3772],[-60.3211,-0.3373],[-60.318,-0.3303],[-60.3124,-0.3294],[-60.3016,-0.3278],[-60.3022,-0.3102],[-60.3025,-0.3036],[-60.2959,-0.2982],[-60.2894,-0.2928],[-60.2997,-0.2735],[-60.3044,-0.2645],[-60.3016,-0.2602],[-60.2989,-0.2559],[-60.2911,-0.2289],[-60.2921,-0.2267],[-60.2989,-0.2114],[-60.2755,-0.2022],[-60.2639,-0.1892],[-60.2644,-0.1857],[-60.2655,-0.1781],[-60.2578,-0.1731],[-60.2553,-0.1735],[-60.2489,-0.1747],[-60.2494,-0.1667],[-60.2322,-0.1461],[-60.2239,-0.1425],[-60.2283,-0.1009],[-60.2027,-0.0333],[-60.1811,-0.0096],[-60.1816,-0.0079],[-60.1836,0],[-60.138,0.0291],[-60.136,0.0658],[-60.1349,0.0672],[-60.123,0.0814],[-60.1374,0.103],[-60.1158,0.1336],[-60.0586,0.1633],[-60.0463,0.2325],[-60.0374,0.2638],[-59.433,0.2639],[-59.1918,0.2639],[-58.8949,0.2639],[-58.8978,-0.0176],[-58.8861,-0.0589],[-58.8634,-0.0777],[-58.8626,-0.1606],[-58.8805,-0.1963],[-58.8649,-0.2652],[-58.8715,-0.3427],[-58.7816,-0.3894],[-58.7292,-0.435],[-58.7247,-0.4419],[-58.7349,-0.4712],[-58.7096,-0.5382],[-58.7287,-0.5618],[-58.7335,-0.6113],[-58.7047,-0.6786],[-58.6635,-0.7128],[-58.6344,-0.7186],[-58.5601,-0.8043],[-58.5201,-0.8276],[-58.5188,-0.8355],[-58.5117,-0.8394],[-58.4915,-0.8315],[-58.4932,-0.8449],[-58.4933,-0.8458],[-58.487,-0.8594],[-58.4795,-0.8592],[-58.4757,-0.8673],[-58.4677,-0.8728],[-58.4673,-0.8696],[-58.4665,-0.8639],[-58.4585,-0.8637],[-58.4355,-0.8831],[-58.4334,-0.8916],[-58.4426,-0.8946],[-58.4526,-0.8979],[-58.448,-0.9066],[-58.4503,-0.9258],[-58.4102,-0.981],[-58.4296,-1.0268],[-58.4112,-1.0439],[-58.3922,-1.0395],[-58.3882,-1.0501],[-58.368,-1.0657],[-58.3608,-1.1048],[-58.3517,-1.1119],[-58.348,-1.1102],[-58.3439,-1.1082],[-58.3228,-1.143],[-58.2543,-1.1323],[-58.2428,-1.1563],[-58.2148,-1.1653],[-58.1621,-1.2293],[-58.1188,-1.186],[-58.1211,-1.1745],[-58.1232,-1.1643],[-58.1049,-1.1617],[-58.0938,-1.1602],[-58.0814,-1.1472],[-58.082,-1.1447],[-58.0837,-1.1367],[-58.0813,-1.1262],[-58.0417,-1.103],[-58.032,-1.101],[-58.017,-1.1058],[-58.0093,-1.1188],[-58.0153,-1.1288],[-58.0066,-1.1454],[-57.9787,-1.1541],[-57.9715,-1.1622],[-57.9704,-1.1732],[-57.9727,-1.1789],[-57.9785,-1.1927],[-57.9717,-1.1992],[-57.965,-1.2058],[-57.9638,-1.2229],[-58.0004,-1.3298],[-57.9704,-1.3588],[-57.9754,-1.3652],[-57.976,-1.3659],[-57.9766,-1.3747],[-57.9628,-1.3798],[-57.955,-1.3827],[-57.9562,-1.3875],[-57.9598,-1.4012],[-57.9202,-1.4025],[-57.9116,-1.4283],[-57.9035,-1.4257],[-57.8937,-1.4332],[-57.8794,-1.4229],[-57.8235,-1.4394],[-57.7968,-1.4854],[-57.7908,-1.4903],[-57.7895,-1.4899],[-57.7834,-1.4878],[-57.7811,-1.4972],[-57.7806,-1.4996],[-57.7832,-1.5077],[-57.7126,-1.5038],[-57.7063,-1.5756],[-57.6936,-1.576],[-57.6782,-1.594],[-57.6687,-1.5881],[-57.6565,-1.5805],[-57.6109,-1.5826],[-57.6096,-1.5746],[-57.6021,-1.57],[-57.5896,-1.5798],[-57.5937,-1.5866],[-57.5952,-1.5891],[-57.5929,-1.5994],[-57.553,-1.6049],[-57.5452,-1.6102],[-57.5387,-1.6235],[-57.5247,-1.6264],[-57.5266,-1.6403],[-57.5283,-1.6524],[-57.5154,-1.6456],[-57.5067,-1.6409],[-57.4801,-1.6551],[-57.4812,-1.6612],[-57.4818,-1.6641],[-57.4747,-1.6777],[-57.4558,-1.6717],[-57.4382,-1.6662],[-57.4349,-1.6755],[-57.4364,-1.6797],[-57.4394,-1.6882],[-57.4271,-1.6915],[-57.416,-1.6783],[-57.4114,-1.6729],[-57.4029,-1.6752],[-57.3875,-1.695],[-57.3891,-1.7012],[-57.3904,-1.7064],[-57.4005,-1.7123],[-57.3922,-1.7227],[-57.3726,-1.7138],[-57.3516,-1.7328],[-57.3435,-1.7228],[-57.3452,-1.7177],[-57.3466,-1.7137],[-57.3275,-1.7156],[-57.3207,-1.7199],[-57.305,-1.7299],[-57.301,-1.7205],[-57.2971,-1.7111],[-57.264,-1.7165],[-57.2534,-1.696],[-57.2302,-1.7256],[-57.2032,-1.7106],[-57.2011,-1.7214],[-57.2007,-1.7236],[-57.1939,-1.7274],[-57.1644,-1.7205],[-57.1627,-1.7682],[-57.1487,-1.762],[-57.1289,-1.7638],[-57.1153,-1.7914],[-57.1059,-1.7827],[-57.0973,-1.7748],[-57.0634,-1.8082],[-57.06,-1.8154],[-57.0697,-1.8272],[-57.0731,-1.8313],[-57.0367,-1.9112],[-56.9878,-1.9068],[-56.9523,-1.9599],[-56.8969,-1.9759],[-56.8758,-1.992],[-56.8585,-2.0156],[-56.8438,-2.0203],[-56.8333,-2.0212],[-56.7927,-2.0207],[-56.7665,-2.0084],[-56.7569,-2.0098],[-56.7474,-2.0112],[-56.734,-2.0217],[-56.7229,-2.067],[-56.7323,-2.0914],[-56.7527,-2.1113],[-56.7689,-2.1403],[-56.768,-2.1654],[-56.7073,-2.1836],[-56.7053,-2.1902],[-56.7021,-2.2014],[-56.6786,-2.2122],[-56.6124,-2.2098],[-56.5973,-2.1746],[-56.5691,-2.1744],[-56.5266,-2.1389],[-56.4774,-2.17],[-56.4437,-2.1536],[-56.4134,-2.1756],[-56.3691,-2.1372],[-56.3506,-2.1485],[-56.3255,-2.1454],[-56.3209,-2.1426],[-56.3163,-2.1398],[-56.297,-2.1005],[-56.2802,-2.0927],[-56.2679,-2.0904],[-56.2557,-2.088],[-56.2279,-2.0559],[-56.2071,-2.0596],[-56.1862,-2.0425],[-56.0981,-2.0267],[-56.1689,-2.1452],[-56.1914,-2.171],[-56.2198,-2.1955],[-56.3838,-2.2701],[-56.4251,-2.3688],[-56.4274,-2.3719],[-56.4651,-2.4228],[-56.4017,-2.4563],[-58.262,-6.4686],[-58.267,-6.4747],[-58.272,-6.4809],[-58.2926,-6.4935],[-58.3195,-6.4946],[-58.3223,-6.4968],[-58.3251,-6.4989],[-58.3494,-6.562],[-58.3703,-6.5744],[-58.4268,-6.6158],[-58.4779,-6.6992],[-58.4812,-6.7811],[-58.434,-6.9084],[-58.3797,-6.9701],[-58.3681,-6.9707],[-58.3551,-6.9713],[-58.3383,-6.9835],[-58.3323,-6.9916],[-58.3263,-6.9997],[-58.2877,-7.0613],[-58.2454,-7.0885],[-58.209,-7.1339],[-58.1676,-7.231],[-58.1743,-7.2711],[-58.1695,-7.3128],[-58.1464,-7.3429],[-58.1391,-7.3525],[-58.1364,-7.3561],[-58.2125,-7.4581],[-58.2126,-7.4929],[-58.2222,-7.5236],[-58.2016,-7.6205],[-58.2775,-7.7033],[-58.2943,-7.7719],[-58.3334,-7.8039],[-58.3712,-7.8209],[-58.3824,-7.8387],[-58.3729,-7.9068],[-58.3546,-7.9437],[-58.3309,-7.9683],[-58.3212,-8.0247],[-58.3159,-8.0332],[-58.2911,-8.0739],[-58.2861,-8.0871],[-58.2865,-8.1281],[-58.3221,-8.1696],[-58.3185,-8.1838],[-58.3123,-8.2088],[-58.3275,-8.2854],[-58.3144,-8.3227],[-58.318,-8.3298],[-58.3317,-8.3372],[-58.3476,-8.3458],[-58.353,-8.3924],[-58.4167,-8.4919],[-58.4038,-8.5391],[-58.4101,-8.57],[-58.3908,-8.6029],[-58.4369,-8.703],[-58.433,-8.71],[-58.4105,-8.7198],[-58.3805,-8.7052],[-58.3505,-8.7012],[-58.3278,-8.7117],[-58.3256,-8.7196],[-58.3315,-8.726],[-58.3541,-8.7369],[-58.3949,-8.7798],[-58.4424,-8.799],[-58.4998,-8.8024],[-61.5824,-8.7983],[-61.5833,-8.7978],[-61.5896,-8.7941],[-61.6055,-8.7943],[-61.6228,-8.7579],[-61.6259,-8.7552],[-61.629,-8.7526],[-61.6284,-8.7479],[-61.6259,-8.7285],[-61.63,-8.7216],[-61.673,-8.7046],[-61.697,-8.7092],[-61.7048,-8.7071],[-61.7086,-8.6977],[-61.7127,-8.6875],[-61.7254,-8.6932],[-61.7413,-8.6948],[-61.7439,-8.717],[-61.7741,-8.7479],[-61.836,-8.7323],[-61.8436,-8.747],[-61.8432,-8.7629],[-61.8428,-8.779],[-61.8493,-8.7841],[-61.8552,-8.7886],[-61.8605,-8.8032],[-61.8595,-8.8527],[-61.9241,-8.8788],[-61.9847,-8.8782],[-62.0017,-8.8323],[-62.0208,-8.8232],[-62.0305,-8.7993],[-62.1244,-8.8013],[-62.1545,-8.7393],[-62.1565,-8.7318],[-62.1529,-8.7257],[-62.1483,-8.7179],[-62.1712,-8.6947],[-62.1688,-8.689],[-62.1646,-8.679],[-62.179,-8.66],[-62.1809,-8.6575],[-62.2,-8.6439],[-62.1953,-8.6364],[-62.1858,-8.6365],[-62.1761,-8.6365],[-62.1742,-8.6278],[-62.1879,-8.5902],[-62.2684,-8.5754],[-62.2737,-8.5826],[-62.2888,-8.5885],[-62.2927,-8.5956],[-62.2808,-8.6382],[-62.289,-8.6387],[-62.3352,-8.6091],[-62.3406,-8.6025],[-62.3415,-8.5945],[-62.3358,-8.5856],[-62.3272,-8.5722],[-62.3253,-8.5633],[-62.3368,-8.5163],[-62.3655,-8.4932],[-62.3666,-8.3892],[-62.4317,-8.3717],[-62.4649,-8.3394],[-62.5256,-8.3827],[-62.539,-8.3577],[-62.5418,-8.3578],[-62.551,-8.3578],[-62.5614,-8.2836],[-62.6494,-8.2367],[-62.6594,-8.1993],[-62.6662,-8.1958],[-62.673,-8.1924],[-62.6861,-8.1734],[-62.6725,-8.1449],[-62.6917,-8.0925],[-62.7123,-8.0802],[-62.7434,-8.0449],[-62.7857,-8.026],[-62.8095,-8.025],[-62.8445,-7.9862],[-62.8661,-7.9755],[-63.5,-7.9759],[-63.5525,-7.9729],[-63.6203,-7.9689],[-63.6259,-8.0157],[-63.6259,-8.0159],[-63.6213,-8.0292],[-63.6665,-8.0812],[-63.6694,-8.1214],[-63.6726,-8.1244],[-63.6759,-8.1275],[-63.6929,-8.158],[-63.7465,-8.1982],[-63.748,-8.2075],[-63.7426,-8.2163],[-63.7222,-8.2491],[-63.773,-8.3204],[-63.7811,-8.3289],[-63.7907,-8.3328],[-63.8702,-8.2884],[-63.9103,-8.3281],[-63.9154,-8.3273],[-63.9315,-8.3245],[-63.9436,-8.3308],[-63.9438,-8.3472],[-63.9449,-8.3874],[-63.9764,-8.4094],[-63.9769,-8.4146],[-63.9774,-8.4198],[-63.9639,-8.4241],[-63.9532,-8.4276],[-63.9386,-8.4412],[-63.9403,-8.4519],[-63.9584,-8.4665],[-63.9727,-8.4781],[-63.974,-8.4869],[-63.9657,-8.505],[-63.96,-8.5103],[-63.9433,-8.5262],[-63.9442,-8.5382],[-63.9451,-8.5501],[-63.9327,-8.557],[-63.9309,-8.5573],[-63.9227,-8.5589],[-63.9241,-8.5751],[-63.9454,-8.6091],[-63.972,-8.5821],[-63.9797,-8.5803],[-63.9857,-8.5853],[-63.9899,-8.6126],[-63.9906,-8.617],[-64.035,-8.6932],[-64.0312,-8.7042],[-64.0274,-8.7153],[-64.0654,-8.7105],[-64.0669,-8.7103],[-64.0708,-8.7115],[-64.0746,-8.7127],[-64.0943,-8.728],[-64.1304,-8.7218],[-64.1426,-8.7427],[-64.1443,-8.7761],[-64.1289,-8.8048],[-64.1577,-8.8428],[-64.1413,-8.9447],[-64.1429,-8.9532],[-64.1489,-8.9586],[-64.1745,-8.9602],[-64.2327,-8.9919],[-64.2646,-8.988],[-64.2972,-8.9958],[-64.3108,-8.9961],[-64.3248,-8.9877],[-64.3256,-8.9795],[-64.3142,-8.954],[-64.3125,-8.9502],[-64.3091,-8.9341],[-64.3151,-8.9292],[-64.3229,-8.9285],[-64.4461,-8.9765],[-64.5496,-8.9779],[-64.6106,-9.0161],[-64.641,-9.0063],[-64.6552,-9.0076],[-64.6572,-9.0078],[-64.6709,-9.0144],[-64.6804,-8.9977],[-64.6829,-8.9932],[-64.6931,-8.9898],[-64.703,-8.9895],[-64.7607,-9.0202],[-64.7736,-9.0002],[-64.7775,-8.9942],[-64.7868,-8.9881],[-64.799,-8.9851],[-64.816,-8.9863],[-64.8388,-8.9937],[-64.8701,-9.0118],[-64.8867,-9.0288],[-64.8936,-9.0433],[-64.9011,-9.0463],[-64.9064,-9.0451],[-64.9168,-9.0428],[-64.9189,-9.0502],[-64.9152,-9.0742],[-64.933,-9.12],[-64.9394,-9.1242],[-64.9192,-9.2199],[-64.9356,-9.2554],[-64.9624,-9.2924],[-64.9765,-9.2919],[-64.9857,-9.2915],[-65,-9.3042],[-65.0122,-9.3283],[-65.0103,-9.3325],[-65.0054,-9.3431],[-65.0388,-9.3592],[-65.037,-9.3668],[-65.0352,-9.3744],[-65.0531,-9.4018],[-65.0918,-9.409],[-65.0906,-9.4147],[-65.0884,-9.4247],[-65.0974,-9.4321],[-65.1424,-9.4464],[-65.1841,-9.4266],[-65.1731,-9.3851],[-65.1771,-9.3832],[-65.1957,-9.3749],[-65.1965,-9.3671],[-65.1924,-9.3562],[-65.1879,-9.3445],[-65.2017,-9.3209],[-65.2085,-9.3093],[-65.2076,-9.2852],[-65.2113,-9.2786],[-65.2462,-9.2573],[-65.3847,-9.3376],[-65.4466,-9.316],[-65.4561,-9.4008],[-65.4343,-9.4659],[-65.4422,-9.4643],[-65.4562,-9.4701],[-65.4601,-9.4662],[-65.4674,-9.4589],[-65.4723,-9.4661],[-65.4765,-9.4723],[-65.4923,-9.4733],[-65.5061,-9.4473],[-65.5963,-9.4135],[-65.6494,-9.4469],[-65.679,-9.451],[-65.6801,-9.4849],[-65.6806,-9.5],[-65.7231,-9.5587],[-65.7499,-9.5532],[-65.7545,-9.5645],[-65.7561,-9.5686],[-65.7611,-9.5673],[-65.7703,-9.565],[-65.7739,-9.5711],[-65.7776,-9.5771],[-65.7911,-9.5853],[-65.8176,-9.5619],[-65.8191,-9.555],[-65.8246,-9.5297],[-65.8367,-9.5328],[-65.8404,-9.5337],[-65.8478,-9.5319],[-65.8466,-9.5206],[-65.8462,-9.516],[-65.8805,-9.4871],[-65.8976,-9.4887],[-65.9122,-9.4834],[-65.9699,-9.4128],[-66.0341,-9.4002],[-66.0593,-9.4178],[-66.1235,-9.4084],[-66.1732,-9.434],[-66.243,-9.429],[-66.2674,-9.4094],[-66.29,-9.4121],[-66.2875,-9.4201],[-66.2838,-9.4318],[-66.2913,-9.435],[-66.3071,-9.4364],[-66.3185,-9.4196],[-66.3744,-9.426],[-66.3883,-9.418],[-66.4085,-9.4066],[-66.4136,-9.4133],[-66.4143,-9.4216],[-66.3896,-9.4552],[-66.392,-9.5001],[-66.4945,-9.6012],[-66.4967,-9.626],[-66.4985,-9.6296],[-66.5002,-9.6332],[-66.5859,-9.6732],[-66.5922,-9.6708],[-66.6091,-9.6645],[-66.725,-9.7557],[-66.775,-9.7527],[-66.7818,-9.7582],[-66.7769,-9.7683],[-66.7802,-9.791],[-66.806,-9.8141],[-68.7275,-8.9997],[-69.4353,-8.6412],[-69.5528,-8.578],[-69.7608,-8.4659],[-70.369,-8.141],[-72.0046,-7.7745],[-72.1727,-7.7235],[-72.1809,-7.7218],[-72.1891,-7.7201],[-72.6588,-7.6246],[-73.8037,-7.1111],[-73.7255,-7.0218],[-73.7516,-6.9324],[-73.7202,-6.8884],[-73.7059,-6.8389],[-73.6892,-6.8336],[-73.6448,-6.7614],[-73.5616,-6.7206],[-73.5153,-6.6761],[-73.3823,-6.6346],[-73.381,-6.6166],[-73.3562,-6.5942],[-73.2479,-6.5832],[-73.2208,-6.564],[-73.2128,-6.5761],[-73.1836,-6.5399],[-73.1839,-6.5357],[-73.1839,-6.5348],[-73.1858,-6.5269],[-73.1581,-6.524],[-73.1371,-6.4973],[-73.1088,-6.4093],[-73.134,-6.387],[-73.147,-6.3292],[-73.1626,-6.3174],[-73.1671,-6.2736],[-73.2197,-6.2214],[-73.2221,-6.1779],[-73.2271,-6.1722],[-73.2397,-6.1578],[-73.249,-6.1442],[-73.2362,-6.0312],[-73.19,-5.9988],[-73.1866,-5.9381],[-73.1569,-5.8687],[-73.1165,-5.8533],[-73.117,-5.84],[-73.1171,-5.8371],[-73.1175,-5.8276],[-73.0565,-5.7885],[-73.0426,-5.7486],[-73.0209,-5.7392],[-72.9859,-5.6938],[-72.986,-5.6614],[-72.9617,-5.6539],[-72.975,-5.6237],[-72.9731,-5.6074],[-72.9697,-5.5998],[-72.9663,-5.5921],[-72.9656,-5.5918],[-72.9518,-5.5839],[-72.9636,-5.4974],[-72.9581,-5.4914],[-72.9586,-5.482],[-72.9566,-5.4644],[-72.8641,-5.2726],[-72.8637,-5.2165],[-72.8855,-5.1659],[-72.8564,-5.143],[-72.8168,-5.1384],[-72.8156,-5.1232],[-72.8145,-5.1096],[-72.7836,-5.1119],[-72.7535,-5.0827],[-72.7501,-5.0846],[-72.74,-5.0902],[-72.7342,-5.0638],[-72.7077,-5.0531],[-72.6533,-5.0625],[-72.6298,-5.0513],[-72.6117,-5.0369],[-72.6063,-4.9947],[-72.5287,-4.9577],[-72.5217,-4.9381],[-72.4987,-4.9532],[-72.4945,-4.9433],[-72.4931,-4.9409],[-72.4907,-4.9371],[-72.4822,-4.9525],[-72.476,-4.9452],[-72.4755,-4.9353],[-72.4752,-4.9296],[-72.4678,-4.9274],[-72.4663,-4.9269],[-72.4584,-4.9254],[-72.4641,-4.896],[-72.4338,-4.9106],[-72.43,-4.9019],[-72.4204,-4.8974],[-72.4268,-4.8806],[-72.3861,-4.8718],[-72.371,-4.8068],[-72.3247,-4.7963],[-72.3211,-4.7775],[-72.3084,-4.7823],[-72.2999,-4.776],[-72.278,-4.783],[-72.283,-4.79],[-72.2828,-4.7904],[-72.2798,-4.7978],[-72.2545,-4.7657],[-72.248,-4.7722],[-72.2473,-4.7765],[-72.2467,-4.7801],[-72.2318,-4.7763],[-72.2066,-4.7509],[-72.2015,-4.7551],[-72.1997,-4.7566],[-72.1928,-4.7609],[-72.1878,-4.7534],[-72.1907,-4.7488],[-72.1926,-4.7457],[-72.141,-4.7138],[-72.1333,-4.7161],[-72.1324,-4.7167],[-72.127,-4.7222],[-72.0625,-4.6532],[-72.0555,-4.6521],[-72.0521,-4.6515],[-72.0457,-4.6511],[-72.0389,-4.6232],[-72.0063,-4.6409],[-71.9767,-4.6075],[-71.9457,-4.6044],[-71.9455,-4.5754],[-71.9236,-4.5619],[-71.9214,-4.5543],[-71.9219,-4.5533],[-71.9265,-4.5443],[-71.9029,-4.5435],[-71.9031,-4.5385],[-71.9034,-4.5292],[-71.8969,-4.5346],[-71.8934,-4.5374],[-71.8858,-4.5334],[-71.887,-4.5283],[-71.8889,-4.5206],[-71.8829,-4.5161],[-71.874,-4.5185],[-71.8727,-4.5202],[-71.8682,-4.5258],[-71.7775,-4.4872],[-71.7746,-4.4907],[-71.7713,-4.4947],[-71.7718,-4.5044],[-71.7615,-4.503],[-71.7489,-4.4724],[-71.7412,-4.485],[-71.739,-4.4971],[-71.7147,-4.5115],[-71.6548,-4.4962],[-71.6543,-4.5012],[-71.6536,-4.5074],[-71.6365,-4.4965],[-71.6362,-4.4963],[-71.627,-4.491],[-71.6302,-4.4825],[-71.6263,-4.4743],[-71.6197,-4.47],[-71.6142,-4.4788],[-71.6158,-4.4863],[-71.634,-4.519],[-71.605,-4.5334],[-71.554,-4.4809],[-71.5492,-4.482],[-71.5422,-4.4836],[-71.5421,-4.4757],[-71.5421,-4.4729],[-71.5372,-4.4671],[-71.4951,-4.4868],[-71.5088,-4.448],[-71.4983,-4.449],[-71.4913,-4.4566],[-71.489,-4.4592],[-71.4805,-4.4547],[-71.4808,-4.4478],[-71.481,-4.4424],[-71.4733,-4.4392],[-71.4602,-4.4389],[-71.4179,-4.4653],[-71.395,-4.4319],[-71.354,-4.4277],[-71.3144,-4.4576],[-71.3034,-4.4513],[-71.3235,-4.421],[-71.3106,-4.4173],[-71.3015,-4.4317],[-71.2981,-4.4371],[-71.286,-4.4423],[-71.2724,-4.4341],[-71.2776,-4.3874],[-71.2688,-4.3846],[-71.2297,-4.3872],[-71.2297,-4.3911],[-71.2297,-4.397],[-71.2306,-4.4072],[-71.2073,-4.3793],[-71.2013,-4.4252],[-71.1847,-4.3923],[-71.1505,-4.3995],[-71.1523,-4.3914],[-71.1524,-4.3907],[-71.1531,-4.3828],[-71.1173,-4.4096],[-71.1001,-4.377],[-71.0884,-4.3754],[-71.0798,-4.3793],[-71.0823,-4.3836],[-71.0859,-4.3895],[-71.0791,-4.3954],[-71.0482,-4.3744],[-71.0427,-4.4002],[-71.0307,-4.3963],[-71.0239,-4.3854],[-71.0234,-4.3844],[-70.9956,-4.3838],[-70.9962,-4.3452],[-70.9726,-4.3753],[-70.9429,-4.3851],[-70.9083,-4.3326],[-70.8988,-4.3241],[-70.8928,-4.3236],[-70.8801,-4.3223],[-70.8789,-4.292],[-70.8755,-4.2905],[-70.8578,-4.2823],[-70.8498,-4.2781],[-70.8681,-4.25],[-70.8328,-4.2498],[-70.8203,-4.2319],[-70.8252,-4.2023],[-70.8128,-4.196],[-70.8076,-4.1832],[-70.7971,-4.1845],[-70.7912,-4.1852],[-70.7587,-4.1596],[-70.7294,-4.1839],[-70.6809,-4.199],[-70.6746,-4.1447],[-70.6557,-4.1662],[-70.6528,-4.1268],[-70.6239,-4.1312],[-70.6259,-4.1427],[-70.6344,-4.158],[-70.6386,-4.1655],[-70.6386,-4.1793],[-70.6323,-4.1872],[-70.6244,-4.1921],[-70.5655,-4.1687],[-70.5611,-4.161],[-70.5529,-4.1548],[-70.5461,-4.1497],[-70.5485,-4.1369],[-70.534,-4.1394],[-70.5218,-4.1426],[-70.5165,-4.1502],[-70.5103,-4.1638],[-70.5149,-4.1754],[-70.516,-4.1782],[-70.5222,-4.1904],[-70.5147,-4.1956],[-70.5033,-4.1964],[-70.4985,-4.1798],[-70.4945,-4.1657],[-70.4876,-4.1615],[-70.4726,-4.1765],[-70.4634,-4.1725],[-70.4608,-4.1647],[-70.46,-4.1625],[-70.4541,-4.1633],[-70.4481,-4.1642],[-70.4435,-4.1651],[-70.439,-4.1339],[-70.3766,-4.1419],[-70.3403,-4.1859],[-70.3256,-4.1461],[-70.2908,-4.1762],[-70.2909,-4.1842],[-70.2936,-4.2001],[-70.2845,-4.2335],[-70.3156,-4.259],[-70.2893,-4.2818],[-70.2905,-4.283],[-70.2978,-4.2902],[-70.2554,-4.2774],[-70.2501,-4.2867],[-70.2714,-4.3002],[-70.2662,-4.3116],[-70.2162,-4.3189],[-70.1988,-4.3659],[-70.1521,-4.3351],[-70.1678,-4.3143],[-70.1579,-4.2839],[-70.1194,-4.2899],[-70.1078,-4.2643],[-70.0973,-4.2961],[-70.0875,-4.2933],[-70.0815,-4.2916],[-70.0713,-4.2964],[-70.077,-4.303],[-70.0811,-4.308],[-70.0792,-4.3245],[-70.05,-4.3342],[-70.0443,-4.3425],[-70.0436,-4.3519],[-69.9808,-4.327],[-69.9755,-4.3189],[-69.9681,-4.3074],[-69.9637,-4.3002],[-69.951,-4.2266],[-69.9433,-4.2161],[-69.9423,-4.2161],[-69.935,-4.216],[-69.7064,-2.9734],[-69.4529,-1.531],[-69.457,-1.493],[-69.4349,-1.4574],[-69.4287,-1.3864],[-69.3995,-1.3703],[-69.4107,-1.2813],[-69.4308,-1.2326],[-69.4128,-1.1573],[-69.3952,-1.1321],[-69.4246,-1.0832],[-69.4279,-1.0725],[-69.4256,-1.0596],[-69.4237,-1.049],[-69.4277,-1.0449],[-69.433,-1.0394],[-69.4428,-1.0361],[-69.4212,-1],[-69.4405,-0.9942],[-69.4471,-0.9968],[-69.4496,-0.9978],[-69.4696,-0.9599],[-69.5231,-0.9293],[-69.5269,-0.9215],[-69.525,-0.9045],[-69.5228,-0.8858],[-69.5277,-0.8779],[-69.5334,-0.8698],[-69.5381,-0.8615],[-69.5411,-0.8612],[-69.5477,-0.8605],[-69.5733,-0.8418],[-69.5627,-0.8118],[-69.6257,-0.7492],[-69.5639,-0.6393],[-69.6045,-0.5995],[-69.5926,-0.5672],[-69.6143,-0.5399],[-69.6142,-0.5056],[-69.7328,-0.4457],[-69.7749,-0.4],[-69.8231,-0.3806],[-69.8351,-0.3613],[-69.8361,-0.3596],[-69.8445,-0.3453],[-69.892,-0.3487],[-69.9228,-0.3311],[-70.0049,-0.2248],[-70.0571,-0.1863],[-70.0413,-0.1237],[-70.0427,0.5594],[-70.0353,0.5618],[-70.026,0.5586],[-70.0248,0.5536],[-70.0224,0.5436],[-70.0152,0.5399],[-70.0036,0.5417],[-69.9947,0.5483],[-69.9907,0.5605],[-69.9905,0.5612],[-69.9979,0.5704],[-69.9857,0.5712],[-69.971,0.5714],[-69.9417,0.5551],[-69.9251,0.5655],[-69.9141,0.5854],[-69.8865,0.5756],[-69.8312,0.5903],[-69.8088,0.573],[-69.7498,0.6223],[-69.7414,0.6168],[-69.7394,0.6155],[-69.7249,0.6174],[-69.7153,0.6447],[-69.6795,0.6709],[-69.6064,0.6299],[-69.5655,0.6844],[-69.5541,0.6829],[-69.5427,0.6815],[-69.5338,0.684],[-69.5271,0.7081],[-69.4808,0.7359],[-69.4372,0.7102],[-69.4368,0.7022],[-69.4364,0.6947],[-69.358,0.6126],[-69.3397,0.6395],[-69.3282,0.635],[-69.3244,0.6334],[-69.3109,0.6381],[-69.3096,0.6396],[-69.3009,0.6495],[-69.287,0.6468],[-69.2974,0.604],[-69.2031,0.6059],[-69.1927,0.652],[-69.1162,0.636],[-69.1144,0.6504],[-69.144,0.703],[-69.1856,0.7336],[-69.1865,0.7498],[-69.1518,0.7658],[-69.1445,0.7835],[-69.1654,0.8523],[-69.1535,0.8547],[-69.1522,0.8545],[-69.1416,0.8528],[-69.1357,0.8641],[-69.1353,0.8776],[-69.1845,0.9032],[-69.1842,0.9159],[-69.189,0.923],[-69.1898,0.9333],[-69.163,0.9464],[-69.22,0.9854],[-69.2117,0.9926],[-69.2032,0.9999],[-69.2053,1.0105],[-69.2648,1.0647],[-69.3057,1.0715],[-69.3073,1.0788],[-69.3075,1.0798],[-69.3212,1.0961],[-69.3787,1.0955],[-69.4159,1.0531],[-69.4252,1.0555],[-69.4346,1.0578],[-69.4473,1.0841],[-69.5657,1.0813],[-69.5867,1.0891],[-69.5924,1.0938],[-69.6064,1.1054],[-69.6841,1.0773],[-69.6978,1.084],[-69.7053,1.0827],[-69.7104,1.1267],[-69.7645,1.1135],[-69.8116,1.0698],[-69.8438,1.0856],[-69.8443,1.5003],[-69.844,1.576],[-69.8415,1.7209],[-69.8211,1.7057],[-69.8043,1.7103],[-69.7945,1.7103],[-69.7855,1.7057],[-69.7844,1.7155],[-69.7823,1.7179],[-69.7771,1.7237],[-69.7275,1.7473],[-69.6359,1.7376],[-69.5517,1.7919],[-69.4872,1.7724],[-69.4867,1.7676],[-69.4861,1.7625],[-69.4255,1.7573],[-69.3925,1.725],[-68.1562,1.7321],[-68.1573,1.7423],[-68.1587,1.7505],[-68.1637,1.7514],[-68.1785,1.7541],[-68.1746,1.7616],[-68.1725,1.765],[-68.1689,1.7711],[-68.1871,1.7851],[-68.236,1.773],[-68.2386,1.779],[-68.2398,1.782],[-68.2443,1.7954],[-68.2329,1.8304],[-68.2435,1.8317],[-68.2454,1.8314],[-68.2663,1.8278],[-68.2426,1.9272],[-68.208,1.962],[-68.1655,1.9852],[-68.1393,1.9855],[-68.0867,1.9018],[-68.0428,1.9001],[-68.0241,1.8859],[-68.0035,1.8607],[-67.9729,1.8332],[-67.9406,1.8312],[-67.906,1.8666],[-67.9074,1.8726],[-67.9093,1.8813],[-67.9102,1.8986],[-67.8589,1.9207],[-67.7683,2.0398],[-67.6868,2.0229],[-67.6191,2.0241],[-67.6064,2.0358],[-67.5974,2.0569],[-67.5849,2.0865],[-67.5782,2.0925],[-67.5715,2.0985],[-67.5574,2.1071],[-67.5393,2.1564],[-67.4475,2.2085],[-67.4301,2.2421],[-67.4069,2.2466],[-67.404,2.2463],[-67.3887,2.2444],[-67.3639,2.2307],[-67.3429,2.2059],[-67.3255,2.0301]]]]},"alpha2":"BR-AM","centroid":{"lat":-3.4168,"lng":-65.8561},"isState":true},{"type":"Feature","properties":{"name":"Amapá","NAME":"Amapá","sigla":"AP","code":"AP","POSTAL":"AP","ISO_A2":"BR-AP","alpha2":"BR-AP","region":"Norte","capital":"Macapá"},"geometry":{"type":"MultiPolygon","coordinates":[[[[-51.1817,4.0089],[-51.1785,3.9451],[-51.1226,3.9107],[-51.094,3.9102],[-51.0824,3.8991],[-51.0807,3.8928],[-51.0751,3.8909],[-51.0904,3.6802],[-51.0705,3.4918],[-51.0901,3.4471],[-51.0881,3.4091],[-51.0872,3.3921],[-51.0216,3.2084],[-51.0353,3.1376],[-51.0274,3.1172],[-51.0067,3.0941],[-51.0144,3.0458],[-50.9885,3.0036],[-50.9808,2.9373],[-50.9439,2.8845],[-50.9418,2.8038],[-50.9015,2.7949],[-50.9027,2.7566],[-50.8814,2.7417],[-50.8817,2.712],[-50.8819,2.6859],[-50.8406,2.639],[-50.8311,2.5332],[-50.8545,2.4911],[-50.8023,2.5085],[-50.7644,2.4481],[-50.764,2.4397],[-50.7635,2.429],[-50.7701,2.4121],[-50.7221,2.2764],[-50.7218,2.2375],[-50.6929,2.2088],[-50.6856,2.1893],[-50.6837,2.1813],[-50.6819,2.1733],[-50.6832,2.1548],[-50.7021,2.1387],[-50.5215,2.2087],[-50.4459,2.1997],[-50.352,2.0871],[-50.3495,2.0775],[-50.3519,2.0729],[-50.3554,2.0658],[-50.3167,2.0081],[-50.2377,1.8036],[-50.1692,1.8146],[-50.0913,1.7917],[-49.9213,1.7043],[-49.9146,1.6958],[-49.9128,1.6878],[-49.9151,1.6819],[-49.9169,1.6774],[-49.9219,1.6746],[-49.914,1.6723],[-49.911,1.6714],[-49.9077,1.6705],[-49.8968,1.6318],[-49.8758,1.4811],[-49.8816,1.391],[-49.9099,1.2968],[-49.8932,1.1933],[-49.9176,1.1374],[-49.9452,1.1083],[-49.9404,0.9938],[-49.9762,0.9589],[-50.0243,0.8693],[-50.0522,0.8507],[-50.0611,0.8258],[-50.0531,0.8066],[-50.0924,0.7825],[-50.0927,0.7793],[-50.0928,0.7687],[-50.0935,0.7024],[-50.157,0.7054],[-50.1976,0.7012],[-50.3142,0.6783],[-50.3468,0.6672],[-50.4094,0.6237],[-50.4361,0.6004],[-50.4519,0.5713],[-50.4668,0.5312],[-50.4758,0.4818],[-50.5557,0.307],[-50.6677,0.1854],[-50.7431,0.1308],[-50.7843,0.1124],[-50.9337,0.07],[-50.9744,0.0421],[-50.9965,0.0038],[-51.0845,-0.0872],[-51.2159,-0.1183],[-51.302,-0.2523],[-51.3272,-0.2684],[-51.3473,-0.2993],[-51.3507,-0.3087],[-51.354,-0.3182],[-51.362,-0.3678],[-51.4033,-0.4144],[-51.4118,-0.4215],[-51.4203,-0.4287],[-51.432,-0.473],[-51.4573,-0.5129],[-51.5951,-0.6501],[-51.665,-0.7616],[-51.6787,-0.7849],[-51.695,-0.921],[-51.6868,-1.0357],[-51.7039,-1.0674],[-51.8086,-1.1568],[-51.8868,-1.1661],[-51.9255,-1.132],[-51.9566,-1.1689],[-51.9651,-1.1255],[-51.9745,-1.1203],[-51.9849,-1.1211],[-51.9875,-1.1673],[-52.0546,-1.1766],[-52.0619,-1.184],[-52.0628,-1.1907],[-52.0558,-1.201],[-52.0471,-1.214],[-52.0466,-1.219],[-52.0542,-1.2339],[-52.07,-1.2357],[-52.0999,-1.2262],[-52.1095,-1.2159],[-52.1103,-1.2043],[-52.1063,-1.1827],[-52.1162,-1.1496],[-52.118,-1.1477],[-52.1198,-1.1459],[-52.1242,-1.1463],[-52.1463,-1.1485],[-52.1562,-1.1391],[-52.1619,-1.1337],[-52.1731,-1.1298],[-52.207,-1.1329],[-52.2217,-1.1342],[-52.3325,-1.1156],[-52.3516,-1.0694],[-52.3546,-1.0658],[-52.3577,-1.0623],[-52.3997,-1.0433],[-52.4109,-1.0484],[-52.4196,-1.0524],[-52.4266,-1.0505],[-52.414,-1.0089],[-52.4177,-0.9987],[-52.4195,-0.9656],[-52.4362,-0.948],[-52.439,-0.935],[-52.4043,-0.9125],[-52.4008,-0.8872],[-52.4018,-0.882],[-52.4027,-0.8768],[-52.455,-0.8299],[-52.5165,-0.8583],[-52.5283,-0.8588],[-52.5382,-0.8545],[-52.5346,-0.8417],[-52.5156,-0.8202],[-52.5094,-0.8131],[-52.5165,-0.8054],[-52.5207,-0.8008],[-52.5223,-0.7914],[-52.4974,-0.7304],[-52.5227,-0.5887],[-52.5287,-0.5813],[-52.5347,-0.5738],[-52.6125,-0.5946],[-52.6287,-0.5935],[-52.6395,-0.5846],[-52.6673,-0.5438],[-52.6694,-0.5379],[-52.6686,-0.5339],[-52.6668,-0.5248],[-52.6766,-0.5189],[-52.6814,-0.5162],[-52.695,-0.4961],[-52.6928,-0.4865],[-52.6905,-0.4768],[-52.7022,-0.4589],[-52.6787,-0.4233],[-52.6981,-0.3868],[-52.6968,-0.3793],[-52.6955,-0.3717],[-52.6814,-0.3396],[-52.6837,-0.314],[-52.6896,-0.3026],[-52.7397,-0.2763],[-52.7468,-0.2691],[-52.754,-0.2619],[-52.76,-0.2372],[-52.8356,-0.1858],[-52.8443,-0.1594],[-52.8477,-0.1546],[-52.8511,-0.1498],[-52.8763,-0.1424],[-52.8897,-0.15],[-52.8971,-0.1541],[-52.9035,-0.1546],[-52.9283,-0.1453],[-52.9308,-0.1422],[-52.9332,-0.1392],[-52.9705,-0.0428],[-52.9763,-0.0073],[-52.9768,0.0241],[-53.0145,0.06],[-53.0137,0.0677],[-53.0107,0.0954],[-53.0245,0.1028],[-53.0288,0.105],[-53.0516,0.1577],[-53.0938,0.1956],[-53.1059,0.2321],[-53.0936,0.2593],[-53.1115,0.2869],[-53.1339,0.3005],[-53.1349,0.3134],[-53.136,0.3264],[-53.1748,0.382],[-53.1602,0.4023],[-53.1592,0.4084],[-53.1588,0.4206],[-53.1673,0.446],[-53.1547,0.4805],[-53.1591,0.4885],[-53.1608,0.4895],[-53.1693,0.4941],[-53.1479,0.542],[-53.153,0.5768],[-53.1058,0.6843],[-53.1434,0.6966],[-53.1898,0.7687],[-53.411,0.9297],[-53.4103,0.9824],[-53.417,0.9896],[-53.4183,0.99],[-53.4263,0.9927],[-53.4295,1.0201],[-53.4258,1.024],[-53.4209,1.0293],[-53.4218,1.0341],[-53.4553,1.0777],[-53.4554,1.1107],[-53.4591,1.1278],[-53.4568,1.1386],[-53.4439,1.1516],[-53.4116,1.148],[-53.4039,1.1515],[-53.3994,1.1587],[-53.3956,1.1796],[-53.4025,1.1942],[-53.4111,1.1995],[-53.417,1.2031],[-53.4248,1.2218],[-53.4251,1.2261],[-53.426,1.243],[-53.4383,1.2324],[-53.4733,1.2396],[-53.5247,1.212],[-53.5355,1.2126],[-53.5448,1.2219],[-53.5458,1.2288],[-53.5326,1.2429],[-53.5301,1.2456],[-53.5228,1.2617],[-53.5562,1.2851],[-53.5622,1.3069],[-53.5329,1.3227],[-53.5381,1.3412],[-53.548,1.3488],[-53.5634,1.35],[-53.5641,1.3454],[-53.565,1.3401],[-53.5702,1.3376],[-53.5947,1.3585],[-53.6328,1.3477],[-53.6414,1.3353],[-53.6505,1.3365],[-53.6626,1.3498],[-53.6527,1.3552],[-53.6486,1.3574],[-53.643,1.3642],[-53.6498,1.4086],[-53.6573,1.4043],[-53.6621,1.388],[-53.6665,1.3734],[-53.711,1.3843],[-53.7116,1.3883],[-53.713,1.3967],[-53.6953,1.4185],[-53.6963,1.4232],[-53.7167,1.4321],[-53.7236,1.4285],[-53.7155,1.4182],[-53.7149,1.4057],[-53.7309,1.3961],[-53.7312,1.3928],[-53.7318,1.3866],[-53.7546,1.3949],[-53.7561,1.3976],[-53.762,1.4087],[-53.766,1.3997],[-53.7676,1.3962],[-53.7741,1.3972],[-53.8035,1.4238],[-53.8152,1.4222],[-53.8223,1.4141],[-53.8079,1.3919],[-53.8231,1.3899],[-53.8303,1.3942],[-53.8499,1.3922],[-53.8438,1.4066],[-53.8823,1.4011],[-53.8873,1.4081],[-53.8839,1.4165],[-53.8763,1.4358],[-53.8802,1.4405],[-53.8928,1.4437],[-53.8955,1.4554],[-53.917,1.4572],[-53.9206,1.4468],[-53.922,1.4426],[-53.9354,1.4365],[-53.9283,1.4695],[-53.9353,1.4674],[-53.943,1.4716],[-53.9536,1.4683],[-53.9554,1.4802],[-53.9666,1.4847],[-53.9707,1.4792],[-53.9756,1.4726],[-53.9857,1.4794],[-53.997,1.4761],[-54.0086,1.52],[-54.0198,1.5161],[-54.0271,1.5171],[-54.0207,1.5071],[-54.0218,1.505],[-54.0241,1.5002],[-54.0687,1.5013],[-54.079,1.4952],[-54.0775,1.486],[-54.086,1.4886],[-54.0841,1.5266],[-54.117,1.5585],[-54.1015,1.5909],[-54.1106,1.5883],[-54.1157,1.5839],[-54.1181,1.5818],[-54.1223,1.5912],[-54.1279,1.5916],[-54.1226,1.6077],[-54.1432,1.6409],[-54.1817,1.6584],[-54.1906,1.6252],[-54.2297,1.6763],[-54.2632,1.6805],[-54.2663,1.7084],[-54.2919,1.7091],[-54.2844,1.715],[-54.2825,1.7166],[-54.2812,1.7242],[-54.3093,1.7297],[-54.3088,1.7414],[-54.3442,1.7409],[-54.3772,1.764],[-54.3821,1.7547],[-54.387,1.7455],[-54.4242,1.7608],[-54.5081,1.7486],[-54.5704,1.7848],[-54.6707,1.766],[-54.7443,1.7761],[-54.746,1.7868],[-54.7522,1.791],[-54.7539,1.7981],[-54.7335,1.8323],[-54.7527,1.8513],[-54.7711,1.9408],[-54.7533,1.9675],[-54.8033,2.0261],[-54.8123,2.0631],[-54.8058,2.1392],[-54.7674,2.1812],[-54.769,2.1879],[-54.7624,2.1927],[-54.7626,2.2026],[-54.8109,2.2667],[-54.7938,2.313],[-54.8046,2.3295],[-54.8058,2.3358],[-54.8071,2.342],[-54.8758,2.427],[-54.8755,2.4274],[-54.8717,2.4341],[-54.7968,2.4395],[-54.7435,2.4719],[-54.6844,2.4472],[-54.6915,2.3618],[-54.6617,2.3274],[-54.6011,2.3375],[-54.436,2.2103],[-54.43,2.2096],[-54.1885,2.1792],[-53.9743,2.2328],[-53.9418,2.2428],[-53.9348,2.2974],[-53.9072,2.2744],[-53.8887,2.2866],[-53.8838,2.3161],[-53.859,2.3204],[-53.8418,2.3083],[-53.8164,2.3176],[-53.8341,2.3429],[-53.814,2.3428],[-53.8114,2.3565],[-53.7667,2.3793],[-53.7386,2.373],[-53.7515,2.3634],[-53.7233,2.3538],[-53.7482,2.3132],[-53.6978,2.311],[-53.6848,2.2971],[-53.6528,2.3028],[-53.6483,2.2837],[-53.6003,2.2868],[-53.5836,2.2694],[-53.5401,2.2576],[-53.5197,2.2669],[-53.4581,2.2615],[-53.4687,2.2881],[-53.4416,2.2816],[-53.4045,2.2979],[-53.3671,2.3211],[-53.3594,2.3497],[-53.3376,2.354],[-53.3164,2.3402],[-53.3085,2.3173],[-53.2611,2.2902],[-53.2615,2.2773],[-53.2311,2.269],[-53.2594,2.2519],[-53.2668,2.2241],[-53.2791,2.2237],[-53.2864,2.197],[-53.2669,2.1691],[-53.2638,2.1718],[-53.2722,2.1915],[-53.2426,2.2091],[-53.2148,2.1943],[-53.0984,2.2161],[-53.0835,2.2143],[-53.0785,2.2122],[-53.0398,2.1739],[-52.984,2.1576],[-52.9436,2.1692],[-52.9361,2.1923],[-52.9049,2.1873],[-52.8859,2.2352],[-52.8534,2.2597],[-52.8557,2.2752],[-52.7241,2.3334],[-52.672,2.3737],[-52.6405,2.4375],[-52.6054,2.4539],[-52.6112,2.4757],[-52.5877,2.4751],[-52.5845,2.4941],[-52.5541,2.5167],[-52.5629,2.5451],[-52.527,2.5773],[-52.5523,2.607],[-52.5459,2.6206],[-52.5498,2.6249],[-52.5561,2.632],[-52.5571,2.6361],[-52.5297,2.6567],[-52.4265,2.8868],[-52.3962,2.8936],[-52.392,2.8997],[-52.3825,2.911],[-52.4008,2.9248],[-52.3284,3.0806],[-52.3465,3.1008],[-52.3408,3.1245],[-52.3526,3.1293],[-52.3386,3.1402],[-52.3326,3.1727],[-52.3071,3.1763],[-52.3098,3.2048],[-52.2914,3.2335],[-52.2626,3.2562],[-52.2366,3.2447],[-52.1916,3.3018],[-52.0935,3.4898],[-51.9957,3.6268],[-51.9712,3.7195],[-51.9251,3.7355],[-51.9237,3.7839],[-51.8754,3.808],[-51.8018,3.8817],[-51.7557,3.9878],[-51.7086,4.0015],[-51.6459,4.045],[-51.5949,4.1918],[-51.5963,4.2155],[-51.5967,4.2217],[-51.5972,4.2302],[-51.549,4.4248],[-51.5136,4.437],[-51.5094,4.4338],[-51.5002,4.4267],[-51.49,4.4233],[-51.3456,4.2956],[-51.2515,4.1917],[-51.2098,4.1235],[-51.1817,4.0089]]]]},"alpha2":"BR-AP","centroid":{"lat":0.902,"lng":-52.003},"isState":true},{"type":"Feature","properties":{"name":"Bahia","NAME":"Bahia","sigla":"BA","code":"BA","POSTAL":"BA","ISO_A2":"BR-BA","alpha2":"BR-BA","region":"Nordeste","capital":"Salvador"},"geometry":{"type":"MultiPolygon","coordinates":[[[[-39.2882,-8.5629],[-39.2465,-8.6273],[-39.2334,-8.7054],[-39.2004,-8.7106],[-39.1851,-8.7057],[-39.1765,-8.703],[-39.1687,-8.6918],[-39.1571,-8.7042],[-39.1541,-8.7074],[-39.151,-8.7088],[-39.0638,-8.7293],[-39.0321,-8.7369],[-38.953,-8.8031],[-38.8677,-8.7835],[-38.7984,-8.7924],[-38.7062,-8.8619],[-38.6975,-8.8853],[-38.6932,-8.9183],[-38.6918,-8.9374],[-38.6889,-8.944],[-38.6861,-8.9506],[-38.6706,-8.9745],[-38.6403,-8.9869],[-38.6303,-8.9848],[-38.6235,-8.9793],[-38.6088,-8.9524],[-38.6072,-8.8929],[-38.6053,-8.8865],[-38.6034,-8.8802],[-38.5708,-8.8312],[-38.561,-8.8267],[-38.5511,-8.8223],[-38.5086,-8.8322],[-38.4794,-8.8497],[-38.4745,-8.8574],[-38.4696,-8.8651],[-38.4729,-8.8891],[-38.476,-8.8953],[-38.4791,-8.9015],[-38.5191,-8.9479],[-38.5135,-8.9595],[-38.5031,-8.981],[-38.483,-9.0011],[-38.4081,-9.0381],[-38.3855,-9.0244],[-38.353,-8.9955],[-38.34,-8.9901],[-38.3202,-8.9907],[-38.3166,-9.0008],[-38.296,-9.0225],[-38.2893,-9.038],[-38.2897,-9.0469],[-38.3255,-9.0776],[-38.3199,-9.0909],[-38.3184,-9.0914],[-38.3042,-9.0964],[-38.321,-9.1166],[-38.3183,-9.1406],[-38.3112,-9.1475],[-38.2872,-9.1735],[-38.2798,-9.2061],[-38.2835,-9.2114],[-38.2871,-9.2167],[-38.2501,-9.2901],[-38.2371,-9.3293],[-38.1941,-9.3851],[-38.2029,-9.4182],[-38.1546,-9.443],[-38.0786,-9.4405],[-37.9985,-9.4973],[-38.0215,-9.5406],[-38.0186,-9.5634],[-38.04,-9.5727],[-38.0381,-9.578],[-38.0367,-9.5821],[-38.0401,-9.6021],[-37.9875,-9.647],[-37.9916,-9.6563],[-37.9967,-9.65],[-38.0066,-9.6513],[-38.0246,-9.6825],[-38.0328,-9.6845],[-38.0395,-9.6862],[-38.0416,-9.6907],[-38.0422,-9.7156],[-38.0375,-9.749],[-38.0278,-9.7757],[-37.9663,-9.8156],[-37.9973,-9.9163],[-37.9597,-9.9699],[-37.9511,-9.9708],[-37.9364,-9.9657],[-37.927,-9.9652],[-37.8314,-10.0005],[-37.8206,-10.0569],[-37.7979,-10.1086],[-37.7775,-10.1343],[-37.7764,-10.1357],[-37.7825,-10.1802],[-37.7798,-10.1874],[-37.7701,-10.193],[-37.7653,-10.1958],[-37.7424,-10.3103],[-37.7411,-10.3172],[-37.7362,-10.3316],[-37.8386,-10.3787],[-37.837,-10.4005],[-37.8444,-10.4031],[-37.853,-10.4061],[-37.8587,-10.426],[-37.8126,-10.5081],[-37.8167,-10.5179],[-37.8219,-10.5305],[-37.8196,-10.5389],[-37.8402,-10.5491],[-37.8255,-10.5799],[-37.83,-10.5843],[-37.8135,-10.6906],[-37.9995,-10.7639],[-38.0188,-10.7635],[-38.0229,-10.7626],[-38.0284,-10.7377],[-38.0431,-10.7186],[-38.0523,-10.7097],[-38.0579,-10.7081],[-38.0924,-10.7019],[-38.1251,-10.7184],[-38.1793,-10.7021],[-38.2115,-10.7087],[-38.2126,-10.7586],[-38.2453,-10.8223],[-38.2408,-10.8262],[-38.2394,-10.8274],[-38.2318,-10.8472],[-38.2388,-10.8516],[-38.2391,-10.8519],[-38.2412,-10.8628],[-38.2291,-10.9155],[-38.184,-10.9419],[-38.1823,-10.947],[-38.1884,-10.9641],[-38.1756,-10.9849],[-38.138,-11.0124],[-38.1302,-11.014],[-38.1289,-11.0108],[-38.1261,-11.0042],[-38.1112,-11.0095],[-38.1061,-11.0154],[-38.1053,-11.0397],[-38.0786,-11.074],[-38.0953,-11.1026],[-38.086,-11.1155],[-38.0839,-11.1162],[-38.0701,-11.1206],[-38.0626,-11.1634],[-38.0027,-11.1953],[-37.974,-11.1948],[-37.9932,-11.2402],[-37.986,-11.2694],[-38.003,-11.2891],[-37.9876,-11.3313],[-37.9994,-11.3401],[-37.9692,-11.3735],[-37.9775,-11.3931],[-37.9524,-11.3955],[-37.9435,-11.4232],[-37.9288,-11.403],[-37.9155,-11.404],[-37.9102,-11.4104],[-37.9047,-11.4109],[-37.8985,-11.4365],[-37.8655,-11.428],[-37.8751,-11.4287],[-37.8767,-11.4299],[-37.8803,-11.433],[-37.8487,-11.4447],[-37.8628,-11.4648],[-37.8087,-11.4964],[-37.8184,-11.5034],[-37.8133,-11.5139],[-37.73,-11.5377],[-37.7291,-11.5418],[-37.7267,-11.5524],[-37.703,-11.5402],[-37.6882,-11.5658],[-37.6835,-11.5617],[-37.6744,-11.5672],[-37.6699,-11.5636],[-37.6506,-11.5183],[-37.6316,-11.518],[-37.6027,-11.5398],[-37.601,-11.5384],[-37.5884,-11.5282],[-37.5782,-11.551],[-37.5721,-11.548],[-37.5746,-11.5437],[-37.5699,-11.5402],[-37.5621,-11.5425],[-37.5558,-11.5514],[-37.5526,-11.5469],[-37.5175,-11.5476],[-37.5051,-11.5254],[-37.4439,-11.5161],[-37.3425,-11.4434],[-37.4119,-11.543],[-37.5147,-11.7416],[-37.622,-11.995],[-37.7804,-12.2499],[-37.9438,-12.4716],[-38.0036,-12.5769],[-38.0326,-12.5948],[-38.0491,-12.6345],[-38.3475,-12.9505],[-38.3953,-12.9568],[-38.4569,-13.0043],[-38.4887,-13.0141],[-38.5828,-12.9993],[-38.5593,-12.9538],[-38.5582,-12.9322],[-38.5618,-12.9195],[-38.6159,-12.9308],[-38.6121,-12.9408],[-38.6055,-12.9586],[-38.6549,-13.029],[-38.714,-13.0598],[-38.7631,-13.1178],[-38.9321,-13.2174],[-38.9646,-13.2832],[-38.9607,-13.367],[-38.9488,-13.3857],[-38.9465,-13.3892],[-38.9427,-13.3951],[-38.9174,-13.3721],[-38.914,-13.3755],[-38.909,-13.3802],[-38.9058,-13.3775],[-38.9047,-13.426],[-38.888,-13.4478],[-38.9037,-13.4769],[-38.9045,-13.4767],[-38.9099,-13.4754],[-38.9158,-13.4739],[-38.918,-13.484],[-38.9044,-13.4872],[-38.9266,-13.51],[-38.9349,-13.5593],[-38.902,-13.598],[-38.9055,-13.6212],[-38.889,-13.6204],[-38.8882,-13.643],[-38.9136,-13.6733],[-38.9366,-13.6551],[-38.9664,-13.6702],[-38.9975,-13.7441],[-38.9997,-13.7831],[-38.984,-13.8243],[-38.9362,-13.8847],[-38.9276,-13.9389],[-38.9891,-14.1873],[-38.9969,-14.2561],[-38.982,-14.2957],[-39.0062,-14.3404],[-39.0047,-14.3491],[-39.0031,-14.3576],[-39.0015,-14.3659],[-39.0646,-14.6366],[-39.0652,-14.7051],[-39.0531,-14.7778],[-39.0319,-14.7848],[-39.0335,-14.8111],[-39.0319,-14.8093],[-39.0277,-14.8046],[-39.0244,-14.8057],[-39.0198,-14.9201],[-38.9978,-14.9936],[-38.9931,-15.2957],[-38.9422,-15.5278],[-38.9365,-15.6564],[-38.8563,-15.8601],[-38.9531,-16.098],[-38.9486,-16.1558],[-38.9752,-16.2121],[-39.0172,-16.2523],[-39.0221,-16.3026],[-39.0207,-16.3165],[-39.0202,-16.3225],[-39.0169,-16.3259],[-39.0134,-16.3292],[-39.005,-16.332],[-39.0082,-16.375],[-39.0387,-16.3939],[-39.0426,-16.4005],[-39.0465,-16.4071],[-39.0582,-16.4271],[-39.1072,-16.7094],[-39.141,-16.7567],[-39.1419,-16.8654],[-39.1115,-16.8952],[-39.1522,-16.9418],[-39.173,-17.014],[-39.1733,-17.0521],[-39.1687,-17.0584],[-39.1655,-17.0623],[-39.1726,-17.0644],[-39.175,-17.0651],[-39.1758,-17.0653],[-39.1806,-17.1085],[-39.2126,-17.1682],[-39.2212,-17.2852],[-39.1909,-17.4465],[-39.1944,-17.579],[-39.1936,-17.5822],[-39.1844,-17.6137],[-39.1832,-17.618],[-39.1354,-17.6877],[-39.2599,-17.8302],[-39.2708,-17.8711],[-39.3554,-17.8984],[-39.4427,-17.9444],[-39.4539,-17.9551],[-39.4705,-17.971],[-39.4923,-17.9975],[-39.5494,-18.0952],[-39.5517,-18.0908],[-39.5524,-18.0894],[-39.5546,-18.0849],[-39.5591,-18.0863],[-39.5672,-18.09],[-39.5608,-18.0898],[-39.5652,-18.0943],[-39.5631,-18.1079],[-39.5594,-18.106],[-39.5589,-18.1057],[-39.5537,-18.1025],[-39.6356,-18.2344],[-39.6702,-18.3487],[-39.6665,-18.3319],[-39.6738,-18.3243],[-40.222,-17.9799],[-40.2264,-17.9578],[-40.2341,-17.9549],[-40.2418,-17.9521],[-40.2617,-17.9355],[-40.264,-17.9314],[-40.2631,-17.9215],[-40.2497,-17.9145],[-40.233,-17.9058],[-40.2123,-17.895],[-40.1773,-17.8551],[-40.176,-17.8537],[-40.1747,-17.8522],[-40.186,-17.832],[-40.1933,-17.8287],[-40.1955,-17.8277],[-40.2037,-17.8284],[-40.2016,-17.817],[-40.2014,-17.8156],[-40.2041,-17.8048],[-40.2177,-17.7952],[-40.2133,-17.7532],[-40.2235,-17.7336],[-40.28,-17.7223],[-40.2986,-17.6745],[-40.3224,-17.6608],[-40.3255,-17.6521],[-40.324,-17.6489],[-40.3218,-17.644],[-40.3271,-17.6378],[-40.3337,-17.6317],[-40.3473,-17.6142],[-40.3482,-17.6303],[-40.3487,-17.6315],[-40.3543,-17.6438],[-40.361,-17.6362],[-40.37,-17.6156],[-40.3716,-17.612],[-40.3964,-17.6251],[-40.4141,-17.6096],[-40.4103,-17.5677],[-40.4317,-17.5671],[-40.4395,-17.5738],[-40.4443,-17.5779],[-40.4603,-17.5682],[-40.4879,-17.524],[-40.4826,-17.488],[-40.5203,-17.4469],[-40.5754,-17.4142],[-40.5783,-17.4136],[-40.5824,-17.4151],[-40.5957,-17.4201],[-40.6075,-17.4176],[-40.6231,-17.4055],[-40.6104,-17.3972],[-40.5993,-17.3899],[-40.6046,-17.3586],[-40.6026,-17.3564],[-40.5923,-17.345],[-40.5987,-17.342],[-40.6023,-17.3403],[-40.6086,-17.3265],[-40.5474,-17.2832],[-40.5708,-17.2517],[-40.552,-17.1987],[-40.5535,-17.1886],[-40.5656,-17.1835],[-40.5742,-17.1799],[-40.5783,-17.1483],[-40.5564,-17.0891],[-40.5696,-17.0614],[-40.5451,-16.9838],[-40.5398,-16.9821],[-40.5346,-16.9803],[-40.5159,-16.9629],[-40.4908,-16.884],[-40.4796,-16.8764],[-40.4595,-16.8782],[-40.4562,-16.8799],[-40.4537,-16.8811],[-40.4479,-16.8917],[-40.4072,-16.8982],[-40.3661,-16.8737],[-40.3267,-16.9089],[-40.3024,-16.8918],[-40.2998,-16.8952],[-40.2937,-16.9034],[-40.2812,-16.9007],[-40.2656,-16.8598],[-40.2607,-16.8597],[-40.2517,-16.8596],[-40.2514,-16.8486],[-40.2465,-16.8453],[-40.2574,-16.8061],[-40.2697,-16.7949],[-40.3232,-16.8008],[-40.3451,-16.7868],[-40.3098,-16.7357],[-40.302,-16.7077],[-40.3123,-16.6783],[-40.2751,-16.5736],[-40.2466,-16.5731],[-40.2341,-16.5583],[-40.1595,-16.5798],[-40.1708,-16.5237],[-40.1154,-16.465],[-40.0976,-16.4222],[-40.0836,-16.4635],[-40.0679,-16.4579],[-40.0244,-16.3564],[-39.9904,-16.313],[-39.9781,-16.3107],[-39.9683,-16.3266],[-39.9601,-16.3214],[-39.9527,-16.2997],[-39.9519,-16.2974],[-39.9163,-16.2834],[-39.9355,-16.2445],[-39.9118,-16.2159],[-39.9122,-16.2099],[-39.883,-16.1942],[-39.8825,-16.1633],[-39.8966,-16.1411],[-39.89,-16.1379],[-39.8823,-16.1439],[-39.8564,-16.1134],[-39.8827,-16.067],[-39.9353,-16.0233],[-39.9157,-16.0001],[-39.9537,-15.9912],[-39.9627,-15.9972],[-39.9631,-16.0007],[-39.9636,-16.0049],[-40.004,-16.0014],[-40.0454,-15.9619],[-40.0526,-15.9627],[-40.0608,-15.9635],[-40.0658,-15.9597],[-40.0657,-15.9393],[-40.068,-15.9384],[-40.0703,-15.9375],[-40.0784,-15.9405],[-40.0657,-15.9094],[-40.0805,-15.9236],[-40.0846,-15.8967],[-40.0948,-15.8993],[-40.0962,-15.9069],[-40.105,-15.9116],[-40.1402,-15.8984],[-40.1703,-15.9071],[-40.1657,-15.8679],[-40.1997,-15.862],[-40.2305,-15.8033],[-40.3363,-15.8234],[-40.3711,-15.8139],[-40.3729,-15.817],[-40.3765,-15.8231],[-40.4246,-15.8052],[-40.4321,-15.7782],[-40.4602,-15.7533],[-40.4673,-15.7604],[-40.4815,-15.7746],[-40.5083,-15.7675],[-40.5187,-15.7804],[-40.5184,-15.786],[-40.5179,-15.797],[-40.5617,-15.8028],[-40.5727,-15.7876],[-40.571,-15.7839],[-40.567,-15.7755],[-40.581,-15.7728],[-40.5927,-15.7705],[-40.6062,-15.7363],[-40.6095,-15.7356],[-40.6138,-15.7346],[-40.629,-15.7152],[-40.6446,-15.7284],[-40.699,-15.6682],[-40.7068,-15.6659],[-40.72,-15.6725],[-40.7318,-15.6744],[-40.7431,-15.6843],[-40.7382,-15.7004],[-40.7486,-15.7066],[-40.7625,-15.7122],[-40.7673,-15.7136],[-40.7695,-15.7118],[-40.7797,-15.7035],[-40.7855,-15.6918],[-40.7818,-15.6837],[-40.7799,-15.6797],[-40.7856,-15.6738],[-40.7913,-15.668],[-40.8152,-15.648],[-40.8289,-15.6478],[-40.8416,-15.6828],[-40.8484,-15.6808],[-40.8551,-15.6867],[-40.8812,-15.694],[-40.9022,-15.6914],[-40.908,-15.676],[-40.9139,-15.6606],[-40.9619,-15.6484],[-40.973,-15.6659],[-40.9772,-15.6829],[-40.9792,-15.6912],[-41.0039,-15.7116],[-41.053,-15.7246],[-41.0606,-15.7228],[-41.0772,-15.7188],[-41.0848,-15.7285],[-41.0925,-15.7382],[-41.1282,-15.7463],[-41.1288,-15.7478],[-41.1352,-15.7657],[-41.1438,-15.7714],[-41.2149,-15.7368],[-41.2682,-15.7482],[-41.2803,-15.7411],[-41.2816,-15.7403],[-41.2926,-15.7385],[-41.3308,-15.7442],[-41.356,-15.4998],[-41.8003,-15.1006],[-41.8706,-15.1161],[-41.8763,-15.1302],[-41.8783,-15.1352],[-41.9326,-15.1729],[-41.9966,-15.1589],[-42.0912,-15.1862],[-42.1729,-15.0855],[-42.1922,-15.1027],[-42.227,-15.0988],[-42.2468,-15.1088],[-42.2491,-15.1108],[-42.2644,-15.1247],[-42.3308,-15.0795],[-42.3364,-15.08],[-42.3545,-15.0977],[-42.3757,-15.0708],[-42.3859,-15.0742],[-42.3961,-15.0775],[-42.4425,-15.0602],[-42.4419,-15.035],[-42.4392,-15.0286],[-42.4364,-15.0223],[-42.4755,-15.0166],[-42.5345,-14.9661],[-42.5539,-14.9588],[-42.5571,-14.9603],[-42.5603,-14.9618],[-42.5867,-14.9299],[-42.6021,-14.9242],[-42.608,-14.9312],[-42.613,-14.9373],[-42.6249,-14.944],[-42.6593,-14.91],[-42.6924,-14.902],[-42.7052,-14.882],[-42.723,-14.8852],[-42.7547,-14.846],[-42.7906,-14.8389],[-42.8721,-14.7645],[-42.9055,-14.7606],[-42.9088,-14.7518],[-42.9118,-14.744],[-42.9266,-14.7437],[-42.9385,-14.7076],[-43.0105,-14.7012],[-43.066,-14.6801],[-43.0834,-14.6975],[-43.0911,-14.6829],[-43.0941,-14.6806],[-43.1021,-14.6746],[-43.1759,-14.6501],[-43.1785,-14.657],[-43.1796,-14.6599],[-43.188,-14.6548],[-43.1965,-14.6496],[-43.2879,-14.6757],[-43.2977,-14.6756],[-43.2991,-14.675],[-43.3108,-14.6693],[-43.3461,-14.6956],[-43.4345,-14.7226],[-43.4609,-14.7458],[-43.459,-14.7501],[-43.4558,-14.7573],[-43.4624,-14.7654],[-43.4667,-14.7642],[-43.4749,-14.7617],[-43.4808,-14.7674],[-43.4741,-14.7895],[-43.5108,-14.7961],[-43.5106,-14.7976],[-43.5093,-14.8072],[-43.531,-14.8148],[-43.5368,-14.7831],[-43.5802,-14.7504],[-43.6146,-14.7594],[-43.6869,-14.7214],[-43.703,-14.7249],[-43.7093,-14.7299],[-43.7195,-14.7291],[-43.7192,-14.7205],[-43.7118,-14.7145],[-43.7258,-14.6977],[-43.8588,-14.6738],[-43.8831,-14.6528],[-43.8697,-14.6124],[-43.8861,-14.5832],[-43.8735,-14.5201],[-43.819,-14.3889],[-43.8042,-14.372],[-43.7828,-14.3388],[-43.8219,-14.3226],[-43.8214,-14.3207],[-43.8192,-14.3121],[-43.8468,-14.3213],[-43.8523,-14.3075],[-43.8805,-14.3114],[-43.8917,-14.2953],[-43.9417,-14.3046],[-43.9444,-14.295],[-43.9459,-14.2895],[-43.9505,-14.2895],[-43.9521,-14.2925],[-43.9557,-14.2993],[-43.986,-14.2671],[-44.0057,-14.2669],[-44.0341,-14.2884],[-44.057,-14.2772],[-44.073,-14.2852],[-44.074,-14.2702],[-44.0879,-14.2776],[-44.0871,-14.2719],[-44.0865,-14.268],[-44.0904,-14.271],[-44.0932,-14.2732],[-44.099,-14.273],[-44.1122,-14.2583],[-44.1232,-14.2735],[-44.1239,-14.2745],[-44.1352,-14.2817],[-44.1369,-14.2637],[-44.1725,-14.2661],[-44.1761,-14.2631],[-44.1825,-14.2578],[-44.2009,-14.254],[-44.2147,-14.2329],[-44.2176,-14.2445],[-44.2402,-14.2403],[-44.2471,-14.2597],[-44.254,-14.2516],[-44.2556,-14.251],[-44.2682,-14.2461],[-44.3019,-14.2528],[-44.3093,-14.2461],[-44.3161,-14.2399],[-44.3612,-14.2724],[-44.4302,-14.2893],[-44.4868,-14.3281],[-44.5104,-14.3222],[-44.5447,-14.3426],[-44.5651,-14.3396],[-44.6252,-14.3757],[-44.6279,-14.3818],[-44.6332,-14.3939],[-44.6585,-14.3953],[-44.6676,-14.4234],[-44.6879,-14.4162],[-44.7009,-14.4493],[-44.7234,-14.4486],[-44.7939,-14.4961],[-44.8031,-14.4961],[-44.8044,-14.4961],[-44.8178,-14.4898],[-44.8099,-14.499],[-44.8107,-14.5003],[-44.8134,-14.5042],[-44.8165,-14.5034],[-44.8328,-14.4994],[-44.8342,-14.507],[-44.8256,-14.5127],[-44.8227,-14.5147],[-44.8281,-14.5183],[-44.8305,-14.5199],[-44.8359,-14.518],[-44.8316,-14.5262],[-44.8314,-14.5267],[-44.8345,-14.5355],[-44.826,-14.5337],[-44.8239,-14.5389],[-44.8467,-14.545],[-44.8584,-14.5711],[-44.8435,-14.5659],[-44.843,-14.5804],[-44.9098,-14.6031],[-44.9163,-14.6192],[-44.9802,-14.6431],[-44.9758,-14.6487],[-44.9735,-14.6517],[-44.9855,-14.6617],[-45.0391,-14.6798],[-45.0831,-14.7486],[-45.1632,-14.7319],[-45.1909,-14.7493],[-45.1932,-14.7484],[-45.2052,-14.7443],[-45.2415,-14.7861],[-45.2708,-14.7984],[-45.2883,-14.8177],[-45.2853,-14.832],[-45.3167,-14.8316],[-45.3176,-14.8521],[-45.3524,-14.8637],[-45.3495,-14.8676],[-45.3501,-14.8699],[-45.3515,-14.8756],[-45.3551,-14.8771],[-45.3574,-14.8755],[-45.3635,-14.8712],[-45.3717,-14.8805],[-45.3711,-14.8862],[-45.3703,-14.8937],[-45.3807,-14.8974],[-45.3994,-14.917],[-45.4345,-14.9221],[-45.4547,-14.9533],[-45.4696,-14.9497],[-45.4896,-14.9603],[-45.4947,-14.9516],[-45.4981,-14.9459],[-45.5657,-14.9444],[-45.6157,-15.0133],[-45.6549,-15.0258],[-45.6743,-15.08],[-45.7166,-15.0934],[-45.7214,-15.1116],[-45.7388,-15.1168],[-45.7397,-15.1171],[-45.7512,-15.1218],[-45.825,-15.1159],[-45.8346,-15.1369],[-45.8726,-15.1574],[-45.918,-15.1331],[-45.9533,-15.1391],[-45.9627,-15.1467],[-45.972,-15.1543],[-45.9841,-15.1955],[-46.0276,-15.2009],[-46.0522,-15.2587],[-46.0767,-15.2642],[-46.1188,-15.1918],[-46.0494,-15.1659],[-46.0433,-15.1177],[-46.037,-15.116],[-46.028,-15.1137],[-46.018,-15.0808],[-45.9751,-15.0385],[-45.9745,-15.0071],[-45.9781,-14.9982],[-45.9738,-14.9951],[-45.9693,-14.9919],[-45.9657,-14.9652],[-46.0068,-14.9248],[-46.0049,-14.9117],[-46.0034,-14.9018],[-46.0209,-14.8833],[-46.0334,-14.8794],[-46.037,-14.8736],[-46.0325,-14.8571],[-46.0441,-14.8419],[-46.0524,-14.8309],[-46.0451,-14.8264],[-46.0378,-14.8218],[-46.0229,-14.8176],[-46.0201,-14.81],[-46.0076,-14.7928],[-46.0117,-14.7331],[-46.0079,-14.7314],[-46.0065,-14.7308],[-46.0019,-14.7128],[-46.0282,-14.6815],[-46.0242,-14.6647],[-45.9893,-14.6587],[-45.9886,-14.6453],[-45.9948,-14.6388],[-45.9844,-14.6204],[-45.9914,-14.6121],[-46.0006,-14.6012],[-45.9889,-14.5887],[-45.9889,-14.5887],[-45.9849,-14.5731],[-45.9949,-14.5423],[-45.9904,-14.5433],[-45.9793,-14.5457],[-45.9767,-14.5384],[-46.0038,-14.5154],[-45.9932,-14.4949],[-46.016,-14.469],[-46.0004,-14.4341],[-46.0065,-14.4282],[-46.0164,-14.4189],[-46.008,-14.407],[-46.0014,-14.422],[-45.9984,-14.4289],[-45.9746,-14.4314],[-45.9349,-14.4149],[-45.9069,-14.3529],[-45.9425,-14.3423],[-45.9628,-14.2855],[-45.9949,-14.2785],[-45.993,-14.27],[-45.9914,-14.2624],[-45.9956,-14.2568],[-46.007,-14.2556],[-46.016,-14.2585],[-46.0205,-14.26],[-46.0606,-14.2321],[-46.0572,-14.2209],[-46.0522,-14.2044],[-46.0631,-14.1931],[-46.0766,-14.1951],[-46.091,-14.2052],[-46.0958,-14.205],[-46.1012,-14.1923],[-46.1068,-14.1902],[-46.1156,-14.1868],[-46.1141,-14.1762],[-46.1136,-14.173],[-46.1177,-14.1599],[-46.1852,-14.1514],[-46.2018,-14.1192],[-46.2654,-14.0975],[-46.2416,-14.0923],[-46.2248,-14.0692],[-46.248,-14.0561],[-46.2096,-14.0124],[-46.2208,-13.9724],[-46.2502,-13.9542],[-46.2677,-13.9433],[-46.2648,-13.9355],[-46.2618,-13.9277],[-46.2617,-13.9022],[-46.2341,-13.8485],[-46.2345,-13.8461],[-46.2349,-13.8436],[-46.2492,-13.8303],[-46.2522,-13.83],[-46.2691,-13.8284],[-46.2709,-13.8208],[-46.2661,-13.8139],[-46.2622,-13.8081],[-46.2722,-13.802],[-46.282,-13.796],[-46.2232,-13.769],[-46.2367,-13.7444],[-46.2483,-13.7469],[-46.2548,-13.7483],[-46.2665,-13.7399],[-46.2359,-13.7078],[-46.2603,-13.6868],[-46.1615,-13.5905],[-46.1629,-13.5873],[-46.1644,-13.584],[-46.1839,-13.5666],[-46.2351,-13.5625],[-46.2383,-13.5541],[-46.2342,-13.5405],[-46.2409,-13.5251],[-46.2302,-13.5163],[-46.2264,-13.5131],[-46.2182,-13.5001],[-46.2298,-13.481],[-46.2054,-13.4649],[-46.2133,-13.4567],[-46.2221,-13.4479],[-46.2253,-13.434],[-46.2348,-13.4355],[-46.2423,-13.4367],[-46.2425,-13.4295],[-46.2139,-13.4003],[-46.1332,-13.3752],[-46.095,-13.3329],[-46.048,-13.3088],[-46.0438,-13.2903],[-46.0411,-13.2804],[-46.0417,-13.2722],[-46.0634,-13.2609],[-46.1719,-13.3118],[-46.2046,-13.3199],[-46.2112,-13.3183],[-46.2178,-13.3168],[-46.2372,-13.3358],[-46.2651,-13.3475],[-46.279,-13.3475],[-46.2829,-13.3334],[-46.2883,-13.3142],[-46.2974,-13.3131],[-46.3025,-13.3102],[-46.3155,-13.3027],[-46.3009,-13.2844],[-46.2985,-13.2814],[-46.2982,-13.2532],[-46.3204,-13.2526],[-46.3297,-13.2524],[-46.3307,-13.2491],[-46.3004,-13.1932],[-46.3026,-13.1818],[-46.3057,-13.1807],[-46.314,-13.1777],[-46.3035,-13.1668],[-46.3094,-13.1575],[-46.2995,-13.1535],[-46.2932,-13.1509],[-46.2916,-13.1474],[-46.3222,-13.0979],[-46.2803,-13.043],[-46.2729,-13.0145],[-46.2529,-13.0056],[-46.2451,-12.997],[-46.2122,-13.0027],[-46.1254,-12.961],[-46.1134,-12.9314],[-46.1139,-12.9175],[-46.1253,-12.9095],[-46.1385,-12.909],[-46.184,-12.9234],[-46.1977,-12.9249],[-46.2201,-12.9401],[-46.2663,-12.9319],[-46.3044,-12.9494],[-46.2858,-12.8948],[-46.2841,-12.878],[-46.2923,-12.859],[-46.2729,-12.8467],[-46.2674,-12.839],[-46.2619,-12.8312],[-46.2825,-12.7837],[-46.2645,-12.7165],[-46.2928,-12.6924],[-46.2564,-12.6557],[-46.2898,-12.6313],[-46.2728,-12.5935],[-46.2752,-12.5903],[-46.2795,-12.5845],[-46.2659,-12.5719],[-46.2548,-12.5466],[-46.1602,-12.5282],[-46.1535,-12.4828],[-46.1587,-12.4749],[-46.1826,-12.4768],[-46.2274,-12.4979],[-46.2543,-12.4928],[-46.2532,-12.4598],[-46.2497,-12.4521],[-46.2474,-12.4467],[-46.2486,-12.4366],[-46.256,-12.4239],[-46.2645,-12.4122],[-46.3006,-12.4153],[-46.2852,-12.3786],[-46.352,-12.337],[-46.3514,-12.3264],[-46.3511,-12.3204],[-46.3241,-12.3021],[-46.3746,-12.2864],[-46.3696,-12.2796],[-46.3664,-12.2754],[-46.3657,-12.2662],[-46.3717,-12.2586],[-46.38,-12.2481],[-46.373,-12.2446],[-46.3661,-12.2411],[-46.3598,-12.2246],[-46.3682,-12.1994],[-46.3766,-12.1971],[-46.3906,-12.1935],[-46.385,-12.1856],[-46.3835,-12.1835],[-46.3803,-12.179],[-46.3836,-12.1743],[-46.384,-12.1738],[-46.3893,-12.1665],[-46.3659,-12.1108],[-46.3681,-12.0981],[-46.3778,-12.0947],[-46.3852,-12.092],[-46.3817,-12.0526],[-46.3907,-12.0453],[-46.3974,-12.0399],[-46.3253,-11.9581],[-46.1921,-11.9291],[-46.1747,-11.9096],[-46.1708,-11.9006],[-46.1797,-11.8865],[-46.1889,-11.8835],[-46.2377,-11.9022],[-46.2649,-11.8943],[-46.2748,-11.8899],[-46.2846,-11.8855],[-46.3106,-11.8954],[-46.3175,-11.8981],[-46.365,-11.884],[-46.3742,-11.8682],[-46.3709,-11.854],[-46.373,-11.8362],[-46.3471,-11.8355],[-46.3505,-11.8257],[-46.3512,-11.8236],[-46.345,-11.8201],[-46.3375,-11.816],[-46.3223,-11.7703],[-46.373,-11.7507],[-46.3657,-11.7453],[-46.3289,-11.7369],[-46.3085,-11.7036],[-46.3063,-11.7021],[-46.295,-11.6945],[-46.3145,-11.6318],[-46.2558,-11.6208],[-46.2213,-11.6443],[-46.1536,-11.6566],[-46.0828,-11.6357],[-46.0906,-11.6181],[-46.1266,-11.6039],[-46.2023,-11.6022],[-46.2131,-11.5952],[-46.2179,-11.5807],[-46.2359,-11.5649],[-46.313,-11.5391],[-46.4109,-11.5415],[-46.4266,-11.5256],[-46.4451,-11.5142],[-46.4789,-11.516],[-46.5196,-11.4831],[-46.5277,-11.4221],[-46.5485,-11.408],[-46.5489,-11.3803],[-46.6012,-11.3468],[-46.6167,-11.289],[-46.6087,-11.2843],[-46.5992,-11.265],[-46.6092,-11.2555],[-46.4719,-11.1908],[-46.4529,-11.1558],[-46.4461,-11.0895],[-46.3985,-10.994],[-46.283,-10.9063],[-46.2953,-10.8704],[-46.2924,-10.8589],[-46.2896,-10.8475],[-46.2755,-10.8232],[-46.2334,-10.8044],[-46.2313,-10.7992],[-46.2291,-10.794],[-46.2272,-10.7664],[-46.2385,-10.7641],[-46.2495,-10.7618],[-46.251,-10.7567],[-46.2164,-10.732],[-46.2043,-10.7256],[-46.1921,-10.7193],[-46.1876,-10.6846],[-46.2074,-10.6613],[-46.209,-10.6553],[-46.2105,-10.6493],[-46.1888,-10.6314],[-46.1875,-10.6261],[-46.1688,-10.6196],[-46.1619,-10.6249],[-46.1559,-10.6295],[-46.0657,-10.6029],[-46.0591,-10.593],[-46.0592,-10.5851],[-46.0595,-10.5741],[-46.0274,-10.5667],[-46.0246,-10.5424],[-45.9708,-10.5282],[-45.8876,-10.4491],[-45.8273,-10.4355],[-45.8243,-10.3656],[-45.738,-10.342],[-45.6971,-10.2632],[-45.6977,-10.215],[-45.7055,-10.1879],[-45.6989,-10.1664],[-45.7225,-10.1549],[-45.6862,-10.1533],[-45.6028,-10.1076],[-45.5928,-10.1099],[-45.5789,-10.1215],[-45.567,-10.1391],[-45.5668,-10.2011],[-45.5562,-10.2165],[-45.53,-10.2337],[-45.5259,-10.2364],[-45.5167,-10.2861],[-45.4299,-10.3591],[-45.4241,-10.4261],[-45.4146,-10.433],[-45.396,-10.4465],[-45.4468,-10.507],[-45.4355,-10.6195],[-45.3745,-10.6674],[-45.3578,-10.7318],[-45.322,-10.7598],[-45.2889,-10.7652],[-45.2801,-10.7697],[-45.2714,-10.7741],[-45.2476,-10.8216],[-45.2353,-10.8196],[-45.2188,-10.817],[-45.2174,-10.8229],[-45.216,-10.8289],[-45.1049,-10.8464],[-45.0728,-10.84],[-44.9308,-10.9283],[-44.8632,-10.8858],[-44.8454,-10.8993],[-44.808,-10.8646],[-44.8099,-10.8462],[-44.7876,-10.8081],[-44.7827,-10.8059],[-44.7778,-10.8036],[-44.7585,-10.8044],[-44.7575,-10.7924],[-44.7571,-10.7878],[-44.7508,-10.7817],[-44.713,-10.7616],[-44.6999,-10.7652],[-44.6868,-10.7688],[-44.6673,-10.7596],[-44.6673,-10.6855],[-44.6278,-10.6753],[-44.5774,-10.6264],[-44.5021,-10.6495],[-44.4791,-10.64],[-44.4632,-10.6148],[-44.4529,-10.6073],[-44.401,-10.6066],[-44.3352,-10.5486],[-44.3216,-10.5539],[-44.316,-10.5561],[-44.3113,-10.5602],[-44.2636,-10.6243],[-44.2082,-10.6149],[-44.1651,-10.6425],[-44.1571,-10.6432],[-44.1463,-10.641],[-44.1341,-10.6358],[-44.1298,-10.6326],[-44.1184,-10.6118],[-44.1102,-10.5968],[-44.0726,-10.5803],[-44.0661,-10.5583],[-44.0506,-10.5058],[-44.0254,-10.4751],[-44.0354,-10.4443],[-44.0289,-10.416],[-44.0177,-10.4047],[-44.0176,-10.4047],[-44.0073,-10.4049],[-43.9915,-10.4119],[-43.9717,-10.4207],[-43.9629,-10.4246],[-43.9521,-10.4251],[-43.9413,-10.4256],[-43.9168,-10.424],[-43.9144,-10.3837],[-43.8378,-10.3034],[-43.8369,-10.2507],[-43.7974,-10.2084],[-43.7787,-10.1801],[-43.7656,-10.0796],[-43.6925,-10.077],[-43.6915,-10.0643],[-43.6911,-10.0589],[-43.6899,-10.0442],[-43.6691,-10.0303],[-43.6619,-10.0039],[-43.7025,-9.9657],[-43.6956,-9.9517],[-43.6892,-9.9387],[-43.6901,-9.9291],[-43.7086,-9.9128],[-43.677,-9.8861],[-43.6528,-9.8386],[-43.6931,-9.8048],[-43.7845,-9.762],[-43.7983,-9.6947],[-43.8262,-9.6494],[-43.8281,-9.648],[-43.8416,-9.637],[-43.8336,-9.6175],[-43.8493,-9.5476],[-43.7693,-9.4416],[-43.751,-9.4337],[-43.6864,-9.4176],[-43.6242,-9.3733],[-43.5742,-9.3177],[-43.5252,-9.2996],[-43.4851,-9.2649],[-43.4613,-9.2614],[-43.441,-9.265],[-43.4275,-9.2722],[-43.4239,-9.2765],[-43.4041,-9.3012],[-43.3736,-9.351],[-43.299,-9.3955],[-43.2784,-9.4242],[-43.2182,-9.4002],[-43.1913,-9.42],[-43.1735,-9.4108],[-43.1647,-9.3911],[-43.1582,-9.3766],[-43.1328,-9.3868],[-43.1196,-9.3721],[-43.0825,-9.3969],[-43.0593,-9.3969],[-43.0581,-9.4061],[-43.0566,-9.4174],[-42.9875,-9.4009],[-42.9715,-9.4077],[-42.958,-9.4285],[-42.9617,-9.4694],[-42.9459,-9.518],[-42.928,-9.5268],[-42.9166,-9.5264],[-42.9053,-9.526],[-42.8705,-9.5635],[-42.866,-9.561],[-42.8455,-9.5494],[-42.8367,-9.55],[-42.8202,-9.6188],[-42.8112,-9.6202],[-42.8022,-9.6217],[-42.7648,-9.6163],[-42.7605,-9.609],[-42.759,-9.5997],[-42.7574,-9.5889],[-42.7165,-9.5559],[-42.7177,-9.5466],[-42.7197,-9.5308],[-42.7095,-9.5315],[-42.6909,-9.5447],[-42.6742,-9.5483],[-42.6212,-9.5408],[-42.5861,-9.4964],[-42.5216,-9.5025],[-42.4918,-9.493],[-42.4875,-9.4613],[-42.4425,-9.457],[-42.4207,-9.412],[-42.3985,-9.3967],[-42.3621,-9.3791],[-42.3588,-9.374],[-42.3568,-9.3622],[-42.3547,-9.3495],[-42.3188,-9.3198],[-42.2895,-9.3091],[-42.2794,-9.3092],[-42.2692,-9.3092],[-42.2504,-9.2942],[-42.2433,-9.2885],[-42.1001,-9.2806],[-42.0661,-9.2556],[-42.021,-9.2498],[-41.9996,-9.2655],[-41.9719,-9.2482],[-41.9175,-9.2781],[-41.8701,-9.237],[-41.8376,-9.2419],[-41.7997,-9.1476],[-41.7348,-9.0943],[-41.7232,-9.0131],[-41.712,-9.0128],[-41.6801,-9.0119],[-41.6695,-9.0031],[-41.6694,-8.9996],[-41.669,-8.9897],[-41.646,-8.9867],[-41.6286,-8.9845],[-41.6054,-8.957],[-41.5965,-8.9585],[-41.5896,-8.9549],[-41.5697,-8.9546],[-41.5675,-8.9616],[-41.5653,-8.9686],[-41.5441,-8.9601],[-41.5444,-8.9407],[-41.5445,-8.9376],[-41.5071,-8.892],[-41.5089,-8.8827],[-41.5101,-8.8763],[-41.5021,-8.8636],[-41.4315,-8.7967],[-41.4277,-8.7994],[-41.4238,-8.8021],[-41.382,-8.7085],[-41.2811,-8.7357],[-41.2266,-8.7043],[-41.1133,-8.7036],[-41.1242,-8.7523],[-41.1014,-8.7816],[-41.0359,-8.7855],[-41.0209,-8.8432],[-40.9787,-8.823],[-40.9461,-8.8446],[-40.9282,-8.8378],[-40.921,-8.835],[-40.8512,-8.9521],[-40.8196,-9.08],[-40.8116,-9.084],[-40.8037,-9.0979],[-40.7564,-9.1046],[-40.7565,-9.1133],[-40.7567,-9.1194],[-40.75,-9.1175],[-40.7321,-9.1236],[-40.7075,-9.1408],[-40.6961,-9.139],[-40.6847,-9.1372],[-40.6773,-9.1508],[-40.667,-9.1587],[-40.6941,-9.2331],[-40.6803,-9.2587],[-40.6862,-9.2764],[-40.7197,-9.3055],[-40.729,-9.301],[-40.739,-9.2962],[-40.7551,-9.3133],[-40.742,-9.33],[-40.7369,-9.3365],[-40.7423,-9.4003],[-40.7465,-9.4048],[-40.752,-9.4073],[-40.7646,-9.4128],[-40.7609,-9.4236],[-40.7592,-9.4287],[-40.7669,-9.4453],[-40.7713,-9.4494],[-40.7763,-9.454],[-40.762,-9.449],[-40.7449,-9.4429],[-40.7218,-9.4455],[-40.7127,-9.4503],[-40.6809,-9.4668],[-40.6228,-9.4825],[-40.5945,-9.467],[-40.5733,-9.4665],[-40.5619,-9.461],[-40.529,-9.4137],[-40.5103,-9.4068],[-40.5018,-9.407],[-40.4679,-9.4201],[-40.4205,-9.3522],[-40.371,-9.3783],[-40.3577,-9.3768],[-40.3347,-9.3535],[-40.335,-9.3402],[-40.3354,-9.327],[-40.3187,-9.2869],[-40.313,-9.2789],[-40.3074,-9.271],[-40.2854,-9.1815],[-40.2936,-9.1517],[-40.2863,-9.1169],[-40.2713,-9.0806],[-40.2503,-9.0601],[-40.2273,-9.0557],[-40.1646,-9.1061],[-40.1283,-9.1092],[-40.0763,-9.077],[-40.0708,-9.0699],[-40.0653,-9.0628],[-39.9576,-9.0482],[-39.8736,-8.9309],[-39.879,-8.9015],[-39.9015,-8.8603],[-39.9014,-8.8547],[-39.9012,-8.8491],[-39.8943,-8.8313],[-39.8899,-8.8275],[-39.8727,-8.8222],[-39.8212,-8.8134],[-39.8099,-8.8162],[-39.8014,-8.8183],[-39.7886,-8.8187],[-39.7474,-8.7936],[-39.705,-8.7991],[-39.6983,-8.798],[-39.6915,-8.7968],[-39.6742,-8.7867],[-39.6908,-8.6619],[-39.6072,-8.6556],[-39.5182,-8.6035],[-39.4757,-8.5924],[-39.4517,-8.5628],[-39.4402,-8.5629],[-39.4351,-8.5629],[-39.4078,-8.5382],[-39.3834,-8.5332],[-39.3759,-8.5336],[-39.3627,-8.5392],[-39.357,-8.5466],[-39.3433,-8.5582],[-39.303,-8.5598],[-39.2882,-8.5629]],[[-39.5762,-18.0882],[-39.572,-18.0911],[-39.5729,-18.0836],[-39.5736,-18.0807],[-39.5812,-18.0825],[-39.5762,-18.0882]]]]},"alpha2":"BR-BA","centroid":{"lat":-12.9714,"lng":-41.7112},"isState":true},{"type":"Feature","properties":{"name":"Ceará","NAME":"Ceará","sigla":"CE","code":"CE","POSTAL":"CE","ISO_A2":"BR-CE","alpha2":"BR-CE","region":"Nordeste","capital":"Fortaleza"},"geometry":{"type":"MultiPolygon","coordinates":[[[[-40.018,-2.837],[-39.8863,-2.8844],[-39.7136,-2.9995],[-39.6875,-2.9943],[-39.6538,-3.0233],[-39.6191,-3.026],[-39.5895,-3.0704],[-39.5504,-3.0796],[-39.384,-3.1838],[-39.3776,-3.1804],[-39.3735,-3.1782],[-39.3645,-3.1734],[-39.2972,-3.2151],[-39.2522,-3.2218],[-39.1695,-3.3233],[-39.1393,-3.3453],[-39.1123,-3.347],[-39.0832,-3.3932],[-39.0394,-3.4108],[-38.9946,-3.3971],[-38.9381,-3.4508],[-38.9087,-3.5042],[-38.897,-3.5046],[-38.8909,-3.5048],[-38.8746,-3.5194],[-38.8566,-3.5356],[-38.8511,-3.5405],[-38.8119,-3.5409],[-38.7632,-3.6044],[-38.7043,-3.6366],[-38.689,-3.6518],[-38.6665,-3.6744],[-38.4988,-3.7248],[-38.4717,-3.7073],[-38.3639,-3.8815],[-38.3026,-3.9431],[-38.2709,-3.9462],[-38.1179,-4.1453],[-38.0133,-4.2461],[-37.8509,-4.379],[-37.7696,-4.4012],[-37.7691,-4.426],[-37.729,-4.4968],[-37.5926,-4.6252],[-37.5401,-4.6439],[-37.4987,-4.6255],[-37.4731,-4.6485],[-37.3249,-4.7013],[-37.2803,-4.7541],[-37.2516,-4.832],[-37.6399,-4.926],[-37.6753,-5.0472],[-37.6763,-5.0501],[-37.6773,-5.053],[-37.6897,-5.0562],[-37.7116,-5.0617],[-37.7237,-5.0695],[-37.7293,-5.0803],[-37.733,-5.1003],[-37.7646,-5.1392],[-37.7759,-5.1867],[-37.7896,-5.2106],[-37.7827,-5.2944],[-37.8471,-5.3396],[-37.8629,-5.376],[-37.8606,-5.387],[-37.8589,-5.3954],[-37.8601,-5.4063],[-37.9016,-5.4971],[-37.9322,-5.5027],[-37.9438,-5.5263],[-37.9464,-5.5316],[-37.9512,-5.535],[-37.956,-5.5384],[-37.9896,-5.5554],[-38.0339,-5.6368],[-38.0823,-5.6722],[-38.0825,-5.698],[-38.0893,-5.7145],[-38.0886,-5.7277],[-38.0467,-5.73],[-38.1185,-5.8325],[-38.1161,-5.8463],[-38.1159,-5.8476],[-38.1246,-5.8872],[-38.1635,-5.9297],[-38.1635,-5.9299],[-38.1631,-5.9385],[-38.1643,-5.9457],[-38.2441,-5.9991],[-38.2588,-6.0534],[-38.3044,-6.0866],[-38.3464,-6.0669],[-38.3468,-6.076],[-38.347,-6.0803],[-38.3507,-6.0819],[-38.3558,-6.0841],[-38.3649,-6.0881],[-38.3827,-6.0526],[-38.4128,-6.0579],[-38.4311,-6.0752],[-38.4469,-6.0849],[-38.4436,-6.0938],[-38.4421,-6.0977],[-38.5009,-6.1906],[-38.5154,-6.1919],[-38.5268,-6.193],[-38.5289,-6.2134],[-38.528,-6.2142],[-38.5193,-6.2227],[-38.5279,-6.237],[-38.5782,-6.2798],[-38.5656,-6.3022],[-38.5812,-6.3307],[-38.564,-6.3558],[-38.5727,-6.3745],[-38.6017,-6.3892],[-38.5729,-6.4034],[-38.5298,-6.393],[-38.5175,-6.4083],[-38.5539,-6.4324],[-38.57,-6.4698],[-38.6119,-6.5128],[-38.6095,-6.5324],[-38.6425,-6.5808],[-38.6288,-6.6042],[-38.6549,-6.6301],[-38.6468,-6.6636],[-38.6728,-6.6968],[-38.6508,-6.7599],[-38.6138,-6.7828],[-38.6166,-6.7923],[-38.617,-6.7936],[-38.6411,-6.7904],[-38.6361,-6.7976],[-38.6359,-6.7979],[-38.6351,-6.8042],[-38.6767,-6.8326],[-38.675,-6.8614],[-38.7648,-6.9105],[-38.7549,-6.9387],[-38.7563,-6.94],[-38.7648,-6.9476],[-38.7425,-6.9748],[-38.7646,-6.9935],[-38.6695,-7.0473],[-38.6697,-7.0538],[-38.6729,-7.0595],[-38.6769,-7.0667],[-38.656,-7.092],[-38.6874,-7.1898],[-38.6257,-7.1912],[-38.615,-7.2298],[-38.5947,-7.2461],[-38.5514,-7.2428],[-38.5342,-7.2934],[-38.5952,-7.4142],[-38.5904,-7.4149],[-38.5841,-7.416],[-38.5849,-7.4344],[-38.6054,-7.4442],[-38.6052,-7.4453],[-38.6029,-7.4572],[-38.6366,-7.4592],[-38.6445,-7.4596],[-38.6313,-7.4849],[-38.6543,-7.5218],[-38.6549,-7.5651],[-38.7106,-7.5862],[-38.7147,-7.6215],[-38.7353,-7.6336],[-38.7424,-7.6599],[-38.8193,-7.6644],[-38.8216,-7.7144],[-38.8694,-7.7111],[-38.8749,-7.7178],[-38.8805,-7.7246],[-38.881,-7.747],[-38.9152,-7.7441],[-38.9179,-7.7468],[-38.9166,-7.7535],[-38.9157,-7.7581],[-38.9392,-7.7584],[-38.9396,-7.7946],[-38.9657,-7.8446],[-39.001,-7.8397],[-39.0175,-7.8135],[-39.026,-7.8242],[-39.0534,-7.8189],[-39.0589,-7.829],[-39.0645,-7.8391],[-39.0909,-7.8578],[-39.1022,-7.7707],[-39.1059,-7.76],[-39.1235,-7.7429],[-39.1353,-7.723],[-39.2077,-7.6892],[-39.2522,-7.7045],[-39.251,-7.6803],[-39.265,-7.6694],[-39.2684,-7.6625],[-39.2716,-7.6601],[-39.3065,-7.6647],[-39.3033,-7.6282],[-39.2776,-7.6066],[-39.3119,-7.5694],[-39.3172,-7.5409],[-39.3963,-7.4749],[-39.4785,-7.4457],[-39.6069,-7.3358],[-39.6622,-7.3102],[-39.9152,-7.3378],[-39.9437,-7.3693],[-39.9611,-7.3886],[-40.2461,-7.4333],[-40.2717,-7.3917],[-40.319,-7.374],[-40.5481,-7.3923],[-40.5402,-7.3445],[-40.5406,-7.3382],[-40.5411,-7.3319],[-40.5118,-7.3014],[-40.4894,-7.1183],[-40.4273,-7.0335],[-40.4266,-7.0291],[-40.4304,-7.024],[-40.4368,-7.0157],[-40.4059,-7.0049],[-40.4107,-6.9987],[-40.4279,-6.9945],[-40.4289,-6.9942],[-40.4281,-6.8639],[-40.3702,-6.8027],[-40.3884,-6.7966],[-40.4318,-6.8126],[-40.4759,-6.7341],[-40.517,-6.7301],[-40.5628,-6.7198],[-40.6067,-6.7137],[-40.632,-6.6985],[-40.6412,-6.6884],[-40.6504,-6.6784],[-40.7098,-6.6757],[-40.7316,-6.6537],[-40.7216,-6.6173],[-40.7284,-6.6086],[-40.7352,-6.5998],[-40.7455,-6.5652],[-40.7917,-6.5125],[-40.8048,-6.3927],[-40.7807,-6.3239],[-40.8518,-6.2238],[-40.8465,-6.1317],[-40.8571,-6.1049],[-40.8729,-6.0559],[-40.9067,-6.0414],[-40.8741,-5.9743],[-40.8798,-5.918],[-40.8971,-5.9009],[-40.9132,-5.7264],[-40.9384,-5.673],[-40.9287,-5.6628],[-40.9207,-5.6598],[-40.9109,-5.6562],[-40.9073,-5.642],[-40.9007,-5.6154],[-40.914,-5.5673],[-40.9199,-5.5612],[-40.932,-5.5485],[-40.9327,-5.5003],[-40.9154,-5.4658],[-40.9421,-5.4199],[-40.9112,-5.407],[-40.9357,-5.3656],[-40.9131,-5.3191],[-40.9255,-5.294],[-40.9239,-5.2745],[-40.9114,-5.2692],[-40.9416,-5.2399],[-40.9217,-5.2261],[-40.9251,-5.1811],[-40.9643,-5.1497],[-40.9732,-5.1492],[-40.9746,-5.1492],[-40.9821,-5.1532],[-41.0336,-5.0907],[-41.0399,-5.091],[-41.0432,-5.0943],[-41.052,-5.103],[-41.0693,-5.0953],[-41.0797,-5.0907],[-41.0966,-5.0528],[-41.1314,-5.0477],[-41.121,-5.0236],[-41.122,-5.0103],[-41.1222,-5.0077],[-41.1371,-4.9846],[-41.1505,-4.9917],[-41.1798,-4.9472],[-41.2203,-4.9372],[-41.2226,-4.9261],[-41.2346,-4.9054],[-41.2311,-4.898],[-41.2277,-4.8906],[-41.2371,-4.8808],[-41.2488,-4.8687],[-41.2408,-4.8214],[-41.2076,-4.7764],[-41.25,-4.7563],[-41.1739,-4.6671],[-41.229,-4.6197],[-41.2211,-4.58],[-41.2248,-4.5766],[-41.235,-4.5734],[-41.2422,-4.5711],[-41.2404,-4.5681],[-41.227,-4.5674],[-41.2216,-4.5671],[-41.1904,-4.5152],[-41.1596,-4.3811],[-41.1198,-4.3302],[-41.1355,-4.2331],[-41.0905,-4.17],[-41.1024,-4.1678],[-41.118,-4.1649],[-41.1428,-4.1239],[-41.114,-4.0403],[-41.1714,-4.0321],[-41.1817,-4.0252],[-41.1818,-4.0241],[-41.1827,-4.0184],[-41.2543,-4.0354],[-41.254,-4.0273],[-41.2449,-4.0201],[-41.2391,-4.0155],[-41.243,-4.0098],[-41.2454,-4.0062],[-41.2489,-3.9895],[-41.2199,-3.9411],[-41.2765,-3.8253],[-41.3004,-3.8259],[-41.2537,-3.7747],[-41.2608,-3.7574],[-41.2595,-3.7484],[-41.257,-3.7295],[-41.2391,-3.7122],[-41.3414,-3.6804],[-41.3433,-3.6756],[-41.3387,-3.6701],[-41.331,-3.6245],[-41.3445,-3.5884],[-41.3702,-3.5668],[-41.367,-3.5616],[-41.3643,-3.5576],[-41.3365,-3.5535],[-41.3237,-3.5029],[-41.3223,-3.5007],[-41.3202,-3.4975],[-41.2988,-3.4907],[-41.3276,-3.4883],[-41.3284,-3.4777],[-41.3293,-3.4655],[-41.3352,-3.4611],[-41.3476,-3.4522],[-41.3476,-3.4143],[-41.3557,-3.4105],[-41.3634,-3.4108],[-41.3886,-3.412],[-41.4032,-3.3962],[-41.4017,-3.3868],[-41.4003,-3.3775],[-41.4023,-3.362],[-41.4104,-3.3661],[-41.4183,-3.3701],[-41.4231,-3.3677],[-41.3221,-3.1794],[-41.3188,-3.145],[-41.2851,-3.113],[-41.2854,-3.1029],[-41.2563,-3.0877],[-41.2567,-3.0043],[-41.2692,-2.9847],[-41.2718,-2.9715],[-41.2719,-2.9709],[-41.3187,-2.957],[-41.3223,-2.921],[-41.2584,-2.884],[-41.1013,-2.9006],[-41.0987,-2.8961],[-41.096,-2.8915],[-41.0088,-2.8917],[-40.9542,-2.8711],[-40.9146,-2.8731],[-40.9079,-2.8695],[-40.9074,-2.8669],[-40.9057,-2.8585],[-40.8615,-2.8559],[-40.8428,-2.8843],[-40.7596,-2.8498],[-40.5916,-2.8433],[-40.5333,-2.8177],[-40.5204,-2.791],[-40.5168,-2.7895],[-40.5097,-2.7873],[-40.4994,-2.7841],[-40.4355,-2.8109],[-40.2559,-2.8086],[-40.1872,-2.8141],[-40.1744,-2.823],[-40.1601,-2.833],[-40.1472,-2.8391],[-40.1277,-2.8254],[-40.0765,-2.8404],[-40.018,-2.837]]],[[[-40.0246,-2.8341],[-40.018,-2.837],[-40.0271,-2.8357],[-40.0246,-2.8341]]]]},"alpha2":"BR-CE","centroid":{"lat":-5.3264,"lng":-39.6151},"isState":true},{"type":"Feature","properties":{"name":"Espírito Santo","NAME":"Espírito Santo","sigla":"ES","code":"ES","POSTAL":"ES","ISO_A2":"BR-ES","alpha2":"BR-ES","region":"Sudeste","capital":"Vitória"},"geometry":{"type":"MultiPolygon","coordinates":[[[[-40.7238,-20.8418],[-40.7586,-20.8642],[-40.8035,-20.9431],[-40.8108,-20.9916],[-40.8006,-21.0047],[-40.856,-21.1276],[-40.9077,-21.1673],[-40.9532,-21.2372],[-40.9572,-21.303],[-40.9776,-21.2805],[-40.9795,-21.2821],[-40.9852,-21.2865],[-40.9949,-21.2851],[-41.006,-21.2517],[-41.0247,-21.2458],[-41.0329,-21.2502],[-41.041,-21.2547],[-41.092,-21.2182],[-41.137,-21.2275],[-41.1606,-21.2455],[-41.1825,-21.2358],[-41.1905,-21.248],[-41.2409,-21.2207],[-41.2767,-21.2398],[-41.3167,-21.2133],[-41.3771,-21.1952],[-41.4475,-21.2136],[-41.4795,-21.1934],[-41.4788,-21.1818],[-41.5077,-21.1755],[-41.5125,-21.1763],[-41.5137,-21.1788],[-41.5174,-21.1865],[-41.5305,-21.1793],[-41.548,-21.1824],[-41.558,-21.1724],[-41.5653,-21.1822],[-41.5874,-21.1483],[-41.6003,-21.1517],[-41.6131,-21.1551],[-41.6537,-21.1425],[-41.6623,-21.1246],[-41.6712,-21.1265],[-41.672,-21.1271],[-41.6774,-21.1319],[-41.6923,-21.1158],[-41.7176,-21.1233],[-41.7075,-21.1066],[-41.7357,-21.1023],[-41.7213,-21.0731],[-41.7229,-21.0679],[-41.7315,-21.0663],[-41.7286,-21.0501],[-41.7162,-21.0466],[-41.7219,-21.0024],[-41.7157,-20.9916],[-41.7148,-20.9915],[-41.7104,-20.991],[-41.736,-20.928],[-41.7227,-20.9223],[-41.7267,-20.8924],[-41.7226,-20.8835],[-41.7186,-20.875],[-41.712,-20.8711],[-41.7269,-20.8641],[-41.7288,-20.8696],[-41.7413,-20.8714],[-41.7405,-20.8178],[-41.7553,-20.807],[-41.8134,-20.8048],[-41.8092,-20.8],[-41.8066,-20.7971],[-41.8114,-20.7988],[-41.8165,-20.8004],[-41.8281,-20.7961],[-41.8534,-20.7637],[-41.8661,-20.7653],[-41.8745,-20.7663],[-41.8786,-20.7603],[-41.8778,-20.7578],[-41.8771,-20.7557],[-41.8734,-20.7436],[-41.8631,-20.7414],[-41.8591,-20.7482],[-41.8561,-20.7472],[-41.8606,-20.7063],[-41.8084,-20.6437],[-41.8208,-20.6366],[-41.8196,-20.6328],[-41.817,-20.624],[-41.8557,-20.614],[-41.8272,-20.5565],[-41.8157,-20.5526],[-41.8079,-20.5501],[-41.8039,-20.5436],[-41.8039,-20.5379],[-41.8111,-20.5203],[-41.8118,-20.5186],[-41.7992,-20.4771],[-41.803,-20.4219],[-41.8347,-20.4093],[-41.8483,-20.3743],[-41.8492,-20.3741],[-41.8584,-20.3725],[-41.8467,-20.329],[-41.7806,-20.2921],[-41.7563,-20.2064],[-41.4113,-20.2062],[-41.3817,-20.1883],[-41.3077,-20.0125],[-41.3084,-19.9966],[-41.3145,-19.9863],[-41.3195,-19.9781],[-41.3075,-19.9478],[-41.3,-19.9379],[-41.2438,-19.9364],[-41.2331,-19.9199],[-41.2322,-19.9185],[-41.228,-19.9051],[-41.1845,-19.8885],[-41.1753,-19.8389],[-41.1787,-19.8351],[-41.1859,-19.8272],[-41.175,-19.8252],[-41.1658,-19.8094],[-41.1655,-19.792],[-41.1904,-19.7464],[-41.1844,-19.7428],[-41.1791,-19.7396],[-41.1681,-19.6717],[-41.108,-19.6382],[-41.0899,-19.5959],[-41.0855,-19.5964],[-41.0736,-19.5975],[-41.0724,-19.5898],[-41.0715,-19.5839],[-41.0364,-19.5683],[-41.0454,-19.4875],[-41.0282,-19.4984],[-41.0089,-19.5067],[-40.9778,-19.5051],[-40.9718,-19.5048],[-40.9489,-19.4727],[-40.951,-19.4652],[-40.9445,-19.4596],[-40.9672,-19.4272],[-40.9567,-19.3983],[-40.9567,-19.3983],[-40.9283,-19.3807],[-40.9382,-19.3473],[-40.9073,-19.3083],[-40.9441,-19.2791],[-40.9345,-19.2713],[-40.9293,-19.2712],[-40.9195,-19.2709],[-40.9181,-19.2616],[-40.9171,-19.2558],[-40.9382,-19.2489],[-40.9408,-19.2317],[-40.9223,-19.2036],[-40.9407,-19.1801],[-40.9438,-19.1439],[-40.9477,-19.1411],[-40.952,-19.1421],[-40.9605,-19.1441],[-40.9573,-19.1346],[-40.9555,-19.1295],[-40.9844,-19.1002],[-40.9923,-19.0994],[-41.008,-19.0978],[-41.0122,-19.0753],[-41.0534,-19.0684],[-41.0652,-19.0508],[-41.0659,-19.0062],[-41.018,-18.9731],[-41.0287,-18.9739],[-41.0355,-18.9795],[-41.0384,-18.9799],[-41.0613,-18.9661],[-41.0678,-18.9424],[-41.1033,-18.9336],[-41.166,-18.8577],[-41.208,-18.8546],[-41.2144,-18.8772],[-41.242,-18.8539],[-41.2451,-18.8215],[-41.2321,-18.7968],[-41.1514,-18.7963],[-41.1477,-18.7963],[-41.1337,-18.7956],[-41.1101,-18.8385],[-41.0971,-18.8418],[-40.9635,-18.8407],[-40.9165,-18.815],[-40.9375,-18.772],[-40.94,-18.7354],[-40.9423,-18.7006],[-40.9432,-18.6871],[-41.044,-18.6478],[-41.0412,-18.6393],[-41.0505,-18.6337],[-41.0527,-18.6282],[-41.0326,-18.6177],[-41.0333,-18.6069],[-41.0416,-18.6049],[-41.0263,-18.5276],[-41.0154,-18.4769],[-41.0145,-18.4728],[-41.0195,-18.4639],[-41.0235,-18.4567],[-41.1816,-18.4386],[-41.1443,-18.4058],[-41.1501,-18.4045],[-41.16,-18.4023],[-41.1621,-18.3903],[-41.1455,-18.3734],[-41.1584,-18.3083],[-41.0961,-18.2551],[-41.1023,-18.2365],[-41.0913,-18.2276],[-41.0962,-18.2234],[-41.1018,-18.2187],[-41.104,-18.2128],[-41.0561,-18.1784],[-41.0539,-18.1739],[-41.053,-18.1722],[-41.0556,-18.1661],[-41.0349,-18.1623],[-41.037,-18.1684],[-41.0377,-18.1706],[-41.0334,-18.1716],[-41.0314,-18.1665],[-41.0277,-18.1572],[-41.0142,-18.1571],[-40.9891,-18.1702],[-40.9876,-18.1562],[-40.9866,-18.1463],[-40.9541,-18.154],[-40.9496,-18.1288],[-40.9318,-18.136],[-40.8927,-18.1074],[-40.8935,-18.1182],[-40.8913,-18.1205],[-40.8886,-18.1235],[-40.8853,-18.1236],[-40.8803,-18.1237],[-40.8772,-18.1189],[-40.8495,-18.147],[-40.7711,-18.1554],[-40.7729,-18.1071],[-40.9022,-17.987],[-40.8823,-17.9701],[-40.8627,-17.9878],[-40.8591,-17.9813],[-40.8444,-17.9651],[-40.8366,-17.9567],[-40.8302,-17.9537],[-40.8282,-17.957],[-40.8246,-17.9632],[-40.8138,-17.9584],[-40.8084,-17.9523],[-40.7946,-17.9813],[-40.7708,-17.9806],[-40.7712,-17.9879],[-40.7719,-18.0018],[-40.7599,-18.0035],[-40.7504,-18.0094],[-40.7254,-18.0007],[-40.7041,-18.0229],[-40.6255,-17.9888],[-40.613,-17.9392],[-40.5968,-17.9356],[-40.594,-17.9364],[-40.5868,-17.9385],[-40.584,-17.9353],[-40.5841,-17.9279],[-40.5843,-17.9177],[-40.5675,-17.9155],[-40.547,-17.9068],[-40.5266,-17.8915],[-40.4638,-17.9277],[-40.4599,-17.9216],[-40.4589,-17.92],[-40.4535,-17.9183],[-40.3336,-17.9269],[-40.222,-17.9799],[-39.6665,-18.3319],[-39.7282,-18.4999],[-39.7242,-18.5993],[-39.7466,-18.7057],[-39.7499,-18.8412],[-39.6886,-19.3058],[-39.729,-19.4654],[-39.807,-19.6477],[-39.9112,-19.6865],[-39.9831,-19.7389],[-40.0519,-19.8099],[-40.0987,-19.9184],[-40.1393,-19.9487],[-40.1297,-19.9675],[-40.1585,-20.0378],[-40.1633,-20.0388],[-40.1816,-20.0413],[-40.1885,-20.053],[-40.1903,-20.056],[-40.1841,-20.0623],[-40.1725,-20.0741],[-40.1711,-20.1092],[-40.1974,-20.2163],[-40.2372,-20.2891],[-40.2405,-20.2905],[-40.2501,-20.2946],[-40.2583,-20.2666],[-40.292,-20.2876],[-40.2888,-20.2934],[-40.2842,-20.2941],[-40.2911,-20.3012],[-40.2773,-20.3006],[-40.28,-20.3025],[-40.2829,-20.3046],[-40.2916,-20.3053],[-40.2774,-20.3107],[-40.2837,-20.3125],[-40.2883,-20.316],[-40.2892,-20.323],[-40.2705,-20.3297],[-40.3153,-20.3917],[-40.3583,-20.5182],[-40.4001,-20.5761],[-40.4237,-20.6352],[-40.4498,-20.6375],[-40.4607,-20.6231],[-40.4642,-20.6458],[-40.4902,-20.6569],[-40.5077,-20.6842],[-40.5206,-20.7301],[-40.5372,-20.7449],[-40.5371,-20.739],[-40.5371,-20.7389],[-40.5494,-20.7406],[-40.5811,-20.8023],[-40.6073,-20.8053],[-40.6273,-20.8408],[-40.6285,-20.819],[-40.6538,-20.8034],[-40.6453,-20.786],[-40.6555,-20.8102],[-40.7238,-20.8418]],[[-40.5266,-20.6552],[-40.5281,-20.6686],[-40.5047,-20.6705],[-40.5266,-20.6552]],[[-40.5361,-20.6853],[-40.5253,-20.6892],[-40.5198,-20.6905],[-40.5166,-20.6853],[-40.5405,-20.6744],[-40.5361,-20.6853]]],[[[-40.475,-20.6608],[-40.4724,-20.6542],[-40.4647,-20.6521],[-40.475,-20.6608]]],[[[-40.7244,-20.8466],[-40.7238,-20.8418],[-40.7186,-20.8455],[-40.7244,-20.8466]]]]},"alpha2":"BR-ES","centroid":{"lat":-19.1834,"lng":-40.3089},"isState":true},{"type":"Feature","properties":{"name":"Goiás","NAME":"Goiás","sigla":"GO","code":"GO","POSTAL":"GO","ISO_A2":"BR-GO","alpha2":"BR-GO","region":"Centro-Oeste","capital":"Goiânia"},"geometry":{"type":"MultiPolygon","coordinates":[[[[-50.1578,-12.412],[-50.159,-12.4294],[-50.165,-12.4367],[-50.2048,-12.4654],[-50.2293,-12.5319],[-50.2116,-12.561],[-50.2059,-12.5599],[-50.2056,-12.5536],[-50.1975,-12.555],[-50.1927,-12.5639],[-50.2279,-12.5858],[-50.2316,-12.5811],[-50.2345,-12.5774],[-50.2452,-12.5969],[-50.2413,-12.6089],[-50.2365,-12.6236],[-50.262,-12.6373],[-50.2664,-12.682],[-50.2996,-12.6805],[-50.2938,-12.6952],[-50.2951,-12.7046],[-50.2985,-12.7067],[-50.2878,-12.7148],[-50.2838,-12.7178],[-50.3018,-12.7453],[-50.3108,-12.7981],[-50.2922,-12.8395],[-50.2311,-12.8537],[-50.2247,-12.8739],[-50.183,-12.8963],[-50.1093,-12.911],[-50.1049,-12.9084],[-50.1035,-12.9076],[-50.0784,-12.9055],[-50.044,-12.9331],[-50.0385,-12.9348],[-50.0239,-12.9306],[-50.0175,-12.9288],[-49.9129,-12.9656],[-49.369,-13.2742],[-49.3416,-13.2547],[-49.3544,-13.1533],[-49.3533,-13.1485],[-49.3523,-13.1436],[-49.3415,-13.1268],[-49.3539,-13.1026],[-49.337,-13.0659],[-49.2784,-12.9886],[-49.237,-12.8835],[-49.196,-12.8668],[-49.1186,-12.7899],[-49.1146,-12.802],[-49.1097,-12.8207],[-49.1058,-12.8357],[-49.0671,-12.8469],[-49.0872,-12.8911],[-49.0821,-12.8921],[-49.0848,-12.894],[-49.0776,-12.9033],[-49.0241,-12.9062],[-48.9752,-12.9568],[-48.8681,-12.8155],[-48.8736,-12.807],[-48.8463,-12.8094],[-48.8419,-12.844],[-48.8205,-12.8439],[-48.8141,-12.8637],[-48.7361,-12.9206],[-48.7303,-12.9894],[-48.7071,-13.0042],[-48.6741,-12.9948],[-48.6379,-13.0179],[-48.6373,-13.0261],[-48.6367,-13.0342],[-48.6273,-13.0517],[-48.6017,-13.0599],[-48.5885,-13.0991],[-48.5908,-13.1013],[-48.5962,-13.1064],[-48.5891,-13.1059],[-48.5852,-13.1056],[-48.5837,-13.1102],[-48.5782,-13.1262],[-48.5963,-13.1522],[-48.5775,-13.1737],[-48.5793,-13.207],[-48.6001,-13.2382],[-48.5975,-13.2462],[-48.5932,-13.2496],[-48.5872,-13.2543],[-48.5912,-13.256],[-48.5891,-13.2635],[-48.6001,-13.2947],[-48.586,-13.3172],[-48.5532,-13.3015],[-48.5542,-13.2045],[-48.5439,-13.1947],[-48.5394,-13.1939],[-48.5299,-13.1921],[-48.5215,-13.1405],[-48.5084,-13.1284],[-48.4721,-13.1423],[-48.4748,-13.2353],[-48.4594,-13.2471],[-48.4599,-13.2792],[-48.4464,-13.2833],[-48.4413,-13.2919],[-48.4294,-13.2712],[-48.3852,-13.2656],[-48.3607,-13.2428],[-48.3365,-13.2467],[-48.3417,-13.228],[-48.3074,-13.2349],[-48.2801,-13.1992],[-48.2504,-13.1966],[-48.2314,-13.1677],[-48.1953,-13.1723],[-48.1963,-13.1644],[-48.1965,-13.1632],[-48.1735,-13.1477],[-48.1454,-13.1528],[-48.1634,-13.1837],[-48.1529,-13.2192],[-48.1609,-13.2269],[-48.1633,-13.2291],[-48.1682,-13.2432],[-48.1621,-13.2465],[-48.156,-13.2498],[-48.1533,-13.2788],[-48.1694,-13.2989],[-48.165,-13.3054],[-48.0826,-13.2883],[-48.0719,-13.2672],[-48.0727,-13.2641],[-48.0787,-13.2425],[-48.0759,-13.2382],[-48.0714,-13.24],[-48.062,-13.235],[-48.052,-13.2554],[-48.0433,-13.2546],[-48.0327,-13.2535],[-48.0221,-13.2794],[-47.9988,-13.2745],[-47.9923,-13.2762],[-47.9857,-13.2779],[-47.9659,-13.3148],[-47.9354,-13.2903],[-47.8831,-13.3201],[-47.8235,-13.3114],[-47.6785,-13.4673],[-47.6223,-13.3672],[-47.6368,-13.3644],[-47.6497,-13.3508],[-47.6618,-13.3034],[-47.64,-13.2628],[-47.6685,-13.209],[-47.6549,-13.1774],[-47.6607,-13.1737],[-47.6695,-13.1679],[-47.6441,-13.1494],[-47.6503,-13.1329],[-47.6343,-13.1041],[-47.5609,-13.1242],[-47.568,-13.1491],[-47.5626,-13.1838],[-47.4784,-13.1847],[-47.4874,-13.2077],[-47.487,-13.2138],[-47.4867,-13.2198],[-47.4353,-13.2267],[-47.4308,-13.2376],[-47.447,-13.2402],[-47.4474,-13.2407],[-47.4541,-13.2494],[-47.4344,-13.2678],[-47.4373,-13.2786],[-47.4265,-13.289],[-47.4157,-13.2699],[-47.3971,-13.2607],[-47.392,-13.2619],[-47.393,-13.2498],[-47.3933,-13.2455],[-47.3892,-13.2406],[-47.3833,-13.241],[-47.3773,-13.2302],[-47.3226,-13.2579],[-47.3169,-13.2544],[-47.3113,-13.251],[-47.2941,-13.2485],[-47.2817,-13.2645],[-47.2287,-13.1944],[-47.1824,-13.1877],[-47.1748,-13.1947],[-47.1805,-13.2006],[-47.1837,-13.204],[-47.1526,-13.2095],[-47.1348,-13.2021],[-47.1322,-13.1781],[-47.1178,-13.1774],[-47.1085,-13.1706],[-47.0869,-13.182],[-47.0804,-13.1615],[-47.019,-13.1453],[-47,-13.1212],[-46.9784,-13.1311],[-46.8925,-13.0528],[-46.8545,-13.0665],[-46.8193,-13.002],[-46.7502,-12.9687],[-46.4542,-12.9707],[-46.4526,-12.964],[-46.4509,-12.9573],[-46.4456,-12.9358],[-46.4425,-12.9355],[-46.437,-12.9351],[-46.4323,-12.9296],[-46.4226,-12.8616],[-46.4186,-12.8333],[-46.4172,-12.823],[-46.4069,-12.8459],[-46.3658,-12.8644],[-46.3603,-12.9084],[-46.3758,-12.9623],[-46.3634,-12.9908],[-46.1941,-12.9562],[-46.1139,-12.9175],[-46.1134,-12.9314],[-46.1254,-12.961],[-46.2122,-13.0027],[-46.2451,-12.997],[-46.2529,-13.0056],[-46.2729,-13.0145],[-46.2803,-13.043],[-46.3222,-13.0979],[-46.2916,-13.1474],[-46.2932,-13.1509],[-46.2995,-13.1535],[-46.3094,-13.1575],[-46.3035,-13.1668],[-46.314,-13.1777],[-46.3057,-13.1807],[-46.3026,-13.1818],[-46.3004,-13.1932],[-46.3307,-13.2491],[-46.3297,-13.2524],[-46.3204,-13.2526],[-46.2982,-13.2532],[-46.2985,-13.2814],[-46.3009,-13.2844],[-46.3155,-13.3027],[-46.3025,-13.3102],[-46.2974,-13.3131],[-46.2883,-13.3142],[-46.2829,-13.3334],[-46.279,-13.3475],[-46.0634,-13.2609],[-46.0417,-13.2722],[-46.0411,-13.2804],[-46.0438,-13.2903],[-46.048,-13.3088],[-46.095,-13.3329],[-46.1332,-13.3752],[-46.2139,-13.4003],[-46.2425,-13.4295],[-46.2423,-13.4367],[-46.2348,-13.4355],[-46.2253,-13.434],[-46.2221,-13.4479],[-46.2133,-13.4567],[-46.2054,-13.4649],[-46.2298,-13.481],[-46.2182,-13.5001],[-46.2264,-13.5131],[-46.2302,-13.5163],[-46.2409,-13.5251],[-46.2342,-13.5405],[-46.2383,-13.5541],[-46.2351,-13.5625],[-46.1839,-13.5666],[-46.1644,-13.584],[-46.1629,-13.5873],[-46.1615,-13.5905],[-46.2603,-13.6868],[-46.2359,-13.7078],[-46.2665,-13.7399],[-46.2548,-13.7483],[-46.2483,-13.7469],[-46.2367,-13.7444],[-46.2232,-13.769],[-46.282,-13.796],[-46.2722,-13.802],[-46.2622,-13.8081],[-46.2661,-13.8139],[-46.2709,-13.8208],[-46.2691,-13.8284],[-46.2522,-13.83],[-46.2492,-13.8303],[-46.2349,-13.8436],[-46.2345,-13.8461],[-46.2341,-13.8485],[-46.2617,-13.9022],[-46.2618,-13.9277],[-46.2648,-13.9355],[-46.2677,-13.9433],[-46.2502,-13.9542],[-46.2208,-13.9724],[-46.2096,-14.0124],[-46.248,-14.0561],[-46.2248,-14.0692],[-46.2416,-14.0923],[-46.2654,-14.0975],[-46.2018,-14.1192],[-46.1852,-14.1514],[-46.1177,-14.1599],[-46.1136,-14.173],[-46.1141,-14.1762],[-46.1156,-14.1868],[-46.1068,-14.1902],[-46.1012,-14.1923],[-46.0958,-14.205],[-46.091,-14.2052],[-46.0766,-14.1951],[-46.0631,-14.1931],[-46.0522,-14.2044],[-46.0572,-14.2209],[-46.0606,-14.2321],[-46.0205,-14.26],[-46.016,-14.2585],[-46.007,-14.2556],[-45.9956,-14.2568],[-45.9914,-14.2624],[-45.993,-14.27],[-45.9949,-14.2785],[-45.9628,-14.2855],[-45.9425,-14.3423],[-45.9069,-14.3529],[-45.9349,-14.4149],[-45.9746,-14.4314],[-45.9984,-14.4289],[-46.0014,-14.422],[-46.008,-14.407],[-46.0164,-14.4189],[-46.0065,-14.4282],[-46.0004,-14.4341],[-46.016,-14.469],[-45.9932,-14.4949],[-46.0038,-14.5154],[-45.9767,-14.5384],[-45.9793,-14.5457],[-45.9904,-14.5433],[-45.9949,-14.5423],[-45.9849,-14.5731],[-45.9889,-14.5887],[-45.9889,-14.5887],[-46.0006,-14.6012],[-45.9914,-14.6121],[-45.9844,-14.6204],[-45.9948,-14.6388],[-45.9886,-14.6453],[-45.9893,-14.6587],[-46.0242,-14.6647],[-46.0282,-14.6815],[-46.0019,-14.7128],[-46.0065,-14.7308],[-46.0079,-14.7314],[-46.0117,-14.7331],[-46.0076,-14.7928],[-46.0201,-14.81],[-46.0229,-14.8176],[-46.0378,-14.8218],[-46.0451,-14.8264],[-46.0524,-14.8309],[-46.0441,-14.8419],[-46.0325,-14.8571],[-46.037,-14.8736],[-46.0619,-14.9075],[-46.0669,-14.9093],[-46.0703,-14.908],[-46.0791,-14.9045],[-46.0827,-14.9176],[-46.0877,-14.9359],[-46.11,-14.9366],[-46.1145,-14.9288],[-46.1195,-14.9202],[-46.1453,-14.9261],[-46.1504,-14.9214],[-46.159,-14.9134],[-46.161,-14.9057],[-46.166,-14.908],[-46.1614,-14.9295],[-46.176,-14.9486],[-46.224,-14.9413],[-46.2274,-14.9338],[-46.2333,-14.9211],[-46.2864,-14.9277],[-46.2917,-14.9213],[-46.2925,-14.9174],[-46.2942,-14.9082],[-46.3189,-14.9],[-46.3,-14.8576],[-46.3245,-14.8473],[-46.3198,-14.8359],[-46.3203,-14.8303],[-46.3218,-14.8141],[-46.4615,-14.7308],[-46.4671,-14.7128],[-46.4684,-14.7084],[-46.5029,-14.704],[-46.5098,-14.7378],[-46.5438,-14.7526],[-46.5433,-14.7602],[-46.5428,-14.7682],[-46.5505,-14.7742],[-46.5655,-14.7859],[-46.5584,-14.8206],[-46.5377,-14.8276],[-46.5327,-14.8293],[-46.5269,-14.84],[-46.5211,-14.8507],[-46.5461,-14.925],[-46.5404,-14.9512],[-46.5303,-14.9603],[-46.5169,-14.9724],[-46.5304,-15.0048],[-46.5253,-15.0091],[-46.5202,-15.0133],[-46.5022,-15.0518],[-46.5509,-15.0634],[-46.5762,-15.0829],[-46.625,-15.0891],[-46.7814,-15.0189],[-46.8224,-15.0103],[-46.8565,-15.0098],[-46.9243,-15.0579],[-46.9245,-15.0607],[-46.9256,-15.0731],[-46.8887,-15.1112],[-46.9405,-15.2292],[-46.9272,-15.2546],[-46.9124,-15.2464],[-46.9066,-15.2373],[-46.8918,-15.2349],[-46.8903,-15.2594],[-46.8895,-15.2723],[-46.8889,-15.2818],[-46.8862,-15.2824],[-46.8734,-15.285],[-46.8365,-15.3221],[-46.869,-15.361],[-46.8602,-15.3643],[-46.8503,-15.3681],[-46.849,-15.3727],[-46.9126,-15.4129],[-46.93,-15.4426],[-46.932,-15.4827],[-46.9438,-15.5177],[-46.9487,-15.5541],[-46.9459,-15.5597],[-46.9432,-15.5653],[-46.9191,-15.5884],[-46.8544,-15.6199],[-46.8552,-15.6817],[-46.842,-15.7142],[-46.827,-15.7292],[-46.827,-15.739],[-46.827,-15.7487],[-46.8127,-15.7868],[-46.8231,-15.8097],[-46.8051,-15.8589],[-46.8117,-15.8851],[-47.0523,-15.9375],[-47.0866,-15.9604],[-47.1341,-15.9497],[-47.1415,-15.9262],[-47.1691,-15.9535],[-47.1698,-15.9728],[-47.2074,-15.987],[-47.2191,-16.0138],[-47.2536,-16.0187],[-47.2761,-16.0057],[-47.3187,-16.0362],[-47.3754,-15.9862],[-47.3721,-15.9361],[-47.3603,-15.9312],[-47.3758,-15.8803],[-47.3655,-15.8277],[-47.3137,-15.7468],[-47.3123,-15.6941],[-47.3311,-15.6812],[-47.3327,-15.6295],[-47.3223,-15.5982],[-47.322,-15.5975],[-47.3154,-15.594],[-47.3741,-15.5779],[-47.4173,-15.5464],[-47.4161,-15.5204],[-47.4165,-15.5101],[-47.4169,-15.4999],[-48.1972,-15.5005],[-48.1977,-15.5125],[-48.1992,-15.5463],[-48.1999,-15.6214],[-48.2092,-15.6218],[-48.2185,-15.6222],[-48.2325,-15.6387],[-48.2334,-15.6438],[-48.236,-15.6586],[-48.2404,-15.7065],[-48.2177,-15.7076],[-48.207,-15.7179],[-48.2064,-15.7277],[-48.2056,-15.741],[-48.2866,-15.8427],[-48.272,-15.8803],[-48.2763,-15.9301],[-48.2678,-15.9324],[-48.263,-15.9299],[-48.2607,-15.9288],[-48.252,-15.9363],[-48.2517,-15.9402],[-48.2515,-15.9426],[-48.2787,-16.0511],[-47.3084,-16.0501],[-47.3039,-16.0602],[-47.3153,-16.0669],[-47.3109,-16.0877],[-47.3367,-16.0931],[-47.3373,-16.128],[-47.3442,-16.1297],[-47.3516,-16.1315],[-47.322,-16.2309],[-47.3504,-16.2743],[-47.3658,-16.331],[-47.4267,-16.3937],[-47.4291,-16.4422],[-47.4536,-16.4674],[-47.4581,-16.5018],[-47.444,-16.5403],[-47.4054,-16.5552],[-47.4124,-16.5754],[-47.4004,-16.5718],[-47.3984,-16.5724],[-47.3936,-16.5737],[-47.3941,-16.575],[-47.396,-16.5795],[-47.3865,-16.5884],[-47.3865,-16.5794],[-47.3865,-16.5786],[-47.3761,-16.5798],[-47.376,-16.5855],[-47.3757,-16.5988],[-47.3424,-16.5927],[-47.3339,-16.6167],[-47.3266,-16.6104],[-47.3181,-16.6031],[-47.315,-16.6071],[-47.3187,-16.6157],[-47.3195,-16.6177],[-47.3067,-16.6317],[-47.3022,-16.6275],[-47.3011,-16.6266],[-47.2942,-16.6261],[-47.2768,-16.6596],[-47.2589,-16.6552],[-47.2534,-16.6632],[-47.2594,-16.6673],[-47.2497,-16.6664],[-47.248,-16.6747],[-47.255,-16.6773],[-47.2585,-16.6785],[-47.2548,-16.6863],[-47.2525,-16.6852],[-47.2462,-16.682],[-47.2453,-16.7005],[-47.2472,-16.702],[-47.251,-16.705],[-47.2229,-16.7222],[-47.2355,-16.7549],[-47.2316,-16.7646],[-47.223,-16.7614],[-47.2295,-16.767],[-47.2305,-16.775],[-47.2223,-16.7777],[-47.2168,-16.7796],[-47.2197,-16.8064],[-47.2117,-16.8274],[-47.2046,-16.8264],[-47.1931,-16.8247],[-47.2089,-16.865],[-47.1927,-16.8827],[-47.1942,-16.8869],[-47.1961,-16.8876],[-47.2019,-16.8897],[-47.2009,-16.8942],[-47.1932,-16.8979],[-47.1963,-16.909],[-47.189,-16.9054],[-47.1816,-16.9018],[-47.1724,-16.918],[-47.1663,-16.9151],[-47.1598,-16.9216],[-47.1677,-16.9276],[-47.1739,-16.9324],[-47.1565,-16.941],[-47.1594,-16.9443],[-47.1661,-16.9522],[-47.1262,-16.9801],[-47.1311,-16.9911],[-47.1356,-16.9924],[-47.1507,-16.9969],[-47.1313,-17.01],[-47.1439,-17.0247],[-47.1485,-17.0237],[-47.1465,-17.0303],[-47.16,-17.03],[-47.1665,-17.047],[-47.184,-17.0355],[-47.1816,-17.0635],[-47.1958,-17.0596],[-47.1906,-17.0692],[-47.1976,-17.0718],[-47.2053,-17.0676],[-47.2074,-17.0664],[-47.2087,-17.07],[-47.2099,-17.0735],[-47.2072,-17.0799],[-47.2182,-17.0767],[-47.2233,-17.0752],[-47.2293,-17.0892],[-47.2473,-17.0813],[-47.2476,-17.0927],[-47.2477,-17.0981],[-47.2539,-17.0979],[-47.2545,-17.0964],[-47.2561,-17.0927],[-47.2655,-17.1131],[-47.2673,-17.1108],[-47.2731,-17.1031],[-47.2815,-17.1144],[-47.2823,-17.1436],[-47.2932,-17.1391],[-47.2954,-17.1382],[-47.3069,-17.1586],[-47.3088,-17.152],[-47.3106,-17.1459],[-47.3232,-17.1552],[-47.3272,-17.1479],[-47.3311,-17.1585],[-47.3335,-17.1648],[-47.3415,-17.1654],[-47.3515,-17.166],[-47.3397,-17.1869],[-47.3626,-17.186],[-47.3564,-17.1942],[-47.3545,-17.1947],[-47.3498,-17.196],[-47.3622,-17.2222],[-47.3782,-17.2195],[-47.3861,-17.2493],[-47.395,-17.2427],[-47.3956,-17.2423],[-47.4064,-17.2452],[-47.4223,-17.2604],[-47.4172,-17.264],[-47.4165,-17.2645],[-47.4172,-17.2693],[-47.4211,-17.2708],[-47.434,-17.2758],[-47.421,-17.2892],[-47.4213,-17.3155],[-47.4546,-17.3302],[-47.4497,-17.3361],[-47.4403,-17.3472],[-47.4466,-17.3488],[-47.4507,-17.3447],[-47.4596,-17.3437],[-47.4574,-17.3513],[-47.4638,-17.355],[-47.5112,-17.3313],[-47.5117,-17.3345],[-47.5041,-17.3368],[-47.5212,-17.3524],[-47.5141,-17.3743],[-47.5384,-17.3883],[-47.521,-17.4234],[-47.5407,-17.4538],[-47.5358,-17.455],[-47.5352,-17.4552],[-47.5139,-17.4603],[-47.492,-17.526],[-47.4841,-17.5182],[-47.4771,-17.5113],[-47.4701,-17.5256],[-47.4665,-17.5331],[-47.4532,-17.5367],[-47.3993,-17.5125],[-47.3305,-17.5244],[-47.2664,-17.6086],[-47.2809,-17.6528],[-47.2753,-17.6604],[-47.2706,-17.6668],[-47.27,-17.674],[-47.3132,-17.6986],[-47.3116,-17.7111],[-47.3174,-17.7262],[-47.3366,-17.737],[-47.3423,-17.744],[-47.3323,-17.7662],[-47.354,-17.7871],[-47.3516,-17.8147],[-47.3726,-17.8295],[-47.3533,-17.8705],[-47.3554,-17.8773],[-47.3584,-17.8868],[-47.3566,-17.8973],[-47.338,-17.912],[-47.3401,-17.9369],[-47.3134,-17.9628],[-47.3187,-17.9956],[-47.2964,-18.0089],[-47.2962,-18.0126],[-47.2953,-18.0261],[-47.3003,-18.0266],[-47.2828,-18.0578],[-47.292,-18.0636],[-47.3024,-18.0633],[-47.3051,-18.0632],[-47.3046,-18.0649],[-47.302,-18.0733],[-47.3099,-18.069],[-47.3104,-18.069],[-47.3223,-18.0692],[-47.343,-18.0803],[-47.3464,-18.0878],[-47.3573,-18.0846],[-47.3554,-18.1046],[-47.4069,-18.1313],[-47.3964,-18.1414],[-47.4283,-18.1388],[-47.4349,-18.1515],[-47.4269,-18.1608],[-47.4296,-18.1653],[-47.4354,-18.1671],[-47.4441,-18.1585],[-47.4508,-18.1587],[-47.4845,-18.1931],[-47.5178,-18.1984],[-47.5333,-18.2302],[-47.5383,-18.1945],[-47.5573,-18.2076],[-47.5671,-18.2034],[-47.5705,-18.2199],[-47.576,-18.2255],[-47.5808,-18.2237],[-47.5882,-18.2266],[-47.583,-18.2299],[-47.581,-18.2312],[-47.5813,-18.2346],[-47.5884,-18.2352],[-47.5903,-18.2353],[-47.6065,-18.2466],[-47.6049,-18.2512],[-47.6028,-18.2573],[-47.6068,-18.2634],[-47.6143,-18.2604],[-47.6147,-18.2602],[-47.6141,-18.2504],[-47.6188,-18.2547],[-47.6248,-18.26],[-47.6186,-18.2712],[-47.6295,-18.2768],[-47.6383,-18.2872],[-47.6108,-18.3149],[-47.6238,-18.3222],[-47.6257,-18.3338],[-47.6329,-18.3331],[-47.6432,-18.3381],[-47.6462,-18.3395],[-47.6465,-18.3298],[-47.6527,-18.3258],[-47.6571,-18.3273],[-47.6703,-18.357],[-47.6789,-18.3559],[-47.686,-18.357],[-47.7019,-18.3787],[-47.7107,-18.3769],[-47.7139,-18.3683],[-47.7164,-18.3616],[-47.7401,-18.3634],[-47.7328,-18.3754],[-47.7358,-18.3785],[-47.7429,-18.377],[-47.7559,-18.3945],[-47.7471,-18.4053],[-47.7474,-18.4101],[-47.7474,-18.4111],[-47.7786,-18.4237],[-47.8087,-18.4004],[-47.8149,-18.4058],[-47.8294,-18.413],[-47.8315,-18.4493],[-47.8584,-18.4399],[-47.8728,-18.4589],[-47.8677,-18.4739],[-47.9138,-18.4661],[-47.9545,-18.4998],[-47.9617,-18.4956],[-47.9645,-18.4769],[-47.9686,-18.4743],[-47.9759,-18.4773],[-47.9788,-18.4755],[-47.9805,-18.4424],[-47.9971,-18.4539],[-47.9975,-18.4541],[-48.006,-18.4539],[-48.0554,-18.4128],[-48.0736,-18.4266],[-48.0953,-18.4282],[-48.1142,-18.4261],[-48.1282,-18.4157],[-48.1473,-18.4077],[-48.1609,-18.3718],[-48.2205,-18.3618],[-48.2267,-18.3572],[-48.2255,-18.3501],[-48.2264,-18.3453],[-48.2549,-18.3435],[-48.2619,-18.3314],[-48.2705,-18.3312],[-48.2718,-18.3312],[-48.2786,-18.3311],[-48.2878,-18.3482],[-48.3145,-18.3637],[-48.3153,-18.3726],[-48.3118,-18.3758],[-48.3042,-18.3827],[-48.3132,-18.3844],[-48.3421,-18.3705],[-48.3532,-18.3656],[-48.4,-18.3714],[-48.4032,-18.3707],[-48.4044,-18.3623],[-48.4053,-18.3559],[-48.4361,-18.3648],[-48.4407,-18.3598],[-48.4452,-18.3548],[-48.4537,-18.361],[-48.4792,-18.3792],[-48.4843,-18.3532],[-48.4923,-18.3525],[-48.5152,-18.366],[-48.5541,-18.3465],[-48.5537,-18.34],[-48.5533,-18.3309],[-48.561,-18.3234],[-48.5733,-18.3254],[-48.5819,-18.3268],[-48.5968,-18.3343],[-48.6334,-18.3272],[-48.6411,-18.333],[-48.6406,-18.3398],[-48.6467,-18.3434],[-48.6973,-18.3497],[-48.7553,-18.3439],[-48.7832,-18.3509],[-48.8004,-18.3611],[-48.8059,-18.3675],[-48.8159,-18.3792],[-48.8217,-18.377],[-48.8276,-18.3748],[-48.8316,-18.3457],[-48.9363,-18.3057],[-48.9837,-18.3409],[-48.9824,-18.3484],[-48.981,-18.3559],[-48.9955,-18.3705],[-49.0415,-18.376],[-49.0533,-18.4021],[-49.0687,-18.4115],[-49.0766,-18.4163],[-49.1121,-18.3997],[-49.1095,-18.3944],[-49.1067,-18.3884],[-49.1083,-18.3834],[-49.127,-18.3829],[-49.1541,-18.4023],[-49.1559,-18.4079],[-49.1577,-18.4134],[-49.1854,-18.416],[-49.1894,-18.415],[-49.2052,-18.4113],[-49.2108,-18.4179],[-49.2108,-18.423],[-49.1993,-18.4351],[-49.1964,-18.4381],[-49.1926,-18.4473],[-49.228,-18.4794],[-49.2436,-18.5058],[-49.2486,-18.5222],[-49.2712,-18.5273],[-49.2839,-18.5366],[-49.2868,-18.5405],[-49.2921,-18.5635],[-49.3298,-18.5651],[-49.3783,-18.6419],[-49.3943,-18.6458],[-49.4081,-18.6443],[-49.4163,-18.6381],[-49.4319,-18.6063],[-49.4814,-18.5606],[-49.4924,-18.4961],[-49.4941,-18.4956],[-49.4972,-18.4932],[-49.5354,-18.4932],[-49.5576,-18.5459],[-49.6475,-18.5584],[-49.6396,-18.5998],[-49.6864,-18.5897],[-49.7357,-18.6154],[-49.7698,-18.6123],[-49.7724,-18.615],[-49.7771,-18.6305],[-49.7832,-18.6409],[-49.8357,-18.6362],[-49.8813,-18.6096],[-49.9312,-18.6235],[-50.0161,-18.5994],[-50.037,-18.6105],[-50.0449,-18.6307],[-50.0497,-18.6431],[-50.0796,-18.6718],[-50.1638,-18.6639],[-50.3089,-18.698],[-50.3763,-18.8119],[-50.4207,-18.8307],[-50.4241,-18.8358],[-50.4411,-18.8903],[-50.5087,-18.937],[-50.4983,-19.0336],[-50.5016,-19.0395],[-50.5223,-19.0765],[-50.537,-19.0989],[-50.5845,-19.1369],[-50.6772,-19.1392],[-50.6802,-19.1727],[-50.733,-19.1853],[-50.7472,-19.2354],[-50.8166,-19.2894],[-50.8749,-19.4224],[-50.8245,-19.4746],[-50.8262,-19.487],[-50.8271,-19.4876],[-50.8417,-19.4987],[-50.9353,-19.4672],[-50.9515,-19.4424],[-50.9633,-19.4383],[-50.9848,-19.4309],[-50.9847,-19.4204],[-50.9846,-19.4099],[-51.0302,-19.401],[-51.0175,-19.3834],[-51.0503,-19.3346],[-51.0875,-19.3079],[-51.18,-19.2831],[-51.2027,-19.2606],[-51.2238,-19.2577],[-51.2517,-19.2736],[-51.3074,-19.2375],[-51.3047,-19.228],[-51.3033,-19.2232],[-51.3073,-19.2181],[-51.369,-19.2202],[-51.3746,-19.1942],[-51.3935,-19.1955],[-51.3951,-19.1956],[-51.42,-19.1661],[-51.4578,-19.1671],[-51.4694,-19.158],[-51.4748,-19.1537],[-51.4784,-19.1569],[-51.4809,-19.1592],[-51.4934,-19.1625],[-51.5001,-19.1558],[-51.5003,-19.1542],[-51.501,-19.1473],[-51.5774,-19.1278],[-51.6087,-19.1404],[-51.6391,-19.127],[-51.6483,-19.1322],[-51.6575,-19.1375],[-51.7127,-19.1024],[-51.7148,-19.1052],[-51.7162,-19.107],[-51.7282,-19.1078],[-51.7427,-19.0874],[-51.7908,-19.0777],[-51.8152,-19.0547],[-51.8408,-19.0567],[-51.8423,-19.0418],[-51.8544,-19.0509],[-51.8983,-18.9937],[-51.9398,-18.9675],[-51.951,-18.9802],[-51.9576,-18.9748],[-51.9678,-18.9662],[-51.9777,-18.9804],[-51.9984,-18.9673],[-52.0041,-18.9685],[-52.007,-18.9721],[-52.0151,-18.9823],[-52.0181,-18.963],[-52.0447,-18.95],[-52.0809,-18.9504],[-52.1065,-18.923],[-52.1112,-18.8988],[-52.1567,-18.888],[-52.181,-18.8475],[-52.251,-18.8391],[-52.2576,-18.8328],[-52.2633,-18.8274],[-52.3085,-18.8393],[-52.3208,-18.8306],[-52.3336,-18.8278],[-52.4093,-18.7545],[-52.4486,-18.6905],[-52.5525,-18.6565],[-52.5924,-18.6894],[-52.6332,-18.6951],[-52.6834,-18.6791],[-52.7491,-18.6903],[-52.9161,-18.6387],[-52.9156,-18.6343],[-52.9149,-18.6287],[-52.9138,-18.6194],[-52.9206,-18.6129],[-52.9278,-18.6129],[-52.9394,-18.6128],[-52.9353,-18.6021],[-52.9339,-18.5987],[-52.9618,-18.5404],[-52.944,-18.519],[-52.9153,-18.5084],[-52.8805,-18.465],[-52.8733,-18.4277],[-52.798,-18.4144],[-52.7614,-18.3709],[-52.7585,-18.352],[-52.7584,-18.3483],[-52.8209,-18.3106],[-52.8718,-18.3142],[-52.9489,-18.2961],[-53.0134,-18.3257],[-53.015,-18.3292],[-53.0243,-18.3502],[-53.0293,-18.3508],[-53.0356,-18.3477],[-53.044,-18.3435],[-53.0694,-18.3424],[-53.0961,-18.3151],[-53.0984,-18.3124],[-53.1007,-18.3097],[-53.1427,-18.0814],[-53.1388,-18.0712],[-53.1255,-18.0603],[-53.1031,-18.0574],[-53.0863,-18.0553],[-53.0752,-18.0503],[-53.0715,-18.039],[-53.0696,-17.9861],[-53.1,-17.9364],[-53.1309,-17.9164],[-53.1425,-17.8712],[-53.1359,-17.8366],[-53.1681,-17.7658],[-53.2003,-17.7303],[-53.2074,-17.7272],[-53.2378,-17.7137],[-53.2503,-17.6438],[-53.2382,-17.5894],[-53.2462,-17.5319],[-53.2235,-17.4576],[-53.2298,-17.4268],[-53.197,-17.3809],[-53.2181,-17.2989],[-53.1748,-17.2404],[-53.1569,-17.1702],[-53.1277,-17.1542],[-53.1186,-17.1128],[-53.0555,-17.0699],[-53.0633,-17.0451],[-53.0646,-17.0459],[-53.072,-17.0501],[-53.0494,-16.9924],[-53.0515,-16.99],[-53.0535,-16.9876],[-53.0547,-16.963],[-53.0336,-16.9408],[-53.0391,-16.9115],[-53.0184,-16.8982],[-53.0108,-16.8576],[-52.9667,-16.8682],[-52.9567,-16.8503],[-52.9492,-16.8532],[-52.9495,-16.8556],[-52.9501,-16.86],[-52.9525,-16.8415],[-52.9266,-16.8406],[-52.9439,-16.8127],[-52.9352,-16.81],[-52.9321,-16.8024],[-52.9261,-16.8167],[-52.9252,-16.8163],[-52.9143,-16.8117],[-52.9072,-16.8098],[-52.8818,-16.7757],[-52.8308,-16.7708],[-52.8069,-16.741],[-52.7855,-16.7407],[-52.7871,-16.7298],[-52.7881,-16.7225],[-52.7792,-16.7075],[-52.7715,-16.7068],[-52.7613,-16.7058],[-52.7622,-16.6817],[-52.7547,-16.6718],[-52.7623,-16.6719],[-52.7687,-16.672],[-52.7708,-16.6681],[-52.7399,-16.6564],[-52.7424,-16.6505],[-52.7475,-16.6384],[-52.7464,-16.6303],[-52.724,-16.6463],[-52.7152,-16.6388],[-52.7256,-16.6142],[-52.7371,-16.6125],[-52.7406,-16.6089],[-52.7403,-16.6035],[-52.7306,-16.5976],[-52.7373,-16.591],[-52.739,-16.5894],[-52.7307,-16.5859],[-52.7248,-16.5888],[-52.7063,-16.5978],[-52.7069,-16.5857],[-52.7075,-16.5755],[-52.7036,-16.5708],[-52.6912,-16.5825],[-52.6898,-16.5838],[-52.675,-16.5845],[-52.6702,-16.5816],[-52.672,-16.5742],[-52.6734,-16.5686],[-52.6674,-16.5692],[-52.6597,-16.5699],[-52.6639,-16.5653],[-52.6698,-16.5587],[-52.6681,-16.5501],[-52.6622,-16.5506],[-52.6557,-16.5565],[-52.6508,-16.561],[-52.6504,-16.5507],[-52.6503,-16.5482],[-52.6475,-16.5462],[-52.6465,-16.5455],[-52.6353,-16.5512],[-52.6342,-16.5375],[-52.6257,-16.533],[-52.6371,-16.5025],[-52.6321,-16.4999],[-52.6213,-16.5009],[-52.6121,-16.5017],[-52.6039,-16.4642],[-52.612,-16.4578],[-52.6162,-16.4612],[-52.6202,-16.4644],[-52.6209,-16.4566],[-52.62,-16.4554],[-52.6157,-16.4497],[-52.6287,-16.4421],[-52.6381,-16.4366],[-52.643,-16.4123],[-52.65,-16.4082],[-52.6617,-16.4099],[-52.6761,-16.4119],[-52.6879,-16.3959],[-52.6821,-16.3877],[-52.6775,-16.3813],[-52.6848,-16.3748],[-52.6925,-16.3679],[-52.6811,-16.3034],[-52.6733,-16.2959],[-52.6566,-16.2797],[-52.623,-16.2869],[-52.5759,-16.2495],[-52.5672,-16.2589],[-52.5618,-16.2646],[-52.5546,-16.2652],[-52.5468,-16.2608],[-52.5458,-16.2581],[-52.5538,-16.2485],[-52.5688,-16.2303],[-52.5662,-16.2246],[-52.5561,-16.2238],[-52.5452,-16.2229],[-52.5481,-16.1647],[-52.532,-16.158],[-52.5266,-16.1558],[-52.5261,-16.1506],[-52.525,-16.1401],[-52.4579,-16.1271],[-52.437,-16.1097],[-52.3974,-16.093],[-52.3746,-16.0979],[-52.3273,-16.0682],[-52.31,-16.007],[-52.2578,-15.932],[-52.2522,-15.8927],[-52.1925,-15.8822],[-52.128,-15.8945],[-52.1083,-15.8821],[-52.0076,-15.885],[-52.0017,-15.8788],[-51.9959,-15.8726],[-51.9828,-15.8435],[-51.9722,-15.8374],[-51.9593,-15.8398],[-51.9536,-15.8372],[-51.9547,-15.8275],[-51.9553,-15.821],[-51.9463,-15.8101],[-51.8791,-15.825],[-51.8778,-15.8192],[-51.8737,-15.8015],[-51.8033,-15.7229],[-51.8032,-15.7158],[-51.803,-15.7087],[-51.7625,-15.6452],[-51.7532,-15.6097],[-51.7754,-15.5578],[-51.7758,-15.5372],[-51.7614,-15.5312],[-51.7539,-15.5484],[-51.7516,-15.5538],[-51.7416,-15.5563],[-51.7273,-15.5502],[-51.735,-15.5104],[-51.7255,-15.502],[-51.7042,-15.4963],[-51.6995,-15.4841],[-51.6991,-15.4733],[-51.7079,-15.456],[-51.6924,-15.4328],[-51.6971,-15.4096],[-51.6889,-15.3975],[-51.6709,-15.3713],[-51.6878,-15.3084],[-51.6465,-15.2675],[-51.6675,-15.2459],[-51.6516,-15.1794],[-51.5978,-15.155],[-51.5355,-15.0693],[-51.5218,-15.058],[-51.5119,-15.0542],[-51.4773,-15.0563],[-51.4257,-15.0076],[-51.3979,-15.003],[-51.3763,-15.0124],[-51.3373,-14.9729],[-51.3221,-14.9714],[-51.3101,-14.9801],[-51.3014,-14.9865],[-51.29,-15.0339],[-51.2714,-15.0374],[-51.2421,-15.035],[-51.1982,-15.0044],[-51.1497,-14.9826],[-51.1328,-14.9419],[-51.1088,-14.9294],[-51.0855,-14.9173],[-51.0893,-14.8407],[-51.0679,-14.8099],[-51.0437,-14.7927],[-51.0535,-14.7462],[-51.0488,-14.7349],[-51.0267,-14.7064],[-51.0311,-14.6796],[-51.0261,-14.6653],[-51.0216,-14.6628],[-51.0185,-14.6611],[-50.9913,-14.6134],[-50.995,-14.582],[-50.9959,-14.5805],[-50.9967,-14.579],[-50.9624,-14.5266],[-50.9725,-14.5002],[-50.9701,-14.491],[-50.9677,-14.4819],[-50.9986,-14.4188],[-50.9879,-14.3958],[-50.9894,-14.3623],[-50.9847,-14.358],[-50.9801,-14.3538],[-50.9688,-14.3335],[-50.9748,-14.2904],[-50.9129,-14.1694],[-50.9099,-14.1491],[-50.9182,-14.1254],[-50.917,-14.1144],[-50.8686,-14.1252],[-50.8332,-14.0894],[-50.8313,-14.073],[-50.8514,-14.0287],[-50.8488,-14.0003],[-50.8651,-13.9798],[-50.8408,-13.9268],[-50.841,-13.8625],[-50.8563,-13.8311],[-50.8533,-13.7653],[-50.8713,-13.7327],[-50.8656,-13.7256],[-50.8599,-13.7185],[-50.8383,-13.7118],[-50.8304,-13.7123],[-50.8225,-13.7128],[-50.8035,-13.6905],[-50.768,-13.5966],[-50.763,-13.5296],[-50.6965,-13.4755],[-50.6908,-13.4622],[-50.683,-13.4437],[-50.6775,-13.4431],[-50.665,-13.4419],[-50.6652,-13.3757],[-50.6067,-13.3104],[-50.6049,-13.2769],[-50.5878,-13.2488],[-50.5842,-13.2232],[-50.6027,-13.1938],[-50.5898,-13.1092],[-50.6103,-13.0626],[-50.5687,-13.0387],[-50.5925,-13.0024],[-50.5564,-13.002],[-50.5255,-12.976],[-50.5247,-12.9449],[-50.5245,-12.9371],[-50.5018,-12.8839],[-50.502,-12.8726],[-50.5106,-12.8603],[-50.4844,-12.8115],[-50.4876,-12.802],[-50.4934,-12.7852],[-50.4681,-12.755],[-50.4855,-12.7481],[-50.4819,-12.7389],[-50.4722,-12.7367],[-50.4678,-12.7357],[-50.4776,-12.7095],[-50.4639,-12.7031],[-50.4613,-12.6939],[-50.4433,-12.6969],[-50.4408,-12.6973],[-50.4349,-12.6939],[-50.4284,-12.652],[-50.4404,-12.6528],[-50.4112,-12.6458],[-50.4158,-12.6317],[-50.4182,-12.6242],[-50.4067,-12.6143],[-50.4007,-12.6131],[-50.392,-12.6115],[-50.3909,-12.6063],[-50.3941,-12.6044],[-50.398,-12.602],[-50.3581,-12.5533],[-50.3589,-12.5525],[-50.3655,-12.5456],[-50.3317,-12.5357],[-50.3336,-12.5229],[-50.3341,-12.52],[-50.3298,-12.5146],[-50.327,-12.5157],[-50.3137,-12.5211],[-50.3184,-12.5088],[-50.3202,-12.5084],[-50.3239,-12.5076],[-50.283,-12.4793],[-50.2768,-12.4789],[-50.2642,-12.4782],[-50.2221,-12.4457],[-50.2071,-12.4484],[-50.2077,-12.442],[-50.2153,-12.441],[-50.2119,-12.4367],[-50.1982,-12.4317],[-50.1843,-12.43],[-50.1837,-12.4299],[-50.1961,-12.4129],[-50.1746,-12.4233],[-50.1708,-12.4196],[-50.1708,-12.4176],[-50.1709,-12.4076],[-50.1422,-12.3955],[-50.1578,-12.412]]]]},"alpha2":"BR-GO","centroid":{"lat":-15.827,"lng":-49.8362},"isState":true},{"type":"Feature","properties":{"name":"Maranhão","NAME":"Maranhão","sigla":"MA","code":"MA","POSTAL":"MA","ISO_A2":"BR-MA","alpha2":"BR-MA","region":"Nordeste","capital":"São Luís"},"geometry":{"type":"MultiPolygon","coordinates":[[[[-47.031,-8.9855],[-47.0211,-8.9874],[-47.0211,-8.9801],[-47.0149,-8.9759],[-47.0128,-8.9662],[-47.0152,-8.9597],[-47.0179,-8.9525],[-46.9942,-8.9451],[-46.9964,-8.9334],[-46.9966,-8.9322],[-46.9699,-8.9141],[-46.9921,-8.879],[-46.979,-8.8685],[-46.9651,-8.8673],[-46.9642,-8.8685],[-46.9593,-8.875],[-46.9411,-8.8591],[-46.9171,-8.8555],[-46.913,-8.8474],[-46.9022,-8.7905],[-46.9309,-8.7264],[-46.9168,-8.7257],[-46.9136,-8.722],[-46.9138,-8.7122],[-46.9139,-8.7082],[-46.8865,-8.6861],[-46.8887,-8.6694],[-46.8958,-8.6649],[-46.8953,-8.6593],[-46.916,-8.648],[-46.8973,-8.6006],[-46.916,-8.5954],[-46.8789,-8.5715],[-46.875,-8.5549],[-46.8726,-8.5556],[-46.8624,-8.5587],[-46.8467,-8.5327],[-46.8504,-8.477],[-46.8407,-8.4731],[-46.8401,-8.4652],[-46.8151,-8.47],[-46.7961,-8.4462],[-46.8064,-8.3986],[-46.7946,-8.4045],[-46.7918,-8.4025],[-46.7866,-8.3987],[-46.782,-8.3677],[-46.7322,-8.3853],[-46.7064,-8.3511],[-46.6348,-8.3189],[-46.6116,-8.3264],[-46.6064,-8.328],[-46.5442,-8.3189],[-46.5072,-8.2704],[-46.5087,-8.237],[-46.4871,-8.1995],[-46.5142,-8.1667],[-46.4662,-8.0658],[-46.4917,-7.9813],[-46.5183,-7.9587],[-46.5434,-7.9483],[-46.549,-7.9491],[-46.562,-7.9201],[-46.6042,-7.8958],[-46.7557,-7.922],[-46.783,-7.951],[-46.8395,-7.9651],[-46.8435,-7.9649],[-46.8459,-7.9622],[-46.8504,-7.957],[-46.8585,-7.9597],[-46.8613,-7.9632],[-46.8659,-7.9689],[-46.8723,-7.9552],[-46.8958,-7.9865],[-46.9179,-7.9814],[-46.9224,-7.985],[-46.9213,-7.9925],[-46.921,-7.9949],[-46.953,-8.0063],[-46.9624,-8.0391],[-46.9888,-8.0475],[-46.9903,-8.0511],[-46.997,-8.0668],[-47.0431,-8.0532],[-47.0619,-8.0047],[-47.0843,-7.9879],[-47.091,-7.9887],[-47.0911,-7.9887],[-47.1061,-7.9904],[-47.1016,-7.9542],[-47.1155,-7.9522],[-47.1117,-7.9453],[-47.1116,-7.9453],[-47.1068,-7.9366],[-47.1161,-7.9385],[-47.1211,-7.9216],[-47.1407,-7.9249],[-47.1424,-7.8944],[-47.1749,-7.8707],[-47.1741,-7.8559],[-47.2439,-7.8149],[-47.2347,-7.8037],[-47.2402,-7.8022],[-47.2402,-7.8022],[-47.2466,-7.8005],[-47.2546,-7.7648],[-47.2458,-7.7581],[-47.2663,-7.7609],[-47.2608,-7.7408],[-47.2719,-7.7444],[-47.2705,-7.7344],[-47.2731,-7.7306],[-47.3127,-7.7304],[-47.3055,-7.713],[-47.3156,-7.7011],[-47.3022,-7.7016],[-47.3021,-7.6887],[-47.3173,-7.6866],[-47.3174,-7.6866],[-47.3311,-7.6848],[-47.3331,-7.6777],[-47.3306,-7.6737],[-47.3373,-7.6666],[-47.3138,-7.6602],[-47.3578,-7.6167],[-47.3717,-7.6209],[-47.3724,-7.625],[-47.3518,-7.6465],[-47.3815,-7.6537],[-47.3817,-7.5996],[-47.3876,-7.5962],[-47.3877,-7.5961],[-47.4037,-7.5868],[-47.4068,-7.5634],[-47.4382,-7.5562],[-47.4273,-7.5254],[-47.4385,-7.5211],[-47.461,-7.5189],[-47.4667,-7.5284],[-47.4682,-7.531],[-47.4748,-7.533],[-47.5043,-7.4362],[-47.5199,-7.4317],[-47.5288,-7.4325],[-47.5499,-7.4392],[-47.5564,-7.4444],[-47.5628,-7.4496],[-47.5904,-7.4392],[-47.5771,-7.4157],[-47.4854,-7.3667],[-47.4774,-7.336],[-47.48,-7.3289],[-47.4825,-7.3219],[-47.4994,-7.2935],[-47.5415,-7.2653],[-47.5887,-7.2637],[-47.6266,-7.3004],[-47.6374,-7.3045],[-47.6481,-7.303],[-47.6906,-7.2379],[-47.7364,-7.2164],[-47.7458,-7.2008],[-47.7447,-7.1621],[-47.7159,-7.1414],[-47.7076,-7.1372],[-47.6936,-7.1366],[-47.6599,-7.151],[-47.644,-7.1432],[-47.6355,-7.1322],[-47.627,-7.1212],[-47.618,-7.0908],[-47.5459,-7.0144],[-47.5351,-6.9871],[-47.5295,-6.9761],[-47.5291,-6.9456],[-47.5072,-6.9068],[-47.5063,-6.902],[-47.5055,-6.8972],[-47.5282,-6.83],[-47.5163,-6.7899],[-47.4937,-6.7545],[-47.4982,-6.6708],[-47.4833,-6.644],[-47.4654,-6.6117],[-47.4629,-6.604],[-47.4561,-6.5379],[-47.4164,-6.4846],[-47.4324,-6.4351],[-47.431,-6.425],[-47.4089,-6.3316],[-47.3784,-6.2705],[-47.431,-6.1199],[-47.4281,-6.0376],[-47.4383,-6.0124],[-47.4475,-5.9925],[-47.4301,-5.9351],[-47.4306,-5.8688],[-47.4929,-5.7302],[-47.4928,-5.7199],[-47.4927,-5.7097],[-47.4733,-5.6616],[-47.4828,-5.5645],[-47.4997,-5.5252],[-47.5053,-5.5192],[-47.5108,-5.5132],[-47.5549,-5.4654],[-47.6182,-5.4594],[-47.6663,-5.4214],[-47.6853,-5.4124],[-47.7418,-5.3809],[-47.8271,-5.3862],[-47.8424,-5.3765],[-47.8433,-5.3758],[-47.8672,-5.3425],[-47.8669,-5.3213],[-47.8666,-5.3046],[-47.8735,-5.2728],[-47.8793,-5.2666],[-47.8851,-5.2603],[-47.9336,-5.2406],[-48.0058,-5.235],[-48.0788,-5.2747],[-48.1079,-5.2664],[-48.1081,-5.2663],[-48.1781,-5.2604],[-48.3205,-5.201],[-48.3527,-5.1735],[-48.3581,-5.1708],[-48.3635,-5.168],[-48.4657,-5.1851],[-48.4859,-5.1935],[-48.519,-5.1918],[-48.5288,-5.1982],[-48.5386,-5.2045],[-48.5606,-5.2298],[-48.5681,-5.2826],[-48.5837,-5.3109],[-48.6057,-5.3361],[-48.679,-5.3055],[-48.7131,-5.3523],[-48.7547,-5.3488],[-48.6438,-5.2617],[-48.4521,-5.1112],[-48.4337,-5.0959],[-48.4364,-5.0858],[-48.4372,-5.0832],[-48.4342,-5.0763],[-48.4269,-5.0749],[-48.4226,-5.0803],[-48.4186,-5.0853],[-48.3958,-5.07],[-47.7895,-4.5851],[-47.6795,-4.6082],[-47.6107,-4.556],[-47.6075,-4.5484],[-47.581,-4.5196],[-47.5629,-4.4751],[-47.5021,-4.4035],[-47.4757,-4.3546],[-47.473,-4.3141],[-47.3721,-4.2445],[-47.3761,-4.2307],[-47.3792,-4.2201],[-47.365,-4.1793],[-47.3418,-4.177],[-47.3503,-4.1163],[-47.3185,-4.0466],[-47.3072,-4.0577],[-47.3029,-4.0521],[-47.2939,-4.0525],[-47.2359,-3.994],[-47.2269,-3.9973],[-47.2259,-3.9977],[-47.2194,-3.9956],[-47.1989,-3.9707],[-47.1965,-3.9737],[-47.1932,-3.9776],[-47.1697,-3.9214],[-47.1558,-3.914],[-47.1463,-3.8965],[-47.1418,-3.8998],[-47.1386,-3.9021],[-47.1348,-3.8993],[-47.1348,-3.892],[-47.1347,-3.8814],[-47.1069,-3.8761],[-47.0877,-3.8551],[-47.0829,-3.8382],[-47.0854,-3.8317],[-47.0878,-3.8252],[-47.0619,-3.787],[-47.0611,-3.7289],[-47.0522,-3.7207],[-47.0497,-3.7185],[-47.0451,-3.7076],[-47.0517,-3.681],[-47.0361,-3.6711],[-47.0558,-3.6462],[-47.0469,-3.6456],[-47.0397,-3.6411],[-47.0482,-3.6193],[-47.0297,-3.6001],[-47.0374,-3.5625],[-47.019,-3.5626],[-47.0054,-3.5346],[-46.9766,-3.5257],[-46.97,-3.5145],[-46.9755,-3.5071],[-46.9831,-3.4968],[-46.9604,-3.4948],[-46.9659,-3.4811],[-46.9689,-3.4735],[-46.9634,-3.4744],[-46.9485,-3.4769],[-46.9488,-3.4659],[-46.9552,-3.4647],[-46.9562,-3.4614],[-46.9405,-3.4476],[-46.9555,-3.4233],[-46.9414,-3.4156],[-46.9421,-3.3749],[-46.907,-3.3668],[-46.8874,-3.3351],[-46.868,-3.3383],[-46.8671,-3.3332],[-46.8671,-3.3328],[-46.8725,-3.3274],[-46.8672,-3.3265],[-46.8638,-3.3317],[-46.8575,-3.3413],[-46.8493,-3.3181],[-46.813,-3.3092],[-46.8112,-3.3016],[-46.8216,-3.2956],[-46.8274,-3.2922],[-46.8185,-3.2857],[-46.8091,-3.2789],[-46.815,-3.2748],[-46.8236,-3.2689],[-46.8036,-3.2634],[-46.8047,-3.2565],[-46.807,-3.2415],[-46.7818,-3.2405],[-46.7789,-3.2147],[-46.7557,-3.2157],[-46.7567,-3.2083],[-46.7664,-3.2028],[-46.7705,-3.2005],[-46.7644,-3.1976],[-46.7568,-3.1938],[-46.7592,-3.186],[-46.7599,-3.1855],[-46.7733,-3.1754],[-46.7652,-3.1746],[-46.7578,-3.1815],[-46.752,-3.1869],[-46.7462,-3.1608],[-46.7373,-3.1598],[-46.7264,-3.1585],[-46.7234,-3.1508],[-46.7316,-3.1382],[-46.732,-3.126],[-46.7366,-3.1286],[-46.745,-3.1332],[-46.7474,-3.1205],[-46.7304,-3.1235],[-46.7291,-3.121],[-46.724,-3.1106],[-46.7193,-3.1085],[-46.7101,-3.128],[-46.7048,-3.1198],[-46.706,-3.1039],[-46.7064,-3.0978],[-46.6907,-3.0917],[-46.6904,-3.0918],[-46.6794,-3.0932],[-46.6785,-3.0352],[-46.664,-3.0096],[-46.6659,-3.0082],[-46.6724,-3.0034],[-46.6722,-2.9969],[-46.6688,-2.9928],[-46.6606,-2.9944],[-46.6517,-2.9962],[-46.6614,-2.9728],[-46.6604,-2.9727],[-46.6475,-2.9714],[-46.6712,-2.9468],[-46.6669,-2.9357],[-46.6652,-2.9351],[-46.6534,-2.9307],[-46.6792,-2.8814],[-46.6404,-2.8809],[-46.64,-2.8526],[-46.61,-2.8546],[-46.6135,-2.8286],[-46.5754,-2.841],[-46.6002,-2.8127],[-46.5994,-2.8041],[-46.5986,-2.7953],[-46.6019,-2.7888],[-46.627,-2.8041],[-46.6362,-2.7933],[-46.6355,-2.7542],[-46.6504,-2.7566],[-46.6524,-2.7291],[-46.6609,-2.7316],[-46.6677,-2.7337],[-46.6698,-2.7304],[-46.6635,-2.6938],[-46.6525,-2.6905],[-46.6465,-2.6887],[-46.6476,-2.6867],[-46.6503,-2.6818],[-46.6486,-2.6788],[-46.6421,-2.6824],[-46.6356,-2.6861],[-46.6202,-2.6658],[-46.6215,-2.6442],[-46.6107,-2.6435],[-46.6056,-2.6388],[-46.5984,-2.6541],[-46.5933,-2.665],[-46.5744,-2.6284],[-46.5046,-2.6146],[-46.5067,-2.6018],[-46.5088,-2.5891],[-46.487,-2.5698],[-46.4894,-2.5623],[-46.4932,-2.5602],[-46.5014,-2.5557],[-46.4951,-2.5391],[-46.4917,-2.5354],[-46.4658,-2.5433],[-46.416,-2.5291],[-46.4353,-2.51],[-46.4296,-2.4971],[-46.428,-2.4935],[-46.4396,-2.4125],[-46.4084,-2.3698],[-46.4108,-2.3618],[-46.4266,-2.359],[-46.4356,-2.3685],[-46.447,-2.3807],[-46.4539,-2.3833],[-46.463,-2.3756],[-46.4644,-2.371],[-46.4631,-2.3601],[-46.4363,-2.3337],[-46.4337,-2.331],[-46.4214,-2.2892],[-46.4169,-2.26],[-46.4191,-2.2576],[-46.4296,-2.2462],[-46.4319,-2.2395],[-46.4105,-2.2307],[-46.4013,-2.244],[-46.3918,-2.2498],[-46.3876,-2.2524],[-46.3819,-2.2497],[-46.3761,-2.247],[-46.3419,-2.2185],[-46.3419,-2.2104],[-46.3376,-2.2021],[-46.3308,-2.1891],[-46.2802,-2.1526],[-46.2896,-2.1502],[-46.2961,-2.1486],[-46.2966,-2.1429],[-46.2685,-2.1115],[-46.273,-2.0584],[-46.2481,-2.019],[-46.2182,-1.9129],[-46.2255,-1.8813],[-46.2336,-1.8811],[-46.2422,-1.881],[-46.2255,-1.8566],[-46.2096,-1.8335],[-46.2122,-1.8258],[-46.2149,-1.8181],[-46.2289,-1.8003],[-46.2938,-1.7933],[-46.299,-1.7976],[-46.3066,-1.8039],[-46.3236,-1.7652],[-46.3047,-1.7274],[-46.2907,-1.7231],[-46.2765,-1.7257],[-46.2613,-1.7284],[-46.2518,-1.7227],[-46.2423,-1.7169],[-46.2351,-1.7205],[-46.2247,-1.7257],[-46.2178,-1.7267],[-46.1532,-1.6756],[-46.1596,-1.6242],[-46.1443,-1.6092],[-46.1492,-1.5876],[-46.1397,-1.5827],[-46.1316,-1.5785],[-46.1421,-1.5209],[-46.1762,-1.475],[-46.1576,-1.4595],[-46.1391,-1.4441],[-46.1375,-1.4358],[-46.1461,-1.4289],[-46.1556,-1.4212],[-46.1311,-1.4001],[-46.1038,-1.3366],[-46.1057,-1.3321],[-46.1213,-1.3332],[-46.1289,-1.3337],[-46.1324,-1.3299],[-46.1316,-1.3197],[-46.1308,-1.3099],[-46.1398,-1.3088],[-46.1489,-1.3077],[-46.1625,-1.278],[-46.1403,-1.2492],[-46.1455,-1.2368],[-46.1507,-1.2244],[-46.1302,-1.2064],[-46.1133,-1.197],[-46.1124,-1.1965],[-46.0767,-1.1959],[-46.0746,-1.1606],[-46.0559,-1.1312],[-46.0398,-1.1726],[-46.0456,-1.1208],[-46.0155,-1.0839],[-46.0176,-1.0746],[-46.016,-1.0684],[-46.0151,-1.0648],[-45.9991,-1.0893],[-45.9871,-1.0463],[-45.9751,-1.0463],[-45.9647,-1.0463],[-45.9789,-1.0666],[-45.9696,-1.0624],[-45.9579,-1.0848],[-45.9882,-1.0898],[-45.9747,-1.0876],[-45.974,-1.0875],[-45.9703,-1.0869],[-45.9816,-1.1221],[-45.9754,-1.1151],[-45.9676,-1.1111],[-45.9611,-1.1078],[-45.9534,-1.1084],[-45.9524,-1.1232],[-45.9898,-1.1378],[-45.985,-1.1466],[-45.9915,-1.1525],[-45.9939,-1.1621],[-45.9856,-1.1547],[-45.9808,-1.1664],[-45.9736,-1.1418],[-45.9418,-1.1382],[-45.9563,-1.2334],[-45.9481,-1.2383],[-45.9367,-1.1909],[-45.875,-1.0973],[-45.8863,-1.0918],[-45.8576,-1.0704],[-45.8618,-1.0692],[-45.866,-1.068],[-45.8712,-1.0608],[-45.8459,-1.0451],[-45.8387,-1.1008],[-45.8515,-1.1254],[-45.8555,-1.1266],[-45.8588,-1.1275],[-45.8803,-1.1337],[-45.9079,-1.1763],[-45.9017,-1.1931],[-45.8998,-1.1773],[-45.8994,-1.1739],[-45.8845,-1.1546],[-45.8614,-1.1512],[-45.8771,-1.1716],[-45.8608,-1.1672],[-45.8653,-1.2016],[-45.8943,-1.2266],[-45.9043,-1.2226],[-45.8984,-1.2281],[-45.8948,-1.2304],[-45.8471,-1.209],[-45.8636,-1.2342],[-45.8479,-1.2229],[-45.8447,-1.2203],[-45.8451,-1.2222],[-45.8465,-1.2297],[-45.8524,-1.235],[-45.8798,-1.2599],[-45.8568,-1.2527],[-45.8598,-1.2836],[-45.831,-1.1934],[-45.8121,-1.2183],[-45.8201,-1.1901],[-45.8232,-1.1792],[-45.8141,-1.1662],[-45.7882,-1.1671],[-45.8041,-1.2077],[-45.7952,-1.2218],[-45.8391,-1.2835],[-45.8014,-1.2497],[-45.7942,-1.2518],[-45.7857,-1.2495],[-45.7796,-1.2646],[-45.797,-1.2769],[-45.7939,-1.2786],[-45.7819,-1.2697],[-45.7761,-1.2748],[-45.7844,-1.2441],[-45.7687,-1.2167],[-45.7665,-1.1911],[-45.7631,-1.1921],[-45.7593,-1.1952],[-45.7593,-1.2016],[-45.7398,-1.1508],[-45.729,-1.149],[-45.736,-1.1344],[-45.7139,-1.1268],[-45.6912,-1.1277],[-45.687,-1.1342],[-45.6796,-1.1378],[-45.7255,-1.2005],[-45.7256,-1.2236],[-45.7456,-1.237],[-45.719,-1.2313],[-45.7148,-1.2409],[-45.7115,-1.2483],[-45.6948,-1.2676],[-45.6951,-1.2827],[-45.7021,-1.2987],[-45.6994,-1.3085],[-45.7185,-1.3135],[-45.7296,-1.3459],[-45.7211,-1.3502],[-45.7282,-1.3407],[-45.7179,-1.3286],[-45.7175,-1.3186],[-45.7129,-1.3141],[-45.7045,-1.3156],[-45.6976,-1.3129],[-45.6776,-1.3444],[-45.7388,-1.3822],[-45.7003,-1.3581],[-45.7006,-1.3653],[-45.7016,-1.3783],[-45.7025,-1.3895],[-45.7167,-1.4019],[-45.7187,-1.4037],[-45.6858,-1.3969],[-45.6932,-1.3699],[-45.6929,-1.3698],[-45.6672,-1.3676],[-45.6765,-1.3779],[-45.6634,-1.369],[-45.6376,-1.3719],[-45.6287,-1.3654],[-45.6155,-1.3406],[-45.6137,-1.3332],[-45.6136,-1.2781],[-45.5799,-1.2571],[-45.5773,-1.2759],[-45.5873,-1.2942],[-45.588,-1.2943],[-45.597,-1.2956],[-45.59,-1.3],[-45.5884,-1.3073],[-45.5806,-1.2954],[-45.5654,-1.2796],[-45.5266,-1.2667],[-45.5358,-1.2883],[-45.5365,-1.2881],[-45.5398,-1.2874],[-45.5461,-1.2869],[-45.541,-1.293],[-45.5386,-1.2955],[-45.5426,-1.3033],[-45.5512,-1.3075],[-45.5515,-1.303],[-45.5533,-1.2928],[-45.5547,-1.3143],[-45.5543,-1.3179],[-45.5628,-1.3283],[-45.5576,-1.3289],[-45.56,-1.3409],[-45.551,-1.3508],[-45.5541,-1.3381],[-45.5517,-1.3333],[-45.5481,-1.3314],[-45.5408,-1.3384],[-45.537,-1.3382],[-45.5148,-1.2972],[-45.5049,-1.2925],[-45.5021,-1.2911],[-45.5006,-1.2936],[-45.5219,-1.3581],[-45.5074,-1.3776],[-45.5126,-1.3848],[-45.5206,-1.3956],[-45.5268,-1.404],[-45.5185,-1.4118],[-45.5151,-1.4061],[-45.5045,-1.3946],[-45.4966,-1.3902],[-45.4763,-1.337],[-45.47,-1.3499],[-45.4905,-1.3795],[-45.4801,-1.373],[-45.4768,-1.363],[-45.4659,-1.3496],[-45.4679,-1.3367],[-45.4695,-1.3256],[-45.4652,-1.3194],[-45.4377,-1.3095],[-45.4421,-1.2954],[-45.4153,-1.2903],[-45.4097,-1.2893],[-45.4017,-1.3074],[-45.4048,-1.3286],[-45.4076,-1.336],[-45.4104,-1.3434],[-45.4176,-1.3515],[-45.4218,-1.3517],[-45.4237,-1.3482],[-45.4243,-1.3471],[-45.4274,-1.3412],[-45.4319,-1.3578],[-45.4438,-1.3652],[-45.4442,-1.3618],[-45.4444,-1.3592],[-45.4452,-1.3514],[-45.4482,-1.3624],[-45.4535,-1.3601],[-45.4672,-1.3731],[-45.4761,-1.4338],[-45.4881,-1.4313],[-45.4729,-1.4464],[-45.4731,-1.4562],[-45.4736,-1.4569],[-45.4842,-1.4753],[-45.474,-1.4767],[-45.4711,-1.4778],[-45.4698,-1.4783],[-45.4692,-1.4815],[-45.4674,-1.4915],[-45.4732,-1.4995],[-45.4644,-1.4933],[-45.4562,-1.4966],[-45.4531,-1.4979],[-45.4499,-1.5172],[-45.457,-1.5299],[-45.4743,-1.5231],[-45.4808,-1.5334],[-45.4873,-1.53],[-45.4432,-1.5427],[-45.4452,-1.5378],[-45.4541,-1.5329],[-45.4465,-1.5185],[-45.4458,-1.5007],[-45.4602,-1.482],[-45.4481,-1.4485],[-45.416,-1.4153],[-45.416,-1.453],[-45.4281,-1.4649],[-45.4189,-1.4711],[-45.4105,-1.4845],[-45.4048,-1.4869],[-45.4189,-1.4711],[-45.4229,-1.4653],[-45.4124,-1.4544],[-45.4126,-1.4419],[-45.4084,-1.4337],[-45.3981,-1.4455],[-45.4057,-1.4577],[-45.3945,-1.4472],[-45.4041,-1.4339],[-45.4019,-1.4218],[-45.396,-1.4167],[-45.3935,-1.4145],[-45.3879,-1.4207],[-45.384,-1.4251],[-45.3817,-1.4205],[-45.3865,-1.4159],[-45.3906,-1.4122],[-45.3647,-1.3812],[-45.3471,-1.3927],[-45.3506,-1.382],[-45.36,-1.3784],[-45.3647,-1.3765],[-45.3726,-1.3912],[-45.3712,-1.3625],[-45.3607,-1.3574],[-45.3562,-1.3494],[-45.3491,-1.3416],[-45.3461,-1.3435],[-45.3425,-1.3467],[-45.3388,-1.3498],[-45.3423,-1.3499],[-45.348,-1.3501],[-45.3542,-1.3566],[-45.3423,-1.3513],[-45.3388,-1.3498],[-45.3342,-1.3569],[-45.3307,-1.3641],[-45.3292,-1.3613],[-45.3551,-1.3142],[-45.3429,-1.3073],[-45.3171,-1.3178],[-45.3002,-1.3443],[-45.3048,-1.3847],[-45.304,-1.3869],[-45.3005,-1.3964],[-45.301,-1.3713],[-45.2971,-1.3675],[-45.2944,-1.373],[-45.2926,-1.4213],[-45.3041,-1.406],[-45.3049,-1.407],[-45.3105,-1.4138],[-45.3155,-1.4114],[-45.3035,-1.409],[-45.3029,-1.4122],[-45.3002,-1.4222],[-45.3041,-1.4307],[-45.3103,-1.4335],[-45.313,-1.4401],[-45.3541,-1.4528],[-45.3879,-1.4814],[-45.3873,-1.4916],[-45.387,-1.4955],[-45.3792,-1.5144],[-45.3842,-1.4846],[-45.3453,-1.4695],[-45.3744,-1.549],[-45.3372,-1.4746],[-45.3252,-1.4863],[-45.3276,-1.503],[-45.3352,-1.5037],[-45.3264,-1.506],[-45.327,-1.5167],[-45.3218,-1.4734],[-45.2977,-1.4942],[-45.3152,-1.5557],[-45.3234,-1.5601],[-45.3264,-1.5618],[-45.3389,-1.5844],[-45.3407,-1.6245],[-45.3426,-1.6228],[-45.3429,-1.6226],[-45.3523,-1.6152],[-45.3436,-1.6256],[-45.3432,-1.626],[-45.3406,-1.6288],[-45.3547,-1.6669],[-45.3748,-1.6771],[-45.3646,-1.6744],[-45.3715,-1.6852],[-45.3753,-1.6905],[-45.3716,-1.7007],[-45.3715,-1.6852],[-45.3646,-1.6802],[-45.3614,-1.6798],[-45.3574,-1.6793],[-45.362,-1.6968],[-45.3626,-1.6994],[-45.3656,-1.7102],[-45.3594,-1.7285],[-45.3524,-1.7363],[-45.3477,-1.735],[-45.3384,-1.7324],[-45.309,-1.6003],[-45.2914,-1.5925],[-45.2747,-1.6106],[-45.2751,-1.6116],[-45.2781,-1.6188],[-45.2476,-1.6223],[-45.2527,-1.595],[-45.2338,-1.5486],[-45.2068,-1.5296],[-45.1963,-1.5137],[-45.1801,-1.5234],[-45.1432,-1.4627],[-45.1425,-1.4911],[-45.1274,-1.5075],[-45.1419,-1.5197],[-45.1453,-1.5226],[-45.1385,-1.5212],[-45.1262,-1.5115],[-45.1286,-1.5291],[-45.1297,-1.4591],[-45.1015,-1.4086],[-45.1136,-1.3854],[-45.101,-1.3602],[-45.0986,-1.3626],[-45.0927,-1.3691],[-45.1035,-1.4263],[-45.0981,-1.5117],[-45.0951,-1.5132],[-45.0915,-1.5031],[-45.0902,-1.4962],[-45.0999,-1.4898],[-45.0999,-1.4789],[-45.0779,-1.487],[-45.0656,-1.4548],[-45.0642,-1.4756],[-45.0638,-1.4806],[-45.0648,-1.5022],[-45.0783,-1.5184],[-45.0538,-1.478],[-45.0395,-1.4998],[-45.0394,-1.4923],[-45.0394,-1.4905],[-45.0042,-1.4814],[-44.9582,-1.5148],[-44.9612,-1.4928],[-44.958,-1.4863],[-44.9564,-1.4832],[-44.9454,-1.4764],[-44.9425,-1.4793],[-44.9348,-1.4869],[-44.9464,-1.4915],[-44.9499,-1.4918],[-44.9426,-1.517],[-44.9464,-1.4915],[-44.9043,-1.4898],[-44.9205,-1.4794],[-44.8806,-1.4432],[-44.8771,-1.4476],[-44.869,-1.4577],[-44.8641,-1.4214],[-44.8156,-1.418],[-44.8102,-1.4297],[-44.8227,-1.4377],[-44.8236,-1.4298],[-44.8345,-1.4483],[-44.8279,-1.4876],[-44.8311,-1.4908],[-44.8376,-1.4869],[-44.8432,-1.4836],[-44.8406,-1.4595],[-44.8404,-1.4581],[-44.8463,-1.4707],[-44.8463,-1.4755],[-44.8464,-1.4885],[-44.8792,-1.4817],[-44.8518,-1.4922],[-44.8753,-1.4981],[-44.8633,-1.4984],[-44.8662,-1.5087],[-44.8726,-1.5167],[-44.8863,-1.5201],[-44.8768,-1.5232],[-44.876,-1.5235],[-44.8829,-1.5344],[-44.88,-1.5396],[-44.8978,-1.548],[-44.898,-1.548],[-44.9066,-1.5477],[-44.8976,-1.6134],[-44.8935,-1.6105],[-44.8811,-1.6037],[-44.8663,-1.6028],[-44.8455,-1.6239],[-44.8211,-1.575],[-44.7774,-1.6244],[-44.7978,-1.6592],[-44.784,-1.6518],[-44.7813,-1.647],[-44.7722,-1.6307],[-44.7843,-1.5825],[-44.759,-1.5619],[-44.7697,-1.6109],[-44.7581,-1.6167],[-44.7576,-1.6222],[-44.7573,-1.6255],[-44.7506,-1.6201],[-44.7495,-1.6159],[-44.7541,-1.6137],[-44.7571,-1.6124],[-44.7645,-1.6089],[-44.7618,-1.6054],[-44.7546,-1.5973],[-44.7416,-1.6078],[-44.7493,-1.5949],[-44.7474,-1.5878],[-44.7235,-1.5708],[-44.7167,-1.5624],[-44.7137,-1.5587],[-44.7014,-1.57],[-44.6979,-1.5529],[-44.7194,-1.6124],[-44.7146,-1.6045],[-44.7022,-1.5904],[-44.6978,-1.5932],[-44.6949,-1.5968],[-44.6918,-1.5995],[-44.692,-1.5949],[-44.6978,-1.5932],[-44.6968,-1.5864],[-44.6777,-1.5639],[-44.6423,-1.6239],[-44.6471,-1.6472],[-44.6569,-1.666],[-44.6711,-1.6444],[-44.6993,-1.6513],[-44.6996,-1.6462],[-44.6999,-1.641],[-44.7033,-1.6519],[-44.7374,-1.6555],[-44.7407,-1.6513],[-44.7449,-1.6468],[-44.744,-1.6527],[-44.7419,-1.6608],[-44.76,-1.6812],[-44.7839,-1.6706],[-44.7933,-1.6844],[-44.7799,-1.6753],[-44.7734,-1.6923],[-44.8044,-1.7043],[-44.7548,-1.735],[-44.7874,-1.7499],[-44.784,-1.7454],[-44.7657,-1.7488],[-44.7555,-1.7435],[-44.7516,-1.7319],[-44.7723,-1.7107],[-44.7324,-1.7255],[-44.7011,-1.719],[-44.6981,-1.732],[-44.6968,-1.7376],[-44.7525,-1.7857],[-44.8137,-1.8145],[-44.8006,-1.8177],[-44.7842,-1.7954],[-44.7641,-1.7978],[-44.7413,-1.7905],[-44.7164,-1.7825],[-44.7592,-1.818],[-44.7143,-1.7927],[-44.7142,-1.7928],[-44.7103,-1.8023],[-44.6963,-1.7723],[-44.6906,-1.7729],[-44.6848,-1.7735],[-44.6638,-1.7671],[-44.6631,-1.7632],[-44.6628,-1.7614],[-44.6596,-1.7434],[-44.6541,-1.7518],[-44.6533,-1.7597],[-44.6527,-1.7656],[-44.6736,-1.801],[-44.6466,-1.7643],[-44.6476,-1.7907],[-44.6513,-1.7441],[-44.6483,-1.7421],[-44.6467,-1.7355],[-44.6381,-1.7353],[-44.6486,-1.7321],[-44.6547,-1.7205],[-44.5934,-1.7437],[-44.6364,-1.7952],[-44.6328,-1.8288],[-44.6192,-1.8235],[-44.5955,-1.8497],[-44.6187,-1.8653],[-44.6331,-1.8585],[-44.6332,-1.8532],[-44.6391,-1.8574],[-44.6193,-1.8683],[-44.6035,-1.8613],[-44.5985,-1.8547],[-44.5949,-1.853],[-44.5834,-1.8595],[-44.5937,-1.8133],[-44.5698,-1.7971],[-44.5609,-1.8396],[-44.5791,-1.8592],[-44.5533,-1.8462],[-44.5454,-1.8212],[-44.5418,-1.8249],[-44.5295,-1.8379],[-44.5322,-1.8484],[-44.5444,-1.8656],[-44.5475,-1.8699],[-44.5992,-1.897],[-44.5903,-1.9042],[-44.5849,-1.8985],[-44.5804,-1.894],[-44.5738,-1.8943],[-44.5714,-1.9149],[-44.546,-1.8898],[-44.5413,-1.8927],[-44.5438,-1.8997],[-44.5453,-1.9038],[-44.5417,-1.8994],[-44.5378,-1.8947],[-44.5359,-1.8971],[-44.5349,-1.8986],[-44.5282,-1.9087],[-44.5228,-1.882],[-44.5021,-1.9271],[-44.4932,-1.933],[-44.4875,-1.9449],[-44.4875,-1.9581],[-44.4875,-1.9666],[-44.492,-1.9649],[-44.5053,-1.9597],[-44.5043,-1.9528],[-44.5037,-1.9489],[-44.5186,-1.9541],[-44.4868,-1.9751],[-44.4846,-2.0022],[-44.4922,-2.0056],[-44.4963,-2.0074],[-44.4749,-2.0218],[-44.4656,-2.0157],[-44.47,-2.0221],[-44.4741,-2.0404],[-44.4999,-2.0534],[-44.5,-2.1002],[-44.4992,-2.1414],[-44.4604,-2.1443],[-44.4336,-2.1671],[-44.4388,-2.1907],[-44.4353,-2.1837],[-44.4304,-2.1832],[-44.3956,-2.2132],[-44.4144,-2.2279],[-44.3926,-2.2227],[-44.3785,-2.2752],[-44.3803,-2.2751],[-44.3895,-2.2748],[-44.379,-2.2781],[-44.3756,-2.2792],[-44.3599,-2.3173],[-44.3573,-2.3268],[-44.3555,-2.3388],[-44.3754,-2.359],[-44.3708,-2.3676],[-44.3695,-2.37],[-44.3732,-2.3895],[-44.3747,-2.3918],[-44.3763,-2.3942],[-44.3853,-2.4074],[-44.4124,-2.4127],[-44.3737,-2.4538],[-44.3256,-2.4997],[-44.1785,-2.4593],[-44.1007,-2.4111],[-44.0803,-2.4248],[-44.0923,-2.4064],[-44.0676,-2.4038],[-44.0297,-2.4077],[-44.024,-2.405],[-44.0233,-2.4015],[-44.0224,-2.3979],[-44.0219,-2.4499],[-44.0724,-2.4362],[-44.0714,-2.4412],[-44.0644,-2.4451],[-44.0656,-2.4489],[-44.1012,-2.4643],[-44.0587,-2.4607],[-44.0637,-2.4658],[-44.0765,-2.4652],[-44.0707,-2.4682],[-44.0646,-2.4715],[-44.0618,-2.4826],[-44.0565,-2.4659],[-44.0377,-2.4644],[-44.0312,-2.4638],[-43.9947,-2.4657],[-43.9768,-2.4666],[-43.9676,-2.4743],[-43.9584,-2.4819],[-43.968,-2.5129],[-43.9782,-2.5458],[-43.9996,-2.5783],[-43.9962,-2.5773],[-43.9801,-2.5728],[-43.9598,-2.542],[-43.9246,-2.5105],[-43.8997,-2.4615],[-43.8916,-2.4342],[-43.8667,-2.4066],[-43.8616,-2.398],[-43.8566,-2.3893],[-43.8268,-2.3609],[-43.7883,-2.3421],[-43.7474,-2.373],[-43.7482,-2.3678],[-43.7509,-2.3649],[-43.7607,-2.3546],[-43.7282,-2.2876],[-43.6148,-2.219],[-43.587,-2.2291],[-43.5762,-2.2379],[-43.5653,-2.2466],[-43.5176,-2.3423],[-43.5011,-2.3665],[-43.4915,-2.3712],[-43.4527,-2.3362],[-43.3797,-2.3248],[-43.1848,-2.3732],[-42.7928,-2.5597],[-42.7614,-2.5675],[-42.7442,-2.5574],[-42.7367,-2.5784],[-42.7211,-2.5894],[-42.707,-2.5901],[-42.6988,-2.5908],[-42.6955,-2.5986],[-42.6941,-2.603],[-42.691,-2.6135],[-42.7038,-2.6404],[-42.6978,-2.6457],[-42.6947,-2.6477],[-42.6853,-2.619],[-42.693,-2.5865],[-42.7255,-2.5766],[-42.7128,-2.5604],[-42.7411,-2.5556],[-42.7104,-2.5569],[-42.5977,-2.6596],[-42.544,-2.6869],[-42.5041,-2.6799],[-42.4923,-2.6962],[-42.4825,-2.7097],[-42.4787,-2.7117],[-42.4837,-2.6921],[-42.4738,-2.6923],[-42.4338,-2.7065],[-42.3684,-2.7103],[-42.329,-2.6929],[-42.3238,-2.6835],[-42.2744,-2.6943],[-42.2278,-2.6668],[-42.2124,-2.7013],[-42.213,-2.6909],[-42.2161,-2.6906],[-42.2206,-2.6903],[-42.217,-2.6851],[-42.2145,-2.6844],[-42.2117,-2.6837],[-42.2031,-2.6855],[-42.1611,-2.6944],[-42.1574,-2.6951],[-42.0502,-2.6888],[-42.0573,-2.7031],[-42.0241,-2.7583],[-42.0164,-2.7172],[-42.0103,-2.7157],[-42.0059,-2.7147],[-41.8234,-2.7189],[-41.8137,-2.739],[-41.8487,-2.7732],[-41.8464,-2.8051],[-41.8441,-2.8104],[-41.8407,-2.8182],[-41.8433,-2.8235],[-41.8506,-2.8266],[-41.8612,-2.831],[-41.8651,-2.8745],[-41.8076,-2.9377],[-41.8029,-2.9449],[-41.7964,-2.9662],[-41.8143,-2.9877],[-41.8239,-3.0241],[-41.9224,-3.1076],[-41.9387,-3.187],[-41.9641,-3.1786],[-41.9712,-3.1924],[-41.9743,-3.2119],[-42.0099,-3.246],[-42.1154,-3.262],[-42.1348,-3.2806],[-42.1335,-3.2851],[-42.1322,-3.2897],[-42.1282,-3.2903],[-42.1019,-3.2943],[-42.0973,-3.298],[-42.096,-3.3037],[-42.0997,-3.311],[-42.1102,-3.3134],[-42.1133,-3.3142],[-42.1219,-3.3215],[-42.128,-3.3426],[-42.1274,-3.3443],[-42.1241,-3.3525],[-42.1283,-3.3541],[-42.1342,-3.3564],[-42.1421,-3.3594],[-42.1518,-3.3871],[-42.1852,-3.3922],[-42.19,-3.3952],[-42.204,-3.4354],[-42.2425,-3.4327],[-42.2984,-3.4526],[-42.3304,-3.4335],[-42.3539,-3.4481],[-42.3734,-3.4526],[-42.3764,-3.4517],[-42.3923,-3.4472],[-42.4093,-3.4749],[-42.4319,-3.4543],[-42.4479,-3.478],[-42.448,-3.4781],[-42.4583,-3.4853],[-42.4597,-3.4852],[-42.4661,-3.4847],[-42.4728,-3.4834],[-42.4859,-3.4707],[-42.486,-3.467],[-42.4869,-3.4486],[-42.4917,-3.4481],[-42.498,-3.4474],[-42.5062,-3.4785],[-42.5124,-3.4822],[-42.5292,-3.4921],[-42.5346,-3.5001],[-42.5338,-3.5083],[-42.533,-3.5176],[-42.562,-3.5554],[-42.5721,-3.5691],[-42.6093,-3.5858],[-42.617,-3.6117],[-42.6218,-3.6212],[-42.6242,-3.6259],[-42.6754,-3.6752],[-42.6824,-3.7031],[-42.6685,-3.729],[-42.6707,-3.7412],[-42.6828,-3.763],[-42.6683,-3.7905],[-42.7208,-3.875],[-42.7212,-3.8788],[-42.7216,-3.8826],[-42.7258,-3.9096],[-42.7322,-3.9175],[-42.7385,-3.9253],[-42.7847,-3.9576],[-42.7928,-3.9806],[-42.7975,-3.9962],[-42.8233,-3.9918],[-42.8625,-4.0925],[-42.9027,-4.124],[-42.8879,-4.1551],[-42.9084,-4.1558],[-42.9261,-4.1564],[-42.9356,-4.1614],[-42.9888,-4.2337],[-42.9834,-4.2875],[-42.982,-4.294],[-42.9806,-4.3005],[-42.9764,-4.3081],[-42.9619,-4.3342],[-42.9621,-4.3439],[-42.9624,-4.3537],[-42.9629,-4.376],[-42.9583,-4.3829],[-42.9521,-4.3857],[-42.9504,-4.3865],[-42.9398,-4.3841],[-42.9301,-4.382],[-42.8873,-4.4114],[-42.8795,-4.4198],[-42.8716,-4.4282],[-42.876,-4.4637],[-42.8689,-4.4679],[-42.8537,-4.4768],[-42.8501,-4.481],[-42.8743,-4.5353],[-42.8743,-4.5817],[-42.9542,-4.6891],[-42.9203,-4.736],[-42.9255,-4.7496],[-42.9481,-4.7665],[-42.9494,-4.7903],[-42.8971,-4.8423],[-42.8959,-4.8875],[-42.8544,-4.9366],[-42.8592,-4.9819],[-42.7976,-5.1828],[-42.8271,-5.2334],[-42.812,-5.2818],[-42.8124,-5.2907],[-42.8129,-5.2997],[-42.8259,-5.3466],[-42.8821,-5.3893],[-42.8998,-5.3911],[-42.9043,-5.3916],[-42.9097,-5.3945],[-42.9308,-5.4375],[-42.9496,-5.4427],[-42.9621,-5.4461],[-43.0342,-5.5919],[-43.0484,-5.5916],[-43.0648,-5.5957],[-43.0803,-5.5995],[-43.0986,-5.6328],[-43.0907,-5.6334],[-43.0903,-5.634],[-43.0823,-5.6469],[-43.0877,-5.6828],[-43.0772,-5.7312],[-43.0798,-5.7415],[-43.0879,-5.7417],[-43.0944,-5.7417],[-43.0966,-5.7453],[-43.1009,-5.7651],[-43.0963,-5.8296],[-43.0772,-5.8648],[-43.099,-5.9007],[-43.0813,-5.9608],[-43.0494,-5.9934],[-43.0746,-6.0543],[-43.0496,-6.0994],[-42.9821,-6.1291],[-42.9751,-6.1672],[-42.9716,-6.1725],[-42.9682,-6.1779],[-42.8667,-6.2343],[-42.8466,-6.2821],[-42.849,-6.2981],[-42.8503,-6.307],[-42.8598,-6.3302],[-42.8543,-6.3333],[-42.849,-6.3308],[-42.8367,-6.325],[-42.8289,-6.337],[-42.8315,-6.3424],[-42.852,-6.3587],[-42.8774,-6.4175],[-42.8674,-6.4845],[-42.8851,-6.505],[-42.8847,-6.5085],[-42.8794,-6.5098],[-42.8714,-6.5116],[-42.8891,-6.5381],[-42.8842,-6.5601],[-42.8847,-6.5667],[-42.8852,-6.5733],[-42.9037,-6.5973],[-42.9194,-6.6699],[-42.9493,-6.7045],[-42.9786,-6.7184],[-42.991,-6.7451],[-42.9959,-6.7496],[-43.0008,-6.7541],[-43.0263,-6.7606],[-43.033,-6.7623],[-43.0817,-6.7477],[-43.1047,-6.7704],[-43.1304,-6.7806],[-43.1456,-6.7827],[-43.1523,-6.7824],[-43.1683,-6.7693],[-43.2035,-6.7638],[-43.2443,-6.766],[-43.2783,-6.7962],[-43.3069,-6.8005],[-43.3486,-6.7977],[-43.3561,-6.8083],[-43.3637,-6.8189],[-43.3736,-6.8182],[-43.3875,-6.8173],[-43.3897,-6.8274],[-43.3912,-6.834],[-43.4196,-6.8434],[-43.4816,-6.8347],[-43.4893,-6.8197],[-43.4897,-6.8189],[-43.4949,-6.8089],[-43.5459,-6.7827],[-43.5465,-6.7799],[-43.5504,-6.762],[-43.5604,-6.7495],[-43.584,-6.7571],[-43.6371,-6.7192],[-43.7156,-6.6988],[-43.7283,-6.7044],[-43.7536,-6.7026],[-43.7603,-6.7021],[-43.7659,-6.707],[-43.7678,-6.7087],[-43.7744,-6.7146],[-43.7819,-6.7102],[-43.795,-6.7025],[-43.8024,-6.7124],[-43.8068,-6.7183],[-43.8197,-6.7269],[-43.8534,-6.7352],[-43.8795,-6.7573],[-43.9134,-6.7523],[-43.9185,-6.7554],[-43.9242,-6.7647],[-43.9281,-6.7711],[-43.9608,-6.7415],[-43.9703,-6.7438],[-43.9873,-6.7569],[-44.033,-6.76],[-44.0425,-6.7691],[-44.053,-6.7679],[-44.0693,-6.821],[-44.0766,-6.8207],[-44.084,-6.8096],[-44.0885,-6.8029],[-44.1096,-6.8031],[-44.1139,-6.8047],[-44.1028,-6.8528],[-44.1086,-6.8572],[-44.1138,-6.8525],[-44.1144,-6.8434],[-44.1148,-6.838],[-44.1195,-6.8324],[-44.1278,-6.8415],[-44.1363,-6.8588],[-44.1388,-6.8637],[-44.1496,-6.8681],[-44.1605,-6.8724],[-44.1741,-6.8932],[-44.1746,-6.8961],[-44.1751,-6.899],[-44.1731,-6.9239],[-44.201,-6.9321],[-44.2056,-6.9631],[-44.2355,-6.9983],[-44.2485,-6.9983],[-44.256,-6.9983],[-44.2616,-6.9983],[-44.2748,-7.069],[-44.3058,-7.1168],[-44.3155,-7.1176],[-44.3226,-7.1138],[-44.3326,-7.1083],[-44.3796,-7.1186],[-44.5004,-7.1843],[-44.5143,-7.196],[-44.5233,-7.2172],[-44.5246,-7.2204],[-44.5637,-7.2271],[-44.6163,-7.3075],[-44.6629,-7.3314],[-44.6876,-7.3941],[-44.7295,-7.3907],[-44.7426,-7.3618],[-44.7805,-7.3778],[-44.7835,-7.3745],[-44.7864,-7.3711],[-44.8163,-7.3608],[-44.8685,-7.4219],[-44.901,-7.4256],[-44.924,-7.4699],[-44.9883,-7.4819],[-45.0445,-7.5108],[-45.0845,-7.5022],[-45.1367,-7.5212],[-45.155,-7.5131],[-45.2177,-7.5675],[-45.2327,-7.5495],[-45.2518,-7.5601],[-45.2564,-7.5653],[-45.261,-7.5705],[-45.3394,-7.5799],[-45.3732,-7.6184],[-45.3937,-7.6126],[-45.3986,-7.6397],[-45.4323,-7.6611],[-45.4348,-7.6753],[-45.4556,-7.6703],[-45.4489,-7.6839],[-45.4685,-7.6887],[-45.4683,-7.7049],[-45.4683,-7.7054],[-45.4683,-7.7129],[-45.4865,-7.7286],[-45.4818,-7.751],[-45.4961,-7.7499],[-45.4887,-7.7583],[-45.4884,-7.7586],[-45.4843,-7.7633],[-45.4924,-7.7767],[-45.4895,-7.7861],[-45.5002,-7.7853],[-45.5246,-7.8565],[-45.54,-7.8643],[-45.5204,-7.8877],[-45.5426,-7.8973],[-45.5232,-7.9118],[-45.5435,-7.9206],[-45.5557,-7.9539],[-45.5494,-7.9576],[-45.5491,-7.9578],[-45.5447,-7.9603],[-45.5667,-7.9967],[-45.5494,-8.0141],[-45.5759,-8.0287],[-45.5753,-8.0294],[-45.561,-8.0475],[-45.5831,-8.0979],[-45.581,-8.1557],[-45.6107,-8.1866],[-45.6077,-8.2046],[-45.6597,-8.2484],[-45.6611,-8.2496],[-45.6871,-8.3552],[-45.7313,-8.4152],[-45.7456,-8.4933],[-45.7418,-8.497],[-45.738,-8.5008],[-45.7609,-8.5614],[-45.7934,-8.584],[-45.7652,-8.6092],[-45.7777,-8.6174],[-45.7838,-8.6159],[-45.7971,-8.6126],[-45.7983,-8.6206],[-45.8034,-8.6216],[-45.8151,-8.6328],[-45.8206,-8.6492],[-45.8186,-8.6536],[-45.8171,-8.654],[-45.8112,-8.6557],[-45.8206,-8.6652],[-45.8395,-8.7149],[-45.8521,-8.7097],[-45.8529,-8.7094],[-45.8642,-8.7155],[-45.8634,-8.724],[-45.8629,-8.7294],[-45.8713,-8.7306],[-45.874,-8.731],[-45.8889,-8.7393],[-45.8896,-8.746],[-45.8912,-8.7624],[-45.9057,-8.7587],[-45.9072,-8.7583],[-45.9346,-8.7787],[-45.9603,-8.8185],[-45.9451,-8.84],[-45.9711,-8.862],[-45.9723,-8.8687],[-45.9716,-8.8697],[-45.9672,-8.8755],[-45.9939,-8.9265],[-45.9919,-8.9401],[-45.9804,-8.9664],[-45.943,-9.0149],[-45.9227,-9.0899],[-45.9277,-9.1375],[-45.8967,-9.1861],[-45.8993,-9.191],[-45.9029,-9.1909],[-45.9052,-9.1908],[-45.8955,-9.2811],[-45.9066,-9.2976],[-45.8933,-9.3418],[-45.8237,-9.3745],[-45.7974,-9.4168],[-45.7834,-9.4797],[-45.8213,-9.519],[-45.841,-9.5619],[-45.8362,-9.6019],[-45.8318,-9.6039],[-45.825,-9.6071],[-45.8195,-9.6179],[-45.8376,-9.696],[-45.8199,-9.7397],[-45.821,-9.7727],[-45.8659,-9.8703],[-45.8419,-9.9411],[-45.8798,-10.0582],[-45.8762,-10.0619],[-45.8695,-10.0689],[-45.8781,-10.1099],[-45.9549,-10.218],[-45.9473,-10.2521],[-45.946,-10.2582],[-45.9735,-10.248],[-45.9958,-10.2499],[-46.0031,-10.2605],[-46.0279,-10.1765],[-46.0386,-10.1763],[-46.0504,-10.1813],[-46.0993,-10.2125],[-46.1355,-10.2059],[-46.1642,-10.2125],[-46.1941,-10.1822],[-46.2017,-10.1735],[-46.2105,-10.1693],[-46.2404,-10.1715],[-46.2726,-10.1812],[-46.301,-10.1779],[-46.3127,-10.1724],[-46.3207,-10.1784],[-46.3271,-10.1833],[-46.3478,-10.1727],[-46.3576,-10.1705],[-46.3675,-10.1684],[-46.3835,-10.12],[-46.4185,-10.0824],[-46.431,-10.0798],[-46.4435,-10.0772],[-46.4537,-10.0553],[-46.4549,-10.0524],[-46.456,-10.0495],[-46.4567,-10.0176],[-46.4772,-9.9879],[-46.4653,-9.9367],[-46.4736,-9.9281],[-46.4782,-9.9235],[-46.4725,-9.877],[-46.4817,-9.8734],[-46.4912,-9.8697],[-46.4799,-9.8548],[-46.4902,-9.8483],[-46.4955,-9.8448],[-46.4944,-9.8359],[-46.4932,-9.827],[-46.5117,-9.7986],[-46.542,-9.8099],[-46.562,-9.8103],[-46.5766,-9.8048],[-46.5757,-9.7576],[-46.5957,-9.7468],[-46.6271,-9.7483],[-46.6424,-9.7411],[-46.647,-9.7299],[-46.6452,-9.7162],[-46.6529,-9.693],[-46.6126,-9.6654],[-46.5911,-9.5866],[-46.5812,-9.5842],[-46.5789,-9.5837],[-46.5374,-9.5574],[-46.5753,-9.5171],[-46.5605,-9.4836],[-46.6272,-9.4653],[-46.6491,-9.4437],[-46.6324,-9.4112],[-46.6655,-9.3915],[-46.7229,-9.396],[-46.7456,-9.414],[-46.7629,-9.4085],[-46.7654,-9.4018],[-46.7582,-9.3808],[-46.7679,-9.3651],[-46.7987,-9.3384],[-46.8125,-9.3055],[-46.8183,-9.303],[-46.8251,-9.305],[-46.8349,-9.3078],[-46.8431,-9.3008],[-46.8466,-9.292],[-46.8185,-9.2597],[-46.8285,-9.2397],[-46.8264,-9.2229],[-46.8192,-9.2112],[-46.8224,-9.1986],[-46.8503,-9.1914],[-46.852,-9.154],[-46.8603,-9.1471],[-46.8692,-9.1451],[-46.8899,-9.1405],[-46.8899,-9.1308],[-46.8899,-9.1263],[-46.8941,-9.1226],[-46.9259,-9.1345],[-46.9294,-9.0837],[-46.9274,-9.0843],[-46.9185,-9.0868],[-46.9117,-9.0823],[-46.9222,-9.0663],[-47.0069,-9.0818],[-47.0132,-9.0777],[-47.012,-9.075],[-47.0098,-9.0699],[-47.0683,-9.0635],[-47.0431,-9.0261],[-47.0681,-9.0116],[-47.0617,-9.0073],[-47.0481,-9.0067],[-47.0436,-9.0065],[-47.0384,-9.0006],[-47.031,-8.9855]],[[-44.8134,-1.8021],[-44.807,-1.807],[-44.8101,-1.8015],[-44.8134,-1.8021]],[[-44.5693,-1.9197],[-44.561,-1.9227],[-44.5663,-1.9177],[-44.5693,-1.9197]],[[-45.7467,-1.372],[-45.7539,-1.3783],[-45.744,-1.3744],[-45.7467,-1.372]],[[-45.8875,-1.1803],[-45.8847,-1.1834],[-45.8779,-1.1781],[-45.8875,-1.1803]],[[-45.8224,-1.3106],[-45.8199,-1.3123],[-45.8196,-1.3036],[-45.8194,-1.2979],[-45.8203,-1.3017],[-45.8224,-1.3106]],[[-44.6933,-1.8163],[-44.6877,-1.8076],[-44.6923,-1.8075],[-44.6933,-1.8163]],[[-45.3898,-1.6897],[-45.3965,-1.694],[-45.388,-1.6923],[-45.3874,-1.6799],[-45.3898,-1.6897]],[[-44.801,-1.6263],[-44.7942,-1.6259],[-44.7904,-1.6181],[-44.801,-1.6263]],[[-45.1278,-1.544],[-45.1226,-1.5463],[-45.1127,-1.544],[-45.1278,-1.544]],[[-45.823,-1.2486],[-45.8139,-1.2272],[-45.8225,-1.2414],[-45.823,-1.2486]],[[-45.5757,-1.3357],[-45.5724,-1.34],[-45.5707,-1.3296],[-45.5736,-1.3293],[-45.5757,-1.3357]],[[-45.7995,-1.3315],[-45.8023,-1.3383],[-45.8008,-1.3441],[-45.7983,-1.3331],[-45.7959,-1.3229],[-45.7995,-1.3315]],[[-44.8342,-1.8226],[-44.8457,-1.8284],[-44.8202,-1.8222],[-44.8342,-1.8226]],[[-45.3686,-1.4364],[-45.3671,-1.4248],[-45.36,-1.4278],[-45.3616,-1.4249],[-45.3671,-1.4248],[-45.3775,-1.4219],[-45.3705,-1.4262],[-45.3686,-1.4364]],[[-45.9054,-1.2403],[-45.9031,-1.2596],[-45.897,-1.2395],[-45.9054,-1.2403]],[[-45.5948,-1.3392],[-45.5874,-1.332],[-45.5846,-1.3249],[-45.5882,-1.3117],[-45.5889,-1.3233],[-45.5887,-1.3282],[-45.5948,-1.3392]],[[-45.3924,-1.5645],[-45.3887,-1.5414],[-45.3794,-1.5398],[-45.3838,-1.5371],[-45.3984,-1.5745],[-45.3924,-1.5645]]],[[[-44.9708,-1.3444],[-44.9707,-1.3355],[-44.9707,-1.3324],[-44.9645,-1.3269],[-44.9504,-1.3363],[-44.947,-1.3386],[-44.9416,-1.3422],[-44.9431,-1.3373],[-44.9552,-1.3287],[-44.9613,-1.3244],[-44.9549,-1.3202],[-44.9579,-1.3092],[-44.9582,-1.3204],[-44.985,-1.3031],[-44.9723,-1.2835],[-44.9679,-1.2805],[-44.9634,-1.2776],[-44.9304,-1.2853],[-44.9256,-1.2925],[-44.9216,-1.2983],[-44.9227,-1.3039],[-44.9256,-1.2779],[-44.8816,-1.2848],[-44.8584,-1.2976],[-44.8423,-1.334],[-44.8626,-1.3431],[-44.8755,-1.3553],[-44.8725,-1.3408],[-44.8696,-1.3265],[-44.8747,-1.3333],[-44.877,-1.3363],[-44.901,-1.331],[-44.8886,-1.3359],[-44.9104,-1.3479],[-44.8872,-1.3457],[-44.9828,-1.4093],[-45.012,-1.387],[-45.0174,-1.3596],[-45.0176,-1.355],[-45.0009,-1.3414],[-45.028,-1.3386],[-45.0207,-1.3278],[-45.0169,-1.3222],[-45.0051,-1.3199],[-44.9707,-1.3355],[-44.9851,-1.3529],[-44.9822,-1.3562],[-44.9762,-1.3705],[-44.9791,-1.3589],[-44.9726,-1.3476],[-44.9708,-1.3444]],[[-44.9243,-1.3393],[-44.9242,-1.3458],[-44.9219,-1.3432],[-44.9243,-1.3393]],[[-44.9093,-1.3254],[-44.8991,-1.3156],[-44.9,-1.3118],[-44.9157,-1.3037],[-44.9033,-1.3123],[-44.9093,-1.3254]]],[[[-45.678,-1.3002],[-45.6857,-1.2901],[-45.6842,-1.2695],[-45.6567,-1.2542],[-45.6425,-1.2738],[-45.6441,-1.2778],[-45.6469,-1.2847],[-45.6544,-1.2894],[-45.6443,-1.2861],[-45.6442,-1.2859],[-45.638,-1.2747],[-45.6428,-1.2684],[-45.6475,-1.2621],[-45.6404,-1.2522],[-45.6354,-1.2452],[-45.6388,-1.2065],[-45.6361,-1.1779],[-45.6298,-1.1604],[-45.6294,-1.1429],[-45.6198,-1.1311],[-45.6159,-1.135],[-45.6173,-1.1286],[-45.6281,-1.1269],[-45.6281,-1.1235],[-45.6219,-1.1163],[-45.6155,-1.1156],[-45.611,-1.1201],[-45.6077,-1.1236],[-45.6035,-1.1268],[-45.6055,-1.1419],[-45.6023,-1.1642],[-45.6323,-1.22],[-45.6219,-1.2394],[-45.6411,-1.3557],[-45.6831,-1.3603],[-45.6961,-1.3617],[-45.6727,-1.3455],[-45.687,-1.3307],[-45.6726,-1.3128],[-45.678,-1.3002]],[[-45.6594,-1.297],[-45.6576,-1.3012],[-45.6546,-1.3081],[-45.6533,-1.311],[-45.6512,-1.3086],[-45.6583,-1.2911],[-45.6594,-1.297]]],[[[-44.8018,-1.5292],[-44.8094,-1.5326],[-44.7836,-1.5373],[-44.8035,-1.5647],[-44.8283,-1.5409],[-44.7991,-1.5188],[-44.797,-1.5015],[-44.7951,-1.498],[-44.7932,-1.4946],[-44.7634,-1.4839],[-44.8018,-1.5292]]],[[[-44.7744,-1.5272],[-44.7779,-1.5297],[-44.785,-1.5281],[-44.761,-1.4885],[-44.7719,-1.4619],[-44.76,-1.4593],[-44.753,-1.4578],[-44.7421,-1.4702],[-44.7367,-1.5116],[-44.7744,-1.5272]]],[[[-45.6852,-1.1961],[-45.6801,-1.1875],[-45.6579,-1.2217],[-45.6589,-1.2253],[-45.6617,-1.2351],[-45.6595,-1.2432],[-45.6655,-1.2512],[-45.6753,-1.2571],[-45.683,-1.2617],[-45.6995,-1.234],[-45.6883,-1.2007],[-45.6828,-1.2153],[-45.675,-1.216],[-45.6813,-1.2118],[-45.6852,-1.1961]]],[[[-45.5419,-1.195],[-45.5241,-1.2234],[-45.5929,-1.2463],[-45.5905,-1.2431],[-45.5767,-1.2248],[-45.5701,-1.2091],[-45.5666,-1.211],[-45.562,-1.2134],[-45.5591,-1.2115],[-45.57,-1.1898],[-45.5419,-1.195]]],[[[-44.6172,-1.7913],[-44.5931,-1.7684],[-44.576,-1.7796],[-44.5771,-1.782],[-44.5782,-1.7844],[-44.6028,-1.797],[-44.6025,-1.8162],[-44.6162,-1.8179],[-44.6169,-1.8138],[-44.618,-1.7986],[-44.6172,-1.7913]]],[[[-44.7288,-1.5621],[-44.7555,-1.5829],[-44.7426,-1.5376],[-44.7202,-1.5512],[-44.7288,-1.5621]]],[[[-45.7984,-1.1266],[-45.7946,-1.1378],[-45.8038,-1.1508],[-45.8166,-1.1476],[-45.818,-1.1286],[-45.8166,-1.1214],[-45.8047,-1.1126],[-45.7984,-1.1266]]],[[[-45.7942,-1.1883],[-45.7764,-1.1962],[-45.7755,-1.2102],[-45.7859,-1.2276],[-45.7942,-1.1883]]],[[[-45.5576,-1.3289],[-45.5351,-1.3026],[-45.5339,-1.3269],[-45.5423,-1.3288],[-45.5504,-1.3264],[-45.5576,-1.3289]]],[[[-45.09,-1.4192],[-45.093,-1.4315],[-45.0943,-1.427],[-45.0967,-1.4186],[-45.0686,-1.3675],[-45.09,-1.4192]]],[[[-45.0969,-1.4682],[-45.0889,-1.4507],[-45.0706,-1.4601],[-45.0687,-1.466],[-45.0734,-1.4761],[-45.0954,-1.4713],[-45.0969,-1.4682]]],[[[-45.0361,-1.3904],[-45.0417,-1.3868],[-45.045,-1.3632],[-45.0488,-1.349],[-45.0455,-1.3453],[-45.0431,-1.3426],[-45.0423,-1.3462],[-45.041,-1.3514],[-45.0378,-1.365],[-45.0328,-1.3863],[-45.0361,-1.3904]]],[[[-44.7492,-1.692],[-44.7348,-1.6822],[-44.7302,-1.6872],[-44.7258,-1.692],[-44.7408,-1.701],[-44.7519,-1.6938],[-44.7492,-1.692]]],[[[-45.6851,-1.2968],[-45.678,-1.3002],[-45.676,-1.3138],[-45.6826,-1.3167],[-45.6906,-1.288],[-45.6894,-1.2899],[-45.6851,-1.2968]]],[[[-44.4684,-2.0759],[-44.4712,-2.0767],[-44.4822,-2.0751],[-44.444,-2.0575],[-44.4513,-2.0704],[-44.4684,-2.0759]]],[[[-44.4802,-2.1061],[-44.4762,-2.1035],[-44.4759,-2.0958],[-44.4694,-2.1009],[-44.4634,-2.1008],[-44.4723,-2.1249],[-44.4802,-2.1061]]],[[[-45.3976,-1.3954],[-45.3973,-1.4042],[-45.3972,-1.4066],[-45.4064,-1.4183],[-45.4091,-1.414],[-45.4101,-1.4125],[-45.4126,-1.4087],[-45.4062,-1.3964],[-45.403,-1.3938],[-45.3976,-1.3954]]],[[[-45.0717,-1.4463],[-45.0702,-1.4531],[-45.0786,-1.4395],[-45.0704,-1.424],[-45.0651,-1.427],[-45.0615,-1.4396],[-45.0717,-1.4463]]],[[[-44.7228,-1.6619],[-44.7227,-1.6769],[-44.7362,-1.673],[-44.7374,-1.6726],[-44.7348,-1.6664],[-44.7228,-1.6619]]],[[[-44.4451,-2.0251],[-44.4571,-2.0297],[-44.4458,-2.0076],[-44.4426,-2.0123],[-44.4386,-2.0185],[-44.4451,-2.0251]]],[[[-44.6226,-1.8121],[-44.6304,-1.7881],[-44.6222,-1.7979],[-44.6226,-1.8121]]],[[[-45.0892,-1.4317],[-45.0871,-1.4217],[-45.083,-1.4203],[-45.0791,-1.419],[-45.0822,-1.4414],[-45.0849,-1.4397],[-45.0878,-1.438],[-45.0892,-1.4317]]],[[[-45.5151,-1.4061],[-45.5221,-1.4053],[-45.5226,-1.4009],[-45.514,-1.3903],[-45.5123,-1.3893],[-45.5114,-1.3888],[-45.5151,-1.4061]]],[[[-45.0478,-1.3274],[-45.0435,-1.332],[-45.0433,-1.3391],[-45.05,-1.3442],[-45.0545,-1.3298],[-45.0478,-1.3274]]],[[[-45.7906,-1.2473],[-45.7968,-1.2475],[-45.8015,-1.2419],[-45.7984,-1.2384],[-45.7942,-1.2345],[-45.7879,-1.2351],[-45.7906,-1.2473]]],[[[-45.002,-1.4012],[-45.0006,-1.4019],[-45.0004,-1.402],[-44.9978,-1.4102],[-45.0041,-1.4109],[-45.0071,-1.4072],[-45.0155,-1.3955],[-45.0109,-1.3969],[-45.002,-1.4012]]],[[[-44.6138,-1.8301],[-44.6077,-1.8206],[-44.6045,-1.827],[-44.6023,-1.8337],[-44.6059,-1.8314],[-44.6134,-1.8302],[-44.6138,-1.8301]]],[[[-45.6263,-1.3186],[-45.6255,-1.3211],[-45.6249,-1.323],[-45.6237,-1.3272],[-45.6281,-1.3394],[-45.6287,-1.3354],[-45.6301,-1.3246],[-45.6314,-1.3147],[-45.6263,-1.3186]]],[[[-44.831,-1.5604],[-44.8195,-1.5621],[-44.8161,-1.5654],[-44.8166,-1.5708],[-44.824,-1.5701],[-44.8275,-1.5651],[-44.831,-1.5604]]],[[[-45.5619,-1.2609],[-45.5668,-1.2733],[-45.5671,-1.2683],[-45.5644,-1.2625],[-45.5619,-1.2609]]],[[[-42.7501,-2.5443],[-42.7442,-2.5574],[-42.7605,-2.5577],[-42.7501,-2.5443]]],[[[-44.0093,-2.3996],[-44.003,-2.3931],[-44,-2.3905],[-43.997,-2.4009],[-44.0012,-2.4006],[-44.0093,-2.3996]]],[[[-44.6114,-1.7842],[-44.6167,-1.7849],[-44.6167,-1.7815],[-44.6115,-1.7769],[-44.6062,-1.7746],[-44.6029,-1.7751],[-44.6114,-1.7842]]],[[[-45.6403,-1.3106],[-45.6378,-1.3044],[-45.6377,-1.3039],[-45.6363,-1.2998],[-45.6342,-1.3119],[-45.6344,-1.3129],[-45.6359,-1.3198],[-45.6403,-1.3106]]],[[[-45.6538,-1.361],[-45.6431,-1.3584],[-45.6391,-1.3621],[-45.6469,-1.3642],[-45.6538,-1.361]]],[[[-45.642,-1.2471],[-45.6468,-1.25],[-45.6491,-1.245],[-45.6472,-1.2426],[-45.6429,-1.2434],[-45.6393,-1.2447],[-45.6391,-1.2448],[-45.6394,-1.2451],[-45.642,-1.2471]]],[[[-44.0162,-2.399],[-44.0147,-2.4072],[-44.0161,-2.4034],[-44.0161,-2.4011],[-44.0162,-2.399]]],[[[-45.1391,-1.4685],[-45.1363,-1.4761],[-45.1383,-1.4707],[-45.1391,-1.4685]]],[[[-44.7757,-1.5688],[-44.7834,-1.5719],[-44.7801,-1.5678],[-44.7721,-1.5638],[-44.7757,-1.5688]]],[[[-44.8757,-1.3399],[-44.8769,-1.3447],[-44.8816,-1.3397],[-44.8772,-1.3395],[-44.8755,-1.3394],[-44.8757,-1.3399]]],[[[-45.0406,-1.3927],[-45.0361,-1.3904],[-45.0378,-1.3951],[-45.0397,-1.3983],[-45.0406,-1.3927]]],[[[-45.1358,-1.4886],[-45.1329,-1.4852],[-45.1329,-1.4905],[-45.1348,-1.494],[-45.1358,-1.4886]]],[[[-44.4576,-2.1337],[-44.4564,-2.1307],[-44.4534,-2.1302],[-44.4511,-2.133],[-44.4576,-2.1337]]],[[[-45.816,-1.2586],[-45.8144,-1.2547],[-45.8139,-1.2564],[-45.8127,-1.26],[-45.8171,-1.2612],[-45.816,-1.2586]]],[[[-47.0313,-8.9801],[-47.031,-8.9855],[-47.033,-8.9823],[-47.0338,-8.9809],[-47.0353,-8.9785],[-47.0314,-8.9795],[-47.0313,-8.9801]]],[[[-45.1083,-1.4003],[-45.1037,-1.4022],[-45.1063,-1.406],[-45.1083,-1.4003]]],[[[-45.111,-1.3907],[-45.1065,-1.394],[-45.1083,-1.3967],[-45.111,-1.3907]]],[[[-45.5587,-1.2604],[-45.556,-1.2572],[-45.5551,-1.2608],[-45.5587,-1.2604]]],[[[-44.7569,-1.5928],[-44.7553,-1.5871],[-44.7542,-1.59],[-44.7569,-1.5928]]],[[[-45.7641,-1.188],[-45.7618,-1.1856],[-45.7608,-1.1893],[-45.7641,-1.188]]]]},"alpha2":"BR-MA","centroid":{"lat":-5.4185,"lng":-45.0025},"isState":true},{"type":"Feature","properties":{"name":"Minas Gerais","NAME":"Minas Gerais","sigla":"MG","code":"MG","POSTAL":"MG","ISO_A2":"BR-MG","alpha2":"BR-MG","region":"Sudeste","capital":"Belo Horizonte"},"geometry":{"type":"MultiPolygon","coordinates":[[[[-44.2089,-14.2441],[-44.1725,-14.2661],[-44.1369,-14.2637],[-44.1352,-14.2817],[-44.1239,-14.2745],[-44.1232,-14.2735],[-44.1122,-14.2583],[-44.099,-14.273],[-44.0932,-14.2732],[-44.0904,-14.271],[-44.0865,-14.268],[-44.0871,-14.2719],[-44.0879,-14.2776],[-44.074,-14.2702],[-44.073,-14.2852],[-44.057,-14.2772],[-44.0341,-14.2884],[-44.0057,-14.2669],[-43.986,-14.2671],[-43.9557,-14.2993],[-43.9521,-14.2925],[-43.9505,-14.2895],[-43.9459,-14.2895],[-43.9444,-14.295],[-43.9417,-14.3046],[-43.8917,-14.2953],[-43.8805,-14.3114],[-43.8523,-14.3075],[-43.8468,-14.3213],[-43.8192,-14.3121],[-43.8214,-14.3207],[-43.8219,-14.3226],[-43.7828,-14.3388],[-43.8042,-14.372],[-43.819,-14.3889],[-43.8735,-14.5201],[-43.8861,-14.5832],[-43.8697,-14.6124],[-43.8831,-14.6528],[-43.8588,-14.6738],[-43.7258,-14.6977],[-43.7118,-14.7145],[-43.7192,-14.7205],[-43.7195,-14.7291],[-43.7093,-14.7299],[-43.703,-14.7249],[-43.6869,-14.7214],[-43.6146,-14.7594],[-43.5802,-14.7504],[-43.5368,-14.7831],[-43.531,-14.8148],[-43.5093,-14.8072],[-43.5106,-14.7976],[-43.5108,-14.7961],[-43.4741,-14.7895],[-43.4808,-14.7674],[-43.4749,-14.7617],[-43.4667,-14.7642],[-43.4624,-14.7654],[-43.4558,-14.7573],[-43.459,-14.7501],[-43.4609,-14.7458],[-43.4345,-14.7226],[-43.3461,-14.6956],[-43.3108,-14.6693],[-43.2991,-14.675],[-43.2977,-14.6756],[-43.2879,-14.6757],[-43.1965,-14.6496],[-43.188,-14.6548],[-43.1796,-14.6599],[-43.1785,-14.657],[-43.1759,-14.6501],[-43.1021,-14.6746],[-43.0941,-14.6806],[-43.0911,-14.6829],[-43.0834,-14.6975],[-43.066,-14.6801],[-43.0105,-14.7012],[-42.9385,-14.7076],[-42.9266,-14.7437],[-42.9118,-14.744],[-42.9088,-14.7518],[-42.9055,-14.7606],[-42.8721,-14.7645],[-42.7906,-14.8389],[-42.7547,-14.846],[-42.723,-14.8852],[-42.7052,-14.882],[-42.6924,-14.902],[-42.6593,-14.91],[-42.6249,-14.944],[-42.613,-14.9373],[-42.608,-14.9312],[-42.6021,-14.9242],[-42.5867,-14.9299],[-42.5603,-14.9618],[-42.5571,-14.9603],[-42.5539,-14.9588],[-42.5345,-14.9661],[-42.4755,-15.0166],[-42.4364,-15.0223],[-42.4392,-15.0286],[-42.4419,-15.035],[-42.4425,-15.0602],[-42.3961,-15.0775],[-42.3859,-15.0742],[-42.3757,-15.0708],[-42.3545,-15.0977],[-42.3364,-15.08],[-42.3308,-15.0795],[-42.2644,-15.1247],[-42.2491,-15.1108],[-42.2468,-15.1088],[-42.227,-15.0988],[-42.1922,-15.1027],[-42.1729,-15.0855],[-42.0912,-15.1862],[-41.9966,-15.1589],[-41.9326,-15.1729],[-41.8783,-15.1352],[-41.8763,-15.1302],[-41.8706,-15.1161],[-41.8003,-15.1006],[-41.356,-15.4998],[-41.3308,-15.7442],[-41.2926,-15.7385],[-41.2816,-15.7403],[-41.2803,-15.7411],[-41.2682,-15.7482],[-41.2149,-15.7368],[-41.1438,-15.7714],[-41.1352,-15.7657],[-41.1288,-15.7478],[-41.1282,-15.7463],[-41.0925,-15.7382],[-41.0848,-15.7285],[-41.0772,-15.7188],[-41.0606,-15.7228],[-41.053,-15.7246],[-41.0039,-15.7116],[-40.9792,-15.6912],[-40.9772,-15.6829],[-40.973,-15.6659],[-40.9619,-15.6484],[-40.9139,-15.6606],[-40.908,-15.676],[-40.9022,-15.6914],[-40.8812,-15.694],[-40.8551,-15.6867],[-40.8484,-15.6808],[-40.8416,-15.6828],[-40.8289,-15.6478],[-40.8152,-15.648],[-40.7913,-15.668],[-40.7856,-15.6738],[-40.7799,-15.6797],[-40.7818,-15.6837],[-40.7855,-15.6918],[-40.7797,-15.7035],[-40.7695,-15.7118],[-40.7673,-15.7136],[-40.7625,-15.7122],[-40.7486,-15.7066],[-40.7382,-15.7004],[-40.7431,-15.6843],[-40.7318,-15.6744],[-40.72,-15.6725],[-40.7068,-15.6659],[-40.6446,-15.7284],[-40.629,-15.7152],[-40.6138,-15.7346],[-40.6095,-15.7356],[-40.6062,-15.7363],[-40.5927,-15.7705],[-40.581,-15.7728],[-40.567,-15.7755],[-40.571,-15.7839],[-40.5727,-15.7876],[-40.5617,-15.8028],[-40.5179,-15.797],[-40.5184,-15.786],[-40.5187,-15.7804],[-40.5083,-15.7675],[-40.4815,-15.7746],[-40.4673,-15.7604],[-40.4602,-15.7533],[-40.4321,-15.7782],[-40.4246,-15.8052],[-40.3765,-15.8231],[-40.3729,-15.817],[-40.3711,-15.8139],[-40.3363,-15.8234],[-40.2305,-15.8033],[-40.1997,-15.862],[-40.1657,-15.8679],[-40.1703,-15.9071],[-40.1402,-15.8984],[-40.105,-15.9116],[-40.0962,-15.9069],[-40.0948,-15.8993],[-40.0846,-15.8967],[-40.0805,-15.9236],[-40.0657,-15.9094],[-40.0784,-15.9405],[-40.0703,-15.9375],[-40.068,-15.9384],[-40.0657,-15.9393],[-40.0658,-15.9597],[-40.0608,-15.9635],[-40.0526,-15.9627],[-40.0454,-15.9619],[-40.004,-16.0014],[-39.9636,-16.0049],[-39.9631,-16.0007],[-39.9627,-15.9972],[-39.9537,-15.9912],[-39.9157,-16.0001],[-39.9353,-16.0233],[-39.8827,-16.067],[-39.8564,-16.1134],[-39.8823,-16.1439],[-39.89,-16.1379],[-39.8966,-16.1411],[-39.8825,-16.1633],[-39.883,-16.1942],[-39.9122,-16.2099],[-39.9118,-16.2159],[-39.9355,-16.2445],[-39.9163,-16.2834],[-39.9519,-16.2974],[-39.9527,-16.2997],[-39.9601,-16.3214],[-39.9683,-16.3266],[-39.9781,-16.3107],[-39.9904,-16.313],[-40.0244,-16.3564],[-40.0679,-16.4579],[-40.0836,-16.4635],[-40.0976,-16.4222],[-40.1154,-16.465],[-40.1708,-16.5237],[-40.1595,-16.5798],[-40.2341,-16.5583],[-40.2466,-16.5731],[-40.2751,-16.5736],[-40.3123,-16.6783],[-40.302,-16.7077],[-40.3098,-16.7357],[-40.3451,-16.7868],[-40.3232,-16.8008],[-40.2697,-16.7949],[-40.2574,-16.8061],[-40.2465,-16.8453],[-40.2514,-16.8486],[-40.2517,-16.8596],[-40.2607,-16.8597],[-40.2656,-16.8598],[-40.2812,-16.9007],[-40.2937,-16.9034],[-40.2998,-16.8952],[-40.3024,-16.8918],[-40.3267,-16.9089],[-40.3661,-16.8737],[-40.4172,-16.8988],[-40.4796,-16.8764],[-40.5159,-16.9629],[-40.5346,-16.9803],[-40.5398,-16.9821],[-40.5451,-16.9838],[-40.5696,-17.0614],[-40.5564,-17.0891],[-40.5783,-17.1483],[-40.5742,-17.1799],[-40.5656,-17.1835],[-40.5535,-17.1886],[-40.552,-17.1987],[-40.5708,-17.2517],[-40.5474,-17.2832],[-40.6086,-17.3265],[-40.6023,-17.3403],[-40.5987,-17.342],[-40.5923,-17.345],[-40.6026,-17.3564],[-40.6046,-17.3586],[-40.5993,-17.3899],[-40.6104,-17.3972],[-40.6231,-17.4055],[-40.6075,-17.4176],[-40.5957,-17.4201],[-40.5824,-17.4151],[-40.5783,-17.4136],[-40.5754,-17.4142],[-40.5203,-17.4469],[-40.4826,-17.488],[-40.4879,-17.524],[-40.4603,-17.5682],[-40.4443,-17.5779],[-40.4395,-17.5738],[-40.4317,-17.5671],[-40.4103,-17.5677],[-40.4141,-17.6096],[-40.3964,-17.6251],[-40.3716,-17.612],[-40.37,-17.6156],[-40.361,-17.6362],[-40.3543,-17.6438],[-40.3487,-17.6315],[-40.3482,-17.6303],[-40.3473,-17.6142],[-40.3337,-17.6317],[-40.3271,-17.6378],[-40.3218,-17.644],[-40.324,-17.6489],[-40.3255,-17.6521],[-40.3224,-17.6608],[-40.2986,-17.6745],[-40.28,-17.7223],[-40.2235,-17.7336],[-40.2133,-17.7532],[-40.2177,-17.7952],[-40.2041,-17.8048],[-40.2014,-17.8156],[-40.2016,-17.817],[-40.2037,-17.8284],[-40.1955,-17.8277],[-40.1933,-17.8287],[-40.186,-17.832],[-40.1747,-17.8522],[-40.176,-17.8537],[-40.1773,-17.8551],[-40.2123,-17.895],[-40.233,-17.9058],[-40.2497,-17.9145],[-40.2631,-17.9215],[-40.264,-17.9314],[-40.2617,-17.9355],[-40.2418,-17.9521],[-40.2341,-17.9549],[-40.2264,-17.9578],[-40.222,-17.9799],[-40.3336,-17.9269],[-40.4535,-17.9183],[-40.4589,-17.92],[-40.4599,-17.9216],[-40.4638,-17.9277],[-40.5266,-17.8915],[-40.547,-17.9068],[-40.5675,-17.9155],[-40.5843,-17.9177],[-40.5841,-17.9279],[-40.584,-17.9353],[-40.5868,-17.9385],[-40.594,-17.9364],[-40.5968,-17.9356],[-40.613,-17.9392],[-40.6255,-17.9888],[-40.7041,-18.0229],[-40.7254,-18.0007],[-40.7504,-18.0094],[-40.7599,-18.0035],[-40.7719,-18.0018],[-40.7712,-17.9879],[-40.7708,-17.9806],[-40.7946,-17.9813],[-40.8084,-17.9523],[-40.8138,-17.9584],[-40.8246,-17.9632],[-40.8282,-17.957],[-40.8302,-17.9537],[-40.8366,-17.9567],[-40.8444,-17.9651],[-40.8591,-17.9813],[-40.8627,-17.9878],[-40.8823,-17.9701],[-40.9022,-17.987],[-40.7729,-18.1071],[-40.7711,-18.1554],[-40.8495,-18.147],[-40.8772,-18.1189],[-40.8803,-18.1237],[-40.8853,-18.1236],[-40.8886,-18.1235],[-40.8913,-18.1205],[-40.8935,-18.1182],[-40.8927,-18.1074],[-40.9318,-18.136],[-40.9496,-18.1288],[-40.9541,-18.154],[-40.9866,-18.1463],[-40.9876,-18.1562],[-40.9891,-18.1702],[-41.0142,-18.1571],[-41.0277,-18.1572],[-41.0314,-18.1665],[-41.0334,-18.1716],[-41.0377,-18.1706],[-41.037,-18.1684],[-41.0349,-18.1623],[-41.0556,-18.1661],[-41.053,-18.1722],[-41.0539,-18.1739],[-41.0561,-18.1784],[-41.104,-18.2128],[-41.1018,-18.2187],[-41.0962,-18.2234],[-41.0913,-18.2276],[-41.1023,-18.2365],[-41.0961,-18.2551],[-41.1584,-18.3083],[-41.1455,-18.3734],[-41.1621,-18.3903],[-41.16,-18.4023],[-41.1501,-18.4045],[-41.1443,-18.4058],[-41.1816,-18.4386],[-41.0235,-18.4567],[-41.0195,-18.4639],[-41.0145,-18.4728],[-41.0154,-18.4769],[-41.0263,-18.5276],[-41.0416,-18.6049],[-41.0333,-18.6069],[-41.0326,-18.6177],[-41.0527,-18.6282],[-41.0505,-18.6337],[-41.0412,-18.6393],[-41.044,-18.6478],[-40.9432,-18.6871],[-40.9423,-18.7006],[-40.94,-18.7354],[-40.9375,-18.772],[-40.9165,-18.815],[-40.9635,-18.8407],[-41.0971,-18.8418],[-41.1101,-18.8385],[-41.1337,-18.7956],[-41.1477,-18.7963],[-41.1514,-18.7963],[-41.2321,-18.7968],[-41.2451,-18.8215],[-41.242,-18.8539],[-41.2144,-18.8772],[-41.208,-18.8546],[-41.166,-18.8577],[-41.1033,-18.9336],[-41.0678,-18.9424],[-41.0613,-18.9661],[-41.0384,-18.9799],[-41.0355,-18.9795],[-41.0287,-18.9739],[-41.018,-18.9731],[-41.0659,-19.0062],[-41.0655,-19.0159],[-41.0714,-19.0234],[-41.0534,-19.0684],[-41.0122,-19.0753],[-41.008,-19.0978],[-40.9923,-19.0994],[-40.9844,-19.1002],[-40.9625,-19.1211],[-40.9555,-19.1295],[-40.9573,-19.1346],[-40.9605,-19.1441],[-40.952,-19.1421],[-40.9477,-19.1411],[-40.9438,-19.1439],[-40.9407,-19.1801],[-40.9263,-19.1888],[-40.9291,-19.1974],[-40.9223,-19.2036],[-40.9408,-19.2317],[-40.9382,-19.2489],[-40.9171,-19.2558],[-40.9181,-19.2616],[-40.9195,-19.2709],[-40.9293,-19.2712],[-40.9345,-19.2713],[-40.9441,-19.2791],[-40.9073,-19.3083],[-40.9382,-19.3473],[-40.9283,-19.3807],[-40.9567,-19.3983],[-40.9567,-19.3983],[-40.9672,-19.4272],[-40.9445,-19.4596],[-40.9718,-19.5048],[-40.9778,-19.5051],[-41.0089,-19.5067],[-41.0282,-19.4984],[-41.0454,-19.4875],[-41.0364,-19.5683],[-41.0715,-19.5839],[-41.0724,-19.5898],[-41.0736,-19.5975],[-41.0855,-19.5964],[-41.0899,-19.5959],[-41.108,-19.6382],[-41.1681,-19.6717],[-41.1791,-19.7396],[-41.1844,-19.7428],[-41.1904,-19.7464],[-41.1655,-19.792],[-41.1658,-19.8094],[-41.175,-19.8252],[-41.1859,-19.8272],[-41.1787,-19.8351],[-41.1753,-19.8389],[-41.1845,-19.8885],[-41.228,-19.9051],[-41.2322,-19.9185],[-41.2331,-19.9199],[-41.2438,-19.9364],[-41.3,-19.9379],[-41.3075,-19.9478],[-41.3195,-19.9781],[-41.3145,-19.9863],[-41.3084,-19.9966],[-41.3077,-20.0125],[-41.3817,-20.1883],[-41.4113,-20.2062],[-41.7563,-20.2064],[-41.7806,-20.2921],[-41.8467,-20.329],[-41.8584,-20.3725],[-41.8492,-20.3741],[-41.8483,-20.3743],[-41.8347,-20.4093],[-41.7978,-20.4345],[-41.8118,-20.5186],[-41.8111,-20.5203],[-41.8039,-20.5379],[-41.8039,-20.5436],[-41.8079,-20.5501],[-41.8157,-20.5526],[-41.8272,-20.5565],[-41.8557,-20.614],[-41.817,-20.624],[-41.8196,-20.6328],[-41.8208,-20.6366],[-41.8084,-20.6437],[-41.8606,-20.7063],[-41.8561,-20.7472],[-41.8591,-20.7482],[-41.8631,-20.7414],[-41.8734,-20.7436],[-41.8784,-20.7782],[-41.8852,-20.7848],[-41.8963,-20.789],[-41.9008,-20.7958],[-41.9059,-20.7967],[-41.9156,-20.7923],[-41.9277,-20.7945],[-41.9249,-20.8011],[-41.935,-20.8281],[-41.9258,-20.8376],[-41.9543,-20.865],[-41.9763,-20.935],[-42.023,-20.925],[-42.0932,-20.9358],[-42.1513,-20.9739],[-42.0801,-21.0352],[-42.093,-21.0367],[-42.0933,-21.0368],[-42.1007,-21.034],[-42.1399,-21.1024],[-42.1578,-21.1013],[-42.164,-21.101],[-42.1671,-21.1075],[-42.1702,-21.1141],[-42.1702,-21.1281],[-42.2081,-21.1777],[-42.1893,-21.2494],[-42.2286,-21.2839],[-42.2294,-21.308],[-42.2378,-21.3182],[-42.2237,-21.3375],[-42.2348,-21.3428],[-42.2358,-21.3432],[-42.2295,-21.3661],[-42.2512,-21.3854],[-42.2387,-21.4013],[-42.2787,-21.4101],[-42.2761,-21.4236],[-42.2752,-21.428],[-42.2922,-21.4595],[-42.2523,-21.4898],[-42.2544,-21.4941],[-42.2733,-21.5037],[-42.2857,-21.5272],[-42.2942,-21.5248],[-42.2967,-21.5241],[-42.3059,-21.529],[-42.31,-21.5514],[-42.3181,-21.5548],[-42.3307,-21.5601],[-42.327,-21.5622],[-42.3267,-21.5634],[-42.3255,-21.5695],[-42.3686,-21.6191],[-42.3553,-21.6254],[-42.3605,-21.6307],[-42.3688,-21.6391],[-42.3646,-21.6458],[-42.3551,-21.647],[-42.3463,-21.6425],[-42.3378,-21.6614],[-42.3015,-21.6545],[-42.283,-21.6804],[-42.2787,-21.6783],[-42.2749,-21.6764],[-42.2711,-21.7147],[-42.3354,-21.7458],[-42.3458,-21.7436],[-42.3561,-21.7414],[-42.3764,-21.748],[-42.582,-21.8372],[-42.5813,-21.8412],[-42.5805,-21.8459],[-42.5937,-21.8518],[-42.8821,-21.9596],[-42.8822,-21.9631],[-42.8824,-21.9666],[-42.9087,-21.99],[-43.0382,-22.0466],[-43.0322,-22.066],[-43.073,-22.0934],[-43.0758,-22.0873],[-43.0776,-22.0836],[-43.0891,-22.0874],[-43.1063,-22.0835],[-43.1365,-22.1088],[-43.1446,-22.1001],[-43.1537,-22.0775],[-43.1519,-22.0743],[-43.1501,-22.0711],[-43.1337,-22.0585],[-43.1279,-22.0462],[-43.1297,-22.035],[-43.1307,-22.0295],[-43.1691,-22.0217],[-43.1752,-22.0245],[-43.1979,-22.0349],[-43.2022,-22.0365],[-43.2049,-22.0349],[-43.2028,-22.0258],[-43.2026,-22.025],[-43.2044,-22.0259],[-43.2129,-22.0299],[-43.222,-22.0311],[-43.2461,-22.0065],[-43.3006,-22.0191],[-43.3464,-22.0034],[-43.462,-22.0722],[-43.5071,-22.074],[-43.5057,-22.0678],[-43.5053,-22.0661],[-43.5132,-22.0588],[-43.5622,-22.0873],[-43.5841,-22.07],[-43.5857,-22.0515],[-43.6119,-22.0813],[-43.6522,-22.0666],[-43.6732,-22.0891],[-43.6788,-22.0771],[-43.6815,-22.0711],[-43.6914,-22.0704],[-43.7336,-22.0961],[-43.7601,-22.0805],[-43.7656,-22.0624],[-43.843,-22.0985],[-43.8795,-22.1003],[-43.8799,-22.1083],[-43.8802,-22.1131],[-44.0046,-22.1619],[-44.0175,-22.1544],[-44.0235,-22.1509],[-44.0721,-22.1645],[-44.0866,-22.1831],[-44.0893,-22.1764],[-44.0898,-22.1753],[-44.0997,-22.1728],[-44.1227,-22.1878],[-44.1211,-22.2086],[-44.1488,-22.2132],[-44.1637,-22.232],[-44.1798,-22.2276],[-44.235,-22.2657],[-44.2602,-22.2679],[-44.2638,-22.2437],[-44.2911,-22.2426],[-44.3216,-22.2607],[-44.3605,-22.2526],[-44.3872,-22.272],[-44.414,-22.2537],[-44.456,-22.2567],[-44.4607,-22.2799],[-44.5328,-22.3299],[-44.5873,-22.3211],[-44.6168,-22.3313],[-44.66,-22.3791],[-44.7235,-22.3595],[-44.7933,-22.3866],[-44.8329,-22.4304],[-44.871,-22.4238],[-44.8749,-22.4281],[-44.8893,-22.4316],[-44.8985,-22.4523],[-44.9396,-22.4522],[-44.9585,-22.4654],[-44.9654,-22.4747],[-45.028,-22.4627],[-45.0907,-22.4826],[-45.1497,-22.5068],[-45.1776,-22.5494],[-45.2594,-22.5824],[-45.261,-22.6066],[-45.2657,-22.61],[-45.2742,-22.6157],[-45.2934,-22.6132],[-45.3325,-22.6171],[-45.3949,-22.6514],[-45.3995,-22.6526],[-45.4018,-22.6523],[-45.41,-22.6512],[-45.4084,-22.633],[-45.4127,-22.628],[-45.4125,-22.6217],[-45.4713,-22.59],[-45.4739,-22.5902],[-45.4808,-22.5907],[-45.4769,-22.5956],[-45.4745,-22.5985],[-45.4884,-22.6283],[-45.5395,-22.6521],[-45.5839,-22.6512],[-45.5549,-22.6259],[-45.5763,-22.6019],[-45.6177,-22.6374],[-45.6472,-22.6477],[-45.6646,-22.6502],[-45.6693,-22.6481],[-45.6806,-22.6358],[-45.6584,-22.5976],[-45.6626,-22.5862],[-45.6604,-22.5785],[-45.7165,-22.5781],[-45.737,-22.6081],[-45.6935,-22.6512],[-45.7424,-22.6587],[-45.8112,-22.6983],[-45.8153,-22.7102],[-45.8194,-22.7221],[-45.7964,-22.7383],[-45.7567,-22.7208],[-45.7278,-22.7232],[-45.7121,-22.7686],[-45.7295,-22.7984],[-45.7131,-22.8143],[-45.7545,-22.7924],[-45.7586,-22.8005],[-45.7705,-22.8054],[-45.7672,-22.836],[-45.7657,-22.8419],[-45.7908,-22.8576],[-45.7955,-22.8522],[-45.8002,-22.8468],[-45.8024,-22.8334],[-45.8229,-22.8294],[-45.8291,-22.8344],[-45.8385,-22.8325],[-45.8477,-22.8373],[-45.8634,-22.8682],[-45.8885,-22.8753],[-45.8906,-22.8442],[-45.9094,-22.8168],[-46.008,-22.8887],[-46.0948,-22.8939],[-46.1386,-22.9223],[-46.1535,-22.9119],[-46.1473,-22.9073],[-46.146,-22.9054],[-46.1364,-22.89],[-46.1417,-22.8805],[-46.1442,-22.8578],[-46.1917,-22.8647],[-46.1994,-22.8704],[-46.2337,-22.8813],[-46.2377,-22.8937],[-46.2463,-22.8896],[-46.2581,-22.8901],[-46.2597,-22.8853],[-46.2622,-22.878],[-46.2664,-22.8752],[-46.2786,-22.8778],[-46.2885,-22.8895],[-46.295,-22.8971],[-46.3051,-22.892],[-46.3152,-22.8868],[-46.3356,-22.8955],[-46.342,-22.9016],[-46.3448,-22.9042],[-46.3837,-22.8695],[-46.3804,-22.8635],[-46.3764,-22.8615],[-46.3722,-22.8593],[-46.3764,-22.8273],[-46.3736,-22.8178],[-46.3612,-22.7884],[-46.3348,-22.7597],[-46.4523,-22.7271],[-46.4534,-22.7227],[-46.4577,-22.7067],[-46.4775,-22.6989],[-46.474,-22.6965],[-46.4699,-22.6938],[-46.4725,-22.6911],[-46.4781,-22.6854],[-46.4802,-22.6778],[-46.4693,-22.673],[-46.3926,-22.6625],[-46.3925,-22.6611],[-46.3919,-22.6526],[-46.3959,-22.6455],[-46.4242,-22.6331],[-46.4226,-22.6243],[-46.4139,-22.6225],[-46.4043,-22.6204],[-46.4171,-22.6048],[-46.4226,-22.5981],[-46.4191,-22.5937],[-46.4149,-22.5886],[-46.4122,-22.5852],[-46.4196,-22.5844],[-46.4282,-22.5834],[-46.4333,-22.5734],[-46.4162,-22.5584],[-46.411,-22.5538],[-46.4067,-22.54],[-46.4259,-22.5471],[-46.4541,-22.5219],[-46.4907,-22.5099],[-46.4968,-22.5127],[-46.5048,-22.5166],[-46.5065,-22.5065],[-46.5417,-22.4939],[-46.5356,-22.4873],[-46.5336,-22.4809],[-46.5302,-22.4704],[-46.5425,-22.4673],[-46.5488,-22.4684],[-46.5491,-22.4685],[-46.5544,-22.4462],[-46.5644,-22.4469],[-46.5718,-22.4524],[-46.5722,-22.4526],[-46.6661,-22.4139],[-46.6605,-22.3655],[-46.6688,-22.3674],[-46.6751,-22.3687],[-46.7007,-22.321],[-46.7228,-22.3061],[-46.7172,-22.306],[-46.7152,-22.306],[-46.705,-22.2954],[-46.7104,-22.2635],[-46.6936,-22.2462],[-46.6917,-22.2469],[-46.6881,-22.2482],[-46.6732,-22.1756],[-46.6455,-22.1799],[-46.6428,-22.1692],[-46.6398,-22.1572],[-46.6001,-22.1343],[-46.6511,-22.0908],[-46.7,-22.0947],[-46.7228,-22.0765],[-46.6644,-22.0684],[-46.6611,-22.0641],[-46.6579,-22.0598],[-46.6641,-22.0581],[-46.6759,-22.0549],[-46.6801,-22.0449],[-46.685,-22.0369],[-46.6815,-22.0281],[-46.6519,-22.0102],[-46.613,-22.0091],[-46.6668,-21.9321],[-46.6646,-21.9201],[-46.672,-21.9087],[-46.6471,-21.88],[-46.6567,-21.8768],[-46.6569,-21.8688],[-46.6663,-21.8485],[-46.6905,-21.8365],[-46.6535,-21.7787],[-46.6256,-21.7657],[-46.6211,-21.675],[-46.5654,-21.6789],[-46.5525,-21.6376],[-46.5171,-21.6114],[-46.5214,-21.5842],[-46.4997,-21.5541],[-46.5237,-21.5214],[-46.5088,-21.4694],[-46.5191,-21.4615],[-46.5198,-21.448],[-46.561,-21.4413],[-46.5698,-21.4363],[-46.5713,-21.434],[-46.5761,-21.4265],[-46.6148,-21.441],[-46.618,-21.4207],[-46.6471,-21.3925],[-46.6467,-21.3638],[-46.6592,-21.3633],[-46.6652,-21.3612],[-46.7055,-21.4044],[-46.7551,-21.3798],[-46.7643,-21.3596],[-46.7913,-21.3732],[-46.8001,-21.3708],[-46.8183,-21.3659],[-46.8323,-21.3673],[-46.8417,-21.3886],[-46.9203,-21.4266],[-47.0108,-21.4218],[-47.015,-21.3958],[-46.9976,-21.3503],[-47.0347,-21.3105],[-47.0518,-21.2461],[-47.0602,-21.2405],[-47.0626,-21.2388],[-47.0769,-21.2393],[-47.0623,-21.2095],[-47.0982,-21.213],[-47.102,-21.2025],[-47.1031,-21.1994],[-47.1183,-21.1853],[-47.1169,-21.1532],[-47.133,-21.133],[-47.1127,-21.1044],[-47.1418,-21.0877],[-47.1565,-21.0185],[-47.1433,-20.9819],[-47.2396,-20.8848],[-47.2273,-20.8568],[-47.2265,-20.8551],[-47.2146,-20.8253],[-47.2243,-20.7996],[-47.1884,-20.7701],[-47.1819,-20.7409],[-47.1747,-20.7388],[-47.1825,-20.733],[-47.1858,-20.7306],[-47.1654,-20.7014],[-47.1145,-20.7053],[-47.0969,-20.6439],[-47.1084,-20.6391],[-47.1122,-20.6375],[-47.1115,-20.6343],[-47.1099,-20.6274],[-47.1084,-20.621],[-47.1241,-20.6088],[-47.1539,-20.5192],[-47.211,-20.5018],[-47.2913,-20.4488],[-47.2854,-20.4048],[-47.2978,-20.348],[-47.2307,-20.2186],[-47.2544,-20.1916],[-47.2566,-20.1657],[-47.3741,-20.0832],[-47.4027,-20.0823],[-47.4055,-20.0809],[-47.4142,-20.0685],[-47.4178,-20.0642],[-47.4387,-20.0492],[-47.4434,-20.0292],[-47.4381,-20.0257],[-47.4251,-20.0172],[-47.4252,-20.0123],[-47.4659,-19.9637],[-47.5806,-19.9954],[-47.5921,-20.0065],[-47.5931,-20.0157],[-47.5943,-20.0253],[-47.6355,-20.0479],[-47.7038,-19.9794],[-47.8593,-19.9925],[-47.8749,-20.02],[-47.8754,-20.0295],[-47.8598,-20.0529],[-47.8939,-20.1234],[-47.9013,-20.123],[-47.9114,-20.1181],[-47.9336,-20.1074],[-47.9383,-20.0994],[-47.943,-20.0915],[-47.948,-20.0553],[-47.9755,-20.0349],[-47.9901,-20.0444],[-47.9901,-20.0745],[-48.0029,-20.1042],[-48.0194,-20.1197],[-48.0252,-20.1187],[-48.0377,-20.1165],[-48.0463,-20.1319],[-48.0489,-20.1368],[-48.07,-20.1461],[-48.0941,-20.146],[-48.1116,-20.1434],[-48.1784,-20.0953],[-48.2136,-20.0349],[-48.2252,-20.0288],[-48.2405,-20.0289],[-48.247,-20.0354],[-48.2437,-20.0469],[-48.253,-20.0774],[-48.2182,-20.1259],[-48.2243,-20.1331],[-48.2459,-20.1405],[-48.268,-20.1424],[-48.2758,-20.14],[-48.2836,-20.1376],[-48.3193,-20.113],[-48.3688,-20.1223],[-48.3765,-20.122],[-48.4053,-20.113],[-48.4906,-20.1376],[-48.5807,-20.1317],[-48.6464,-20.1661],[-48.7291,-20.1498],[-48.8227,-20.1614],[-48.844,-20.1728],[-48.8496,-20.1772],[-48.8552,-20.1816],[-48.8579,-20.2294],[-48.8717,-20.2414],[-48.885,-20.2687],[-48.8671,-20.3982],[-48.8686,-20.4065],[-48.8781,-20.4292],[-48.8989,-20.4407],[-48.9626,-20.4026],[-48.9655,-20.398],[-48.9684,-20.3933],[-48.9637,-20.2832],[-48.9625,-20.273],[-48.9613,-20.2628],[-48.9918,-20.1649],[-49.0186,-20.153],[-49.0234,-20.1519],[-49.0281,-20.1507],[-49.0674,-20.154],[-49.1303,-20.2797],[-49.1791,-20.3097],[-49.2172,-20.3032],[-49.2384,-20.2866],[-49.2588,-20.2581],[-49.259,-20.2578],[-49.2988,-20.1666],[-49.3053,-20.1165],[-49.3081,-20.1015],[-49.3072,-20.0733],[-49.2961,-20.0164],[-49.2479,-19.9992],[-49.2465,-19.9821],[-49.2502,-19.9703],[-49.2971,-19.9601],[-49.356,-19.9862],[-49.4113,-19.9823],[-49.4399,-19.9803],[-49.4488,-19.9779],[-49.4577,-19.9755],[-49.487,-19.9548],[-49.503,-19.9194],[-49.5133,-19.9154],[-49.5236,-19.9114],[-49.551,-19.9054],[-49.6407,-19.9314],[-49.7117,-19.9308],[-49.7491,-19.9248],[-49.782,-19.924],[-49.8551,-19.9463],[-49.8811,-19.9441],[-49.8908,-19.9432],[-49.9045,-19.9386],[-49.9596,-19.9204],[-50.0117,-19.9262],[-50.1023,-19.8754],[-50.3523,-19.8641],[-50.414,-19.8033],[-50.454,-19.7856],[-50.4714,-19.7792],[-50.5755,-19.8156],[-50.6564,-19.9049],[-50.6829,-19.9148],[-50.7246,-19.9264],[-50.7831,-19.9368],[-50.8713,-19.9881],[-50.9076,-19.9938],[-50.966,-20.0341],[-50.9969,-20.0803],[-51,-20.0849],[-51.0093,-20.0716],[-51.0174,-20.0479],[-51.0043,-19.9987],[-51.0192,-19.9668],[-51.0195,-19.9644],[-51.0199,-19.9619],[-50.999,-19.9059],[-51.0395,-19.7766],[-51.0274,-19.7561],[-51.0449,-19.7371],[-51.0455,-19.7286],[-50.9871,-19.589],[-50.9705,-19.5817],[-50.9624,-19.5812],[-50.9519,-19.5876],[-50.9461,-19.5912],[-50.9371,-19.5918],[-50.9275,-19.5873],[-50.9226,-19.5756],[-50.962,-19.4844],[-50.9574,-19.4796],[-50.949,-19.4706],[-50.9353,-19.4672],[-50.8417,-19.4987],[-50.8271,-19.4876],[-50.8262,-19.487],[-50.8245,-19.4746],[-50.8749,-19.4224],[-50.8166,-19.2894],[-50.7472,-19.2354],[-50.733,-19.1853],[-50.6802,-19.1727],[-50.6772,-19.1392],[-50.5845,-19.1369],[-50.537,-19.0989],[-50.5223,-19.0765],[-50.5016,-19.0395],[-50.4983,-19.0336],[-50.5087,-18.937],[-50.4411,-18.8903],[-50.4241,-18.8358],[-50.4207,-18.8307],[-50.3763,-18.8119],[-50.3089,-18.698],[-50.1638,-18.6639],[-50.0796,-18.6718],[-50.0497,-18.6431],[-50.0449,-18.6307],[-50.037,-18.6105],[-50.0161,-18.5994],[-49.9312,-18.6235],[-49.8813,-18.6096],[-49.8357,-18.6362],[-49.7832,-18.6409],[-49.7771,-18.6305],[-49.7724,-18.615],[-49.7698,-18.6123],[-49.7357,-18.6154],[-49.6864,-18.5897],[-49.6396,-18.5998],[-49.6475,-18.5584],[-49.5576,-18.5459],[-49.5354,-18.4932],[-49.4972,-18.4932],[-49.4941,-18.4956],[-49.4924,-18.4961],[-49.4814,-18.5606],[-49.4319,-18.6063],[-49.4163,-18.6381],[-49.4081,-18.6443],[-49.3943,-18.6458],[-49.3783,-18.6419],[-49.3298,-18.5651],[-49.2921,-18.5635],[-49.2868,-18.5405],[-49.2839,-18.5366],[-49.2712,-18.5273],[-49.2486,-18.5222],[-49.2436,-18.5058],[-49.228,-18.4794],[-49.1926,-18.4473],[-49.1964,-18.4381],[-49.1993,-18.4351],[-49.2108,-18.423],[-49.2108,-18.4179],[-49.2052,-18.4113],[-49.1894,-18.415],[-49.1854,-18.416],[-49.1577,-18.4134],[-49.1559,-18.4079],[-49.1541,-18.4023],[-49.127,-18.3829],[-49.1083,-18.3834],[-49.1067,-18.3884],[-49.1095,-18.3944],[-49.1121,-18.3997],[-49.0766,-18.4163],[-49.0687,-18.4115],[-49.0533,-18.4021],[-49.0415,-18.376],[-48.9955,-18.3705],[-48.981,-18.3559],[-48.9824,-18.3484],[-48.9837,-18.3409],[-48.9363,-18.3057],[-48.8316,-18.3457],[-48.8276,-18.3748],[-48.8217,-18.377],[-48.8159,-18.3792],[-48.8059,-18.3675],[-48.8004,-18.3611],[-48.7832,-18.3509],[-48.7553,-18.3439],[-48.6973,-18.3497],[-48.6467,-18.3434],[-48.6406,-18.3398],[-48.6411,-18.333],[-48.6334,-18.3272],[-48.5968,-18.3343],[-48.5819,-18.3268],[-48.5733,-18.3254],[-48.561,-18.3234],[-48.5533,-18.3309],[-48.5537,-18.34],[-48.5541,-18.3465],[-48.5152,-18.366],[-48.4923,-18.3525],[-48.4843,-18.3532],[-48.4792,-18.3792],[-48.4537,-18.361],[-48.4452,-18.3548],[-48.4407,-18.3598],[-48.4361,-18.3648],[-48.4053,-18.3559],[-48.4044,-18.3623],[-48.4032,-18.3707],[-48.4,-18.3714],[-48.3532,-18.3656],[-48.3421,-18.3705],[-48.3132,-18.3844],[-48.3042,-18.3827],[-48.3118,-18.3758],[-48.3153,-18.3726],[-48.3145,-18.3637],[-48.2878,-18.3482],[-48.2786,-18.3311],[-48.2718,-18.3312],[-48.2705,-18.3312],[-48.2619,-18.3314],[-48.2549,-18.3435],[-48.2264,-18.3453],[-48.2255,-18.3501],[-48.2267,-18.3572],[-48.2205,-18.3618],[-48.1609,-18.3718],[-48.1473,-18.4077],[-48.1282,-18.4157],[-48.1142,-18.4261],[-48.0953,-18.4282],[-48.0736,-18.4266],[-48.0554,-18.4128],[-48.006,-18.4539],[-47.9975,-18.4541],[-47.9971,-18.4539],[-47.9805,-18.4424],[-47.9788,-18.4755],[-47.9759,-18.4773],[-47.9686,-18.4743],[-47.9645,-18.4769],[-47.9617,-18.4956],[-47.9545,-18.4998],[-47.9138,-18.4661],[-47.8677,-18.4739],[-47.8728,-18.4589],[-47.8584,-18.4399],[-47.8315,-18.4493],[-47.8294,-18.413],[-47.8149,-18.4058],[-47.8087,-18.4004],[-47.7786,-18.4237],[-47.7474,-18.4111],[-47.7474,-18.4101],[-47.7471,-18.4053],[-47.7559,-18.3945],[-47.7429,-18.377],[-47.7358,-18.3785],[-47.7328,-18.3754],[-47.7401,-18.3634],[-47.7164,-18.3616],[-47.7139,-18.3683],[-47.7107,-18.3769],[-47.7019,-18.3787],[-47.686,-18.357],[-47.6789,-18.3559],[-47.6703,-18.357],[-47.6571,-18.3273],[-47.6527,-18.3258],[-47.6465,-18.3298],[-47.6462,-18.3395],[-47.6432,-18.3381],[-47.6329,-18.3331],[-47.6257,-18.3338],[-47.6238,-18.3222],[-47.6108,-18.3149],[-47.6383,-18.2872],[-47.6295,-18.2768],[-47.6186,-18.2712],[-47.6248,-18.26],[-47.6188,-18.2547],[-47.6141,-18.2504],[-47.6147,-18.2602],[-47.6143,-18.2604],[-47.6068,-18.2634],[-47.6028,-18.2573],[-47.6049,-18.2512],[-47.6065,-18.2466],[-47.5903,-18.2353],[-47.5884,-18.2352],[-47.5813,-18.2346],[-47.581,-18.2312],[-47.583,-18.2299],[-47.5882,-18.2266],[-47.5808,-18.2237],[-47.576,-18.2255],[-47.5705,-18.2199],[-47.5671,-18.2034],[-47.5573,-18.2076],[-47.5383,-18.1945],[-47.5333,-18.2302],[-47.5178,-18.1984],[-47.4845,-18.1931],[-47.4508,-18.1587],[-47.4441,-18.1585],[-47.4354,-18.1671],[-47.4296,-18.1653],[-47.4269,-18.1608],[-47.4349,-18.1515],[-47.4283,-18.1388],[-47.3964,-18.1414],[-47.4069,-18.1313],[-47.3554,-18.1046],[-47.3573,-18.0846],[-47.3464,-18.0878],[-47.343,-18.0803],[-47.3223,-18.0692],[-47.3104,-18.069],[-47.3099,-18.069],[-47.302,-18.0733],[-47.3046,-18.0649],[-47.3051,-18.0632],[-47.3024,-18.0633],[-47.292,-18.0636],[-47.2828,-18.0578],[-47.3003,-18.0266],[-47.2953,-18.0261],[-47.2962,-18.0126],[-47.2964,-18.0089],[-47.3187,-17.9956],[-47.3134,-17.9628],[-47.3401,-17.9369],[-47.338,-17.912],[-47.3566,-17.8973],[-47.3584,-17.8868],[-47.3554,-17.8773],[-47.3533,-17.8705],[-47.3726,-17.8295],[-47.3516,-17.8147],[-47.354,-17.7871],[-47.3323,-17.7662],[-47.3423,-17.744],[-47.3366,-17.737],[-47.3174,-17.7262],[-47.3116,-17.7111],[-47.3132,-17.6986],[-47.27,-17.674],[-47.2706,-17.6668],[-47.2753,-17.6604],[-47.2809,-17.6528],[-47.2664,-17.6086],[-47.3305,-17.5244],[-47.3993,-17.5125],[-47.4532,-17.5367],[-47.4665,-17.5331],[-47.4701,-17.5256],[-47.4771,-17.5113],[-47.4841,-17.5182],[-47.492,-17.526],[-47.4954,-17.5248],[-47.5139,-17.4603],[-47.5352,-17.4552],[-47.5358,-17.455],[-47.5407,-17.4538],[-47.521,-17.4234],[-47.5384,-17.3883],[-47.5141,-17.3743],[-47.5212,-17.3524],[-47.5041,-17.3368],[-47.5117,-17.3345],[-47.5112,-17.3313],[-47.4638,-17.355],[-47.4574,-17.3513],[-47.4596,-17.3437],[-47.4507,-17.3447],[-47.4466,-17.3488],[-47.4403,-17.3472],[-47.4497,-17.3361],[-47.4546,-17.3302],[-47.4213,-17.3155],[-47.421,-17.2892],[-47.434,-17.2758],[-47.4211,-17.2708],[-47.4172,-17.2693],[-47.4165,-17.2645],[-47.4172,-17.264],[-47.4223,-17.2604],[-47.4064,-17.2452],[-47.3956,-17.2423],[-47.395,-17.2427],[-47.3861,-17.2493],[-47.3782,-17.2195],[-47.3622,-17.2222],[-47.3498,-17.196],[-47.3545,-17.1947],[-47.3564,-17.1942],[-47.3626,-17.186],[-47.3397,-17.1869],[-47.3515,-17.166],[-47.3415,-17.1654],[-47.3335,-17.1648],[-47.3311,-17.1585],[-47.3272,-17.1479],[-47.3232,-17.1552],[-47.3106,-17.1459],[-47.3088,-17.152],[-47.3069,-17.1586],[-47.2954,-17.1382],[-47.2932,-17.1391],[-47.2823,-17.1436],[-47.2815,-17.1144],[-47.2731,-17.1031],[-47.2673,-17.1108],[-47.2655,-17.1131],[-47.2561,-17.0927],[-47.2545,-17.0964],[-47.2539,-17.0979],[-47.2477,-17.0981],[-47.2476,-17.0927],[-47.2473,-17.0813],[-47.2293,-17.0892],[-47.2233,-17.0752],[-47.2182,-17.0767],[-47.2072,-17.0799],[-47.2099,-17.0735],[-47.2087,-17.07],[-47.2074,-17.0664],[-47.2053,-17.0676],[-47.1976,-17.0718],[-47.1906,-17.0692],[-47.1958,-17.0596],[-47.1816,-17.0635],[-47.184,-17.0355],[-47.1665,-17.047],[-47.16,-17.03],[-47.1465,-17.0303],[-47.1485,-17.0237],[-47.1439,-17.0247],[-47.1313,-17.01],[-47.1507,-16.9969],[-47.1356,-16.9924],[-47.1311,-16.9911],[-47.1262,-16.9801],[-47.1661,-16.9522],[-47.1594,-16.9443],[-47.1565,-16.941],[-47.1739,-16.9324],[-47.1677,-16.9276],[-47.1598,-16.9216],[-47.1663,-16.9151],[-47.1724,-16.918],[-47.1816,-16.9018],[-47.189,-16.9054],[-47.1963,-16.909],[-47.1932,-16.8979],[-47.2009,-16.8942],[-47.2019,-16.8897],[-47.1961,-16.8876],[-47.1942,-16.8869],[-47.1927,-16.8827],[-47.2089,-16.865],[-47.1931,-16.8247],[-47.2046,-16.8264],[-47.2117,-16.8274],[-47.2197,-16.8064],[-47.2168,-16.7796],[-47.2223,-16.7777],[-47.2305,-16.775],[-47.2295,-16.767],[-47.223,-16.7614],[-47.2316,-16.7646],[-47.2355,-16.7549],[-47.2229,-16.7222],[-47.251,-16.705],[-47.2472,-16.702],[-47.2453,-16.7005],[-47.2462,-16.682],[-47.2525,-16.6852],[-47.2548,-16.6863],[-47.2585,-16.6785],[-47.255,-16.6773],[-47.248,-16.6747],[-47.2497,-16.6664],[-47.2594,-16.6673],[-47.2534,-16.6632],[-47.2589,-16.6552],[-47.2768,-16.6596],[-47.2942,-16.6261],[-47.3011,-16.6266],[-47.3022,-16.6275],[-47.3067,-16.6317],[-47.3195,-16.6177],[-47.3187,-16.6157],[-47.315,-16.6071],[-47.3181,-16.6031],[-47.3266,-16.6104],[-47.3339,-16.6167],[-47.3424,-16.5927],[-47.3757,-16.5988],[-47.376,-16.5855],[-47.3761,-16.5798],[-47.3865,-16.5786],[-47.3865,-16.5794],[-47.3865,-16.5884],[-47.396,-16.5795],[-47.3941,-16.575],[-47.3936,-16.5737],[-47.3984,-16.5724],[-47.4004,-16.5718],[-47.4124,-16.5754],[-47.4054,-16.5552],[-47.444,-16.5403],[-47.4581,-16.5018],[-47.4536,-16.4674],[-47.4291,-16.4422],[-47.4267,-16.3937],[-47.3658,-16.331],[-47.3504,-16.2743],[-47.322,-16.2309],[-47.3516,-16.1315],[-47.3442,-16.1297],[-47.3373,-16.128],[-47.3327,-16.0854],[-47.3109,-16.0877],[-47.3001,-16.0166],[-47.2761,-16.0057],[-47.2536,-16.0187],[-47.2191,-16.0138],[-47.2074,-15.987],[-47.1698,-15.9728],[-47.1691,-15.9535],[-47.1415,-15.9262],[-47.1341,-15.9497],[-47.0866,-15.9604],[-47.0523,-15.9375],[-46.8117,-15.8851],[-46.8051,-15.8589],[-46.8231,-15.8097],[-46.8127,-15.7868],[-46.827,-15.7487],[-46.827,-15.739],[-46.827,-15.7292],[-46.842,-15.7142],[-46.8552,-15.6817],[-46.8544,-15.6199],[-46.9191,-15.5884],[-46.9432,-15.5653],[-46.9459,-15.5597],[-46.9487,-15.5541],[-46.9438,-15.5177],[-46.932,-15.4827],[-46.93,-15.4426],[-46.9126,-15.4129],[-46.849,-15.3727],[-46.8503,-15.3681],[-46.8602,-15.3643],[-46.869,-15.361],[-46.8365,-15.3221],[-46.8734,-15.285],[-46.8862,-15.2824],[-46.8889,-15.2818],[-46.8895,-15.2723],[-46.8903,-15.2594],[-46.8918,-15.2349],[-46.9066,-15.2373],[-46.9124,-15.2464],[-46.9272,-15.2546],[-46.9405,-15.2292],[-46.8887,-15.1112],[-46.9256,-15.0731],[-46.9245,-15.0607],[-46.9243,-15.0579],[-46.9183,-15.0494],[-46.8565,-15.0098],[-46.8224,-15.0103],[-46.7814,-15.0189],[-46.625,-15.0891],[-46.5762,-15.0829],[-46.5509,-15.0634],[-46.5022,-15.0518],[-46.5202,-15.0133],[-46.5253,-15.0091],[-46.5304,-15.0048],[-46.5169,-14.9724],[-46.5303,-14.9603],[-46.5404,-14.9512],[-46.5461,-14.925],[-46.5211,-14.8507],[-46.5269,-14.84],[-46.5327,-14.8293],[-46.5377,-14.8276],[-46.5584,-14.8206],[-46.5655,-14.7859],[-46.5505,-14.7742],[-46.5428,-14.7682],[-46.5433,-14.7602],[-46.5438,-14.7526],[-46.5098,-14.7378],[-46.5029,-14.704],[-46.4745,-14.7047],[-46.4615,-14.7308],[-46.3218,-14.8141],[-46.3203,-14.8303],[-46.3198,-14.8359],[-46.3245,-14.8473],[-46.3,-14.8576],[-46.3189,-14.9],[-46.2942,-14.9082],[-46.2925,-14.9174],[-46.2917,-14.9213],[-46.2864,-14.9277],[-46.2333,-14.9211],[-46.2274,-14.9338],[-46.224,-14.9413],[-46.176,-14.9486],[-46.1614,-14.9295],[-46.166,-14.908],[-46.161,-14.9057],[-46.159,-14.9134],[-46.1504,-14.9214],[-46.1453,-14.9261],[-46.1195,-14.9202],[-46.1145,-14.9288],[-46.11,-14.9366],[-46.0877,-14.9359],[-46.0827,-14.9176],[-46.0791,-14.9045],[-46.0703,-14.908],[-46.0669,-14.9093],[-46.0619,-14.9075],[-46.037,-14.8736],[-46.0334,-14.8794],[-46.0209,-14.8833],[-46.0034,-14.9018],[-46.0049,-14.9117],[-46.0068,-14.9248],[-45.9657,-14.9652],[-45.9693,-14.9919],[-45.9738,-14.9951],[-45.9781,-14.9982],[-45.9745,-15.0071],[-45.9751,-15.0385],[-46.018,-15.0808],[-46.028,-15.1137],[-46.037,-15.116],[-46.0433,-15.1177],[-46.0494,-15.1659],[-46.1188,-15.1918],[-46.0767,-15.2642],[-46.0522,-15.2587],[-46.0276,-15.2009],[-45.9841,-15.1955],[-45.972,-15.1543],[-45.9627,-15.1467],[-45.9533,-15.1391],[-45.918,-15.1331],[-45.8726,-15.1574],[-45.8346,-15.1369],[-45.825,-15.1159],[-45.7512,-15.1218],[-45.7397,-15.1171],[-45.7388,-15.1168],[-45.7214,-15.1116],[-45.7166,-15.0934],[-45.6743,-15.08],[-45.6549,-15.0258],[-45.6157,-15.0133],[-45.5657,-14.9444],[-45.4981,-14.9459],[-45.4947,-14.9516],[-45.4896,-14.9603],[-45.4696,-14.9497],[-45.4547,-14.9533],[-45.4345,-14.9221],[-45.3994,-14.917],[-45.3807,-14.8974],[-45.3703,-14.8937],[-45.3711,-14.8862],[-45.3717,-14.8805],[-45.3635,-14.8712],[-45.3574,-14.8755],[-45.3551,-14.8771],[-45.3515,-14.8756],[-45.3501,-14.8699],[-45.3495,-14.8676],[-45.3524,-14.8637],[-45.3176,-14.8521],[-45.3167,-14.8316],[-45.2853,-14.832],[-45.2883,-14.8177],[-45.2708,-14.7984],[-45.2415,-14.7861],[-45.2052,-14.7443],[-45.1932,-14.7484],[-45.1909,-14.7493],[-45.1632,-14.7319],[-45.0831,-14.7486],[-45.0391,-14.6798],[-44.9855,-14.6617],[-44.9735,-14.6517],[-44.9758,-14.6487],[-44.9802,-14.6431],[-44.9163,-14.6192],[-44.9098,-14.6031],[-44.843,-14.5804],[-44.8435,-14.5659],[-44.8584,-14.5711],[-44.8467,-14.545],[-44.8239,-14.5389],[-44.826,-14.5337],[-44.8345,-14.5355],[-44.8314,-14.5267],[-44.8316,-14.5262],[-44.8359,-14.518],[-44.8305,-14.5199],[-44.8281,-14.5183],[-44.8227,-14.5147],[-44.8256,-14.5127],[-44.8342,-14.507],[-44.8328,-14.4994],[-44.8165,-14.5034],[-44.8134,-14.5042],[-44.8107,-14.5003],[-44.8099,-14.499],[-44.8178,-14.4898],[-44.8044,-14.4961],[-44.8031,-14.4961],[-44.7939,-14.4961],[-44.7234,-14.4486],[-44.7009,-14.4493],[-44.6879,-14.4162],[-44.6676,-14.4234],[-44.6585,-14.3953],[-44.6332,-14.3939],[-44.6279,-14.3818],[-44.6252,-14.3757],[-44.5651,-14.3396],[-44.5447,-14.3426],[-44.5104,-14.3222],[-44.4868,-14.3281],[-44.4302,-14.2893],[-44.3612,-14.2724],[-44.3161,-14.2399],[-44.3093,-14.2461],[-44.3019,-14.2528],[-44.2682,-14.2461],[-44.2556,-14.251],[-44.254,-14.2516],[-44.2471,-14.2597],[-44.2402,-14.2403],[-44.2176,-14.2445],[-44.2147,-14.2329],[-44.2094,-14.2362],[-44.2089,-14.2441]]]]},"alpha2":"BR-MG","centroid":{"lat":-18.5122,"lng":-44.555},"isState":true},{"type":"Feature","properties":{"name":"Mato Grosso do Sul","NAME":"Mato Grosso do Sul","sigla":"MS","code":"MS","POSTAL":"MS","ISO_A2":"BR-MS","alpha2":"BR-MS","region":"Centro-Oeste","capital":"Campo Grande"},"geometry":{"type":"MultiPolygon","coordinates":[[[[-53.8741,-17.9218],[-53.837,-17.9343],[-53.7737,-18.0003],[-53.7188,-17.9976],[-53.6917,-18.0132],[-53.6607,-17.9771],[-53.6341,-17.9764],[-53.628,-17.98],[-53.6146,-17.9778],[-53.589,-18.0122],[-53.5567,-18.0052],[-53.5557,-18.0137],[-53.5555,-18.015],[-53.4721,-18.0387],[-53.4568,-17.9992],[-53.4299,-17.9835],[-53.3803,-18.0083],[-53.2985,-17.9951],[-53.2373,-18.0071],[-53.1732,-18.0416],[-53.1533,-18.041],[-53.0774,-18.0392],[-53.0715,-18.039],[-53.0752,-18.0503],[-53.0863,-18.0553],[-53.1031,-18.0574],[-53.1255,-18.0603],[-53.1388,-18.0712],[-53.1427,-18.0814],[-53.1007,-18.3097],[-53.0984,-18.3124],[-53.0961,-18.3151],[-53.0694,-18.3424],[-53.0243,-18.3502],[-53.015,-18.3292],[-53.0134,-18.3257],[-52.9489,-18.2961],[-52.8718,-18.3142],[-52.8209,-18.3106],[-52.7584,-18.3483],[-52.7585,-18.352],[-52.7614,-18.3709],[-52.798,-18.4144],[-52.8733,-18.4277],[-52.8805,-18.465],[-52.9153,-18.5084],[-52.944,-18.519],[-52.9618,-18.5404],[-52.9339,-18.5987],[-52.9353,-18.6021],[-52.9394,-18.6128],[-52.9278,-18.6129],[-52.9206,-18.6129],[-52.9138,-18.6194],[-52.9149,-18.6287],[-52.9156,-18.6343],[-52.9161,-18.6387],[-52.7491,-18.6903],[-52.6834,-18.6791],[-52.6332,-18.6951],[-52.5924,-18.6894],[-52.5525,-18.6565],[-52.5308,-18.6576],[-52.4486,-18.6905],[-52.4093,-18.7545],[-52.3336,-18.8278],[-52.3208,-18.8306],[-52.3085,-18.8393],[-52.2633,-18.8274],[-52.2576,-18.8328],[-52.251,-18.8391],[-52.181,-18.8475],[-52.1567,-18.888],[-52.1112,-18.8988],[-52.1065,-18.923],[-52.0809,-18.9504],[-52.0447,-18.95],[-52.0181,-18.963],[-52.0151,-18.9823],[-52.007,-18.9721],[-52.0041,-18.9685],[-51.9984,-18.9673],[-51.9777,-18.9804],[-51.9678,-18.9662],[-51.9576,-18.9748],[-51.951,-18.9802],[-51.9398,-18.9675],[-51.8983,-18.9937],[-51.8544,-19.0509],[-51.8423,-19.0418],[-51.8408,-19.0567],[-51.8152,-19.0547],[-51.7908,-19.0777],[-51.7427,-19.0874],[-51.7282,-19.1078],[-51.7162,-19.107],[-51.7148,-19.1052],[-51.7127,-19.1024],[-51.6575,-19.1375],[-51.6483,-19.1322],[-51.6391,-19.127],[-51.6087,-19.1404],[-51.5774,-19.1278],[-51.501,-19.1473],[-51.5003,-19.1542],[-51.5001,-19.1558],[-51.4934,-19.1625],[-51.4809,-19.1592],[-51.4784,-19.1569],[-51.4748,-19.1537],[-51.4694,-19.158],[-51.4578,-19.1671],[-51.42,-19.1661],[-51.3951,-19.1956],[-51.3935,-19.1955],[-51.3746,-19.1942],[-51.369,-19.2202],[-51.3073,-19.2181],[-51.3033,-19.2232],[-51.3047,-19.228],[-51.3074,-19.2375],[-51.2517,-19.2736],[-51.2238,-19.2577],[-51.2027,-19.2606],[-51.18,-19.2831],[-51.1433,-19.2867],[-51.0573,-19.329],[-51.0175,-19.3834],[-51.0302,-19.401],[-50.9846,-19.4099],[-50.9847,-19.4204],[-50.9848,-19.4309],[-50.9392,-19.456],[-50.9353,-19.4672],[-50.949,-19.4706],[-50.9574,-19.4796],[-50.962,-19.4844],[-50.9622,-19.4923],[-50.9625,-19.5001],[-50.9237,-19.5582],[-50.9226,-19.5756],[-50.9275,-19.5873],[-50.9871,-19.589],[-51.0455,-19.7286],[-51.0449,-19.7371],[-51.0274,-19.7561],[-51.0395,-19.7766],[-50.999,-19.9059],[-51.0199,-19.9619],[-51.0195,-19.9644],[-51.0192,-19.9668],[-51.0043,-19.9987],[-51.0174,-20.0479],[-51.0093,-20.0716],[-51,-20.0849],[-51.0014,-20.0958],[-51.0687,-20.2496],[-51.1005,-20.2736],[-51.1272,-20.2921],[-51.1506,-20.3014],[-51.2952,-20.328],[-51.3429,-20.3553],[-51.4088,-20.4591],[-51.4633,-20.501],[-51.4944,-20.553],[-51.4971,-20.5604],[-51.4997,-20.5677],[-51.5865,-20.6343],[-51.6344,-20.7544],[-51.6233,-20.7789],[-51.6299,-20.8514],[-51.6247,-20.8729],[-51.6188,-20.8813],[-51.613,-20.8896],[-51.6185,-20.9319],[-51.6223,-20.9389],[-51.6262,-20.9459],[-51.6656,-20.9701],[-51.7132,-20.971],[-51.7189,-20.9753],[-51.7247,-20.9797],[-51.7528,-21.0139],[-51.7716,-21.0483],[-51.7751,-21.0726],[-51.7892,-21.1016],[-51.8231,-21.1264],[-51.8441,-21.131],[-51.865,-21.1301],[-51.8754,-21.1357],[-51.8788,-21.1974],[-51.848,-21.2662],[-51.8672,-21.3512],[-51.9056,-21.3848],[-51.9282,-21.4553],[-51.9674,-21.5013],[-51.9977,-21.5152],[-52.0566,-21.5031],[-52.066,-21.5041],[-52.0773,-21.5147],[-52.0927,-21.5376],[-52.1028,-21.5586],[-52.049,-21.6426],[-52.0492,-21.6517],[-52.0493,-21.6609],[-52.076,-21.7144],[-52.0933,-21.73],[-52.0979,-21.7374],[-52.1024,-21.7448],[-52.1395,-21.7553],[-52.1534,-21.766],[-52.1608,-21.7703],[-52.1901,-21.8457],[-52.3083,-21.9514],[-52.3134,-21.9617],[-52.3186,-21.9719],[-52.3449,-22.0615],[-52.4077,-22.1412],[-52.4925,-22.2195],[-52.5787,-22.2515],[-52.7978,-22.3778],[-52.8573,-22.441],[-52.8853,-22.4524],[-52.9477,-22.4729],[-52.9981,-22.4927],[-53.0041,-22.5034],[-53.0073,-22.5089],[-53.0131,-22.5193],[-53.0554,-22.5354],[-53.0809,-22.5578],[-53.1078,-22.5968],[-53.1082,-22.6131],[-53.1082,-22.6131],[-53.1047,-22.6215],[-53.2014,-22.7283],[-53.2395,-22.7333],[-53.3263,-22.7648],[-53.354,-22.7769],[-53.3574,-22.7792],[-53.3608,-22.7814],[-53.377,-22.8028],[-53.5463,-22.8896],[-53.5702,-22.928],[-53.5795,-22.9319],[-53.5888,-22.9358],[-53.6069,-22.9509],[-53.6336,-22.998],[-53.6361,-23.1246],[-53.6849,-23.2052],[-53.7301,-23.3172],[-53.7614,-23.3593],[-53.7687,-23.3692],[-53.7706,-23.3717],[-53.9823,-23.4595],[-54.0529,-23.7245],[-54.0752,-23.764],[-54.0876,-23.844],[-54.0838,-23.8644],[-54.0838,-23.8647],[-54.0794,-23.8885],[-54.0993,-23.946],[-54.1046,-23.9534],[-54.1099,-23.9608],[-54.1292,-23.9816],[-54.2871,-24.0695],[-54.321,-24.024],[-54.3208,-24.0222],[-54.3202,-24.0171],[-54.3192,-24.0082],[-54.3553,-24.0056],[-54.4139,-23.9596],[-54.4367,-23.9061],[-54.4829,-23.8944],[-54.5002,-23.8759],[-54.5022,-23.8805],[-54.5037,-23.8839],[-54.5043,-23.8851],[-54.5469,-23.8696],[-54.5475,-23.8698],[-54.5577,-23.872],[-54.5696,-23.8745],[-54.5661,-23.8551],[-54.5858,-23.8391],[-54.6097,-23.8511],[-54.6151,-23.838],[-54.6169,-23.8336],[-54.647,-23.8323],[-54.6708,-23.8117],[-54.7051,-23.8628],[-54.7444,-23.8668],[-54.7596,-23.8567],[-54.8135,-23.8882],[-54.8367,-23.8826],[-54.8491,-23.9056],[-54.8896,-23.8982],[-54.9244,-23.9226],[-54.9279,-23.9597],[-54.9366,-23.9621],[-54.9396,-23.9633],[-54.9979,-23.9559],[-55.06,-23.9921],[-55.1069,-23.9633],[-55.1289,-23.982],[-55.1972,-23.9879],[-55.1977,-23.9909],[-55.1983,-23.9942],[-55.2047,-24.001],[-55.2452,-23.9992],[-55.2493,-23.9985],[-55.3118,-23.9619],[-55.3474,-23.994],[-55.3778,-23.9712],[-55.4016,-23.9742],[-55.4316,-23.9408],[-55.4479,-23.8203],[-55.4305,-23.7896],[-55.445,-23.743],[-55.4342,-23.7173],[-55.4609,-23.7126],[-55.4602,-23.6848],[-55.4809,-23.6411],[-55.5085,-23.6236],[-55.5365,-23.6255],[-55.5237,-23.5673],[-55.5614,-23.4757],[-55.555,-23.4761],[-55.5463,-23.4767],[-55.5454,-23.473],[-55.5419,-23.4551],[-55.546,-23.4485],[-55.5056,-23.3764],[-55.5558,-23.3185],[-55.5539,-23.2776],[-55.5228,-23.2585],[-55.5372,-23.2501],[-55.5459,-23.2192],[-55.5233,-23.1965],[-55.5425,-23.1797],[-55.5425,-23.1557],[-55.5663,-23.1431],[-55.5967,-23.1521],[-55.5949,-23.1192],[-55.6162,-23.0816],[-55.6101,-23.0487],[-55.6384,-23.0261],[-55.6218,-22.9856],[-55.6466,-22.95],[-55.6649,-22.8506],[-55.6521,-22.7923],[-55.6168,-22.7675],[-55.6148,-22.6557],[-55.6241,-22.6278],[-55.7213,-22.5515],[-55.7513,-22.476],[-55.735,-22.4583],[-55.7395,-22.3945],[-55.7884,-22.3874],[-55.8487,-22.2837],[-55.9159,-22.2766],[-55.9485,-22.2919],[-55.9826,-22.2786],[-56.0041,-22.2926],[-56.117,-22.2708],[-56.1365,-22.2853],[-56.2094,-22.2764],[-56.2387,-22.2353],[-56.2759,-22.2359],[-56.3014,-22.2151],[-56.3083,-22.2136],[-56.3109,-22.213],[-56.3153,-22.2175],[-56.3629,-22.1699],[-56.3923,-22.0743],[-56.4305,-22.0857],[-56.469,-22.0795],[-56.4745,-22.0931],[-56.5018,-22.0953],[-56.5238,-22.1215],[-56.5184,-22.1394],[-56.555,-22.1692],[-56.5572,-22.1958],[-56.5977,-22.212],[-56.6261,-22.2455],[-56.6403,-22.244],[-56.635,-22.2624],[-56.6767,-22.2453],[-56.681,-22.2218],[-56.7019,-22.2184],[-56.6998,-22.2254],[-56.6929,-22.2275],[-56.7195,-22.2615],[-56.7451,-22.235],[-56.7746,-22.2588],[-56.7936,-22.2422],[-56.8048,-22.284],[-56.8412,-22.302],[-56.877,-22.2778],[-56.8846,-22.2465],[-56.9055,-22.2669],[-56.925,-22.2512],[-56.9455,-22.2566],[-56.9574,-22.2392],[-56.9837,-22.2435],[-56.9964,-22.2228],[-57.0427,-22.2406],[-57.0588,-22.2296],[-57.0585,-22.2345],[-57.0585,-22.2356],[-57.0581,-22.2406],[-57.0801,-22.2501],[-57.1112,-22.2402],[-57.1045,-22.2265],[-57.182,-22.2348],[-57.1977,-22.2118],[-57.2139,-22.2184],[-57.2166,-22.2391],[-57.2288,-22.2443],[-57.2369,-22.248],[-57.2405,-22.2492],[-57.2918,-22.2183],[-57.3187,-22.2433],[-57.3417,-22.2286],[-57.3722,-22.2311],[-57.386,-22.2041],[-57.4243,-22.2032],[-57.4481,-22.1871],[-57.4878,-22.1894],[-57.5213,-22.1689],[-57.5463,-22.1813],[-57.5763,-22.1753],[-57.5851,-22.1407],[-57.6116,-22.1238],[-57.6124,-22.0945],[-57.6629,-22.1059],[-57.6883,-22.088],[-57.6961,-22.0915],[-57.7059,-22.0905],[-57.7154,-22.1086],[-57.7364,-22.1024],[-57.7417,-22.136],[-57.7774,-22.126],[-57.8023,-22.1501],[-57.8277,-22.1196],[-57.8588,-22.1358],[-57.9249,-22.1211],[-57.9229,-22.1126],[-57.9227,-22.1121],[-57.9214,-22.108],[-57.9389,-22.0853],[-57.9913,-22.0903],[-57.9846,-22.0617],[-58.0052,-22.0499],[-58.0033,-22.0316],[-57.9676,-22.0092],[-57.9366,-21.9211],[-57.9473,-21.9006],[-57.9122,-21.8791],[-57.9691,-21.8463],[-57.9321,-21.8263],[-57.9133,-21.7915],[-57.9091,-21.7689],[-57.9455,-21.7424],[-57.8819,-21.6881],[-57.9329,-21.651],[-57.9391,-21.6209],[-57.9124,-21.5904],[-57.9574,-21.5636],[-57.9662,-21.525],[-57.9256,-21.4683],[-57.9037,-21.3999],[-57.854,-21.3383],[-57.8524,-21.3315],[-57.8506,-21.3225],[-57.8528,-21.3179],[-57.8967,-21.3049],[-57.9101,-21.2951],[-57.9186,-21.284],[-57.9205,-21.2795],[-57.8496,-21.2193],[-57.8618,-21.1393],[-57.8448,-21.0986],[-57.8671,-21.0411],[-57.8166,-20.9795],[-57.8188,-20.9421],[-57.8234,-20.9358],[-57.8283,-20.9341],[-57.8632,-20.9457],[-57.8926,-20.9045],[-57.9277,-20.8975],[-57.8646,-20.8478],[-57.8618,-20.8441],[-57.8582,-20.83],[-57.859,-20.8264],[-57.8898,-20.7919],[-57.9472,-20.7999],[-57.9575,-20.7956],[-57.9591,-20.7912],[-57.9599,-20.789],[-57.9327,-20.7459],[-57.8625,-20.7412],[-57.9193,-20.6637],[-57.9247,-20.6621],[-57.9278,-20.6632],[-57.9327,-20.6658],[-57.954,-20.703],[-57.9846,-20.7012],[-57.9704,-20.6421],[-58.0122,-20.6125],[-57.9969,-20.5727],[-58.0181,-20.5126],[-57.9964,-20.4348],[-58.0203,-20.402],[-58.0627,-20.3924],[-58.0836,-20.3721],[-58.1008,-20.3244],[-58.0941,-20.255],[-58.1181,-20.2497],[-58.144,-20.2722],[-58.1605,-20.2621],[-58.1608,-20.2238],[-58.1217,-20.1946],[-58.1668,-20.1713],[-58.1624,-20.1621],[-58.1509,-20.1527],[-58.1151,-20.1434],[-58.0883,-20.1073],[-58.0485,-20.1046],[-58.0253,-20.0586],[-57.9846,-20.0571],[-57.9597,-20.0219],[-57.951,-20.0196],[-57.9459,-20.0183],[-57.9346,-20.0198],[-57.9029,-20.0406],[-57.8587,-19.9699],[-58.1312,-19.758],[-58.0069,-19.4992],[-57.7835,-19.033],[-57.7088,-19.0311],[-57.7049,-19.0252],[-57.6936,-19.0104],[-57.7186,-18.9765],[-57.7191,-18.8985],[-57.766,-18.8988],[-57.5571,-18.2399],[-57.4533,-18.2307],[-57.4829,-18.1971],[-57.5044,-18.1998],[-57.5742,-18.1314],[-57.5995,-18.0459],[-57.7199,-17.8274],[-57.6825,-17.8276],[-57.6826,-17.8176],[-57.6826,-17.8075],[-57.7195,-17.7712],[-57.7089,-17.7294],[-57.7298,-17.7184],[-57.7599,-17.6634],[-57.775,-17.6565],[-57.7813,-17.6421],[-57.7825,-17.6384],[-57.7712,-17.6124],[-57.7828,-17.6065],[-57.7781,-17.6023],[-57.777,-17.6013],[-57.7734,-17.5973],[-57.795,-17.5599],[-57.7518,-17.5639],[-57.7275,-17.5293],[-57.7115,-17.5437],[-57.6894,-17.6399],[-57.6683,-17.6715],[-57.6838,-17.7152],[-57.663,-17.7294],[-57.6398,-17.7169],[-57.6004,-17.7749],[-57.6022,-17.7786],[-57.6046,-17.7787],[-57.612,-17.779],[-57.6032,-17.8034],[-57.5895,-17.8017],[-57.5758,-17.8001],[-57.5718,-17.8123],[-57.5709,-17.815],[-57.5305,-17.8387],[-57.5324,-17.8459],[-57.5342,-17.8532],[-57.5088,-17.8635],[-57.477,-17.8586],[-57.4771,-17.8685],[-57.4771,-17.8784],[-57.4614,-17.8981],[-57.4519,-17.9022],[-57.4454,-17.8915],[-57.4458,-17.8835],[-57.4462,-17.8741],[-57.398,-17.8389],[-57.3913,-17.8447],[-57.3908,-17.8451],[-57.3851,-17.8438],[-57.3844,-17.8421],[-57.377,-17.8257],[-57.3529,-17.8374],[-57.3075,-17.8104],[-57.2828,-17.8223],[-57.283,-17.8183],[-57.2832,-17.8125],[-57.2321,-17.8119],[-57.2515,-17.793],[-57.1554,-17.778],[-57.1522,-17.7741],[-57.1462,-17.7671],[-57.1302,-17.774],[-57.1151,-17.7806],[-57.0734,-17.735],[-57.0444,-17.7299],[-57.0359,-17.7037],[-57.0328,-17.6943],[-56.9877,-17.6589],[-56.9589,-17.6106],[-56.9809,-17.6106],[-56.9819,-17.6034],[-56.9754,-17.5955],[-56.9818,-17.5798],[-56.909,-17.5321],[-56.9027,-17.5352],[-56.8952,-17.5389],[-56.8754,-17.5325],[-56.8614,-17.4835],[-56.8545,-17.4852],[-56.8497,-17.4863],[-56.8473,-17.4636],[-56.8337,-17.4633],[-56.8316,-17.4632],[-56.8249,-17.4585],[-56.825,-17.4526],[-56.8283,-17.4502],[-56.8404,-17.4416],[-56.8195,-17.4307],[-56.8415,-17.4178],[-56.8306,-17.4078],[-56.8283,-17.3907],[-56.8039,-17.3862],[-56.7905,-17.3906],[-56.7855,-17.3871],[-56.7881,-17.379],[-56.7889,-17.3764],[-56.7862,-17.3701],[-56.779,-17.3669],[-56.7641,-17.3603],[-56.7604,-17.3512],[-56.7642,-17.3472],[-56.7687,-17.3423],[-56.7333,-17.3094],[-56.6914,-17.3177],[-56.6923,-17.3197],[-56.6954,-17.3265],[-56.688,-17.3205],[-56.6827,-17.3161],[-56.663,-17.3384],[-56.6532,-17.3226],[-56.6512,-17.328],[-56.6472,-17.339],[-56.6469,-17.3165],[-56.6357,-17.3279],[-56.6299,-17.3338],[-56.6288,-17.3278],[-56.628,-17.3233],[-56.6245,-17.3216],[-56.5954,-17.3321],[-56.5844,-17.3288],[-56.576,-17.3306],[-56.5779,-17.3236],[-56.5788,-17.3199],[-56.5706,-17.3149],[-56.526,-17.3194],[-56.5055,-17.3056],[-56.5087,-17.3012],[-56.5149,-17.2924],[-56.5075,-17.2948],[-56.5012,-17.2859],[-56.4977,-17.2983],[-56.4896,-17.2979],[-56.4797,-17.3047],[-56.4726,-17.3096],[-56.4717,-17.3064],[-56.4707,-17.3029],[-56.467,-17.3018],[-56.4654,-17.3078],[-56.4634,-17.3152],[-56.4583,-17.3128],[-56.4518,-17.3097],[-56.4511,-17.318],[-56.4503,-17.326],[-56.4428,-17.3303],[-56.4076,-17.3157],[-56.3554,-17.2669],[-56.3353,-17.2895],[-56.313,-17.269],[-56.2986,-17.2756],[-56.2944,-17.2709],[-56.286,-17.27],[-56.2796,-17.2587],[-56.2823,-17.2532],[-56.2851,-17.2476],[-56.256,-17.2434],[-56.2601,-17.2347],[-56.2619,-17.2308],[-56.2586,-17.2289],[-56.2536,-17.2324],[-56.2518,-17.2337],[-56.2522,-17.2319],[-56.2544,-17.222],[-56.2508,-17.2186],[-56.2082,-17.2268],[-56.2113,-17.2148],[-56.2125,-17.2102],[-56.1886,-17.2099],[-56.1872,-17.2018],[-56.1849,-17.1888],[-56.1393,-17.1908],[-56.1359,-17.1887],[-56.138,-17.1833],[-56.1396,-17.1791],[-56.1126,-17.1668],[-56.0603,-17.1716],[-56.0573,-17.1761],[-56.0505,-17.1865],[-56.0446,-17.1712],[-56.0319,-17.1849],[-56.0155,-17.1898],[-56.005,-17.2038],[-56.0144,-17.2075],[-56.018,-17.209],[-56.0196,-17.2161],[-56.0109,-17.2143],[-56.0081,-17.2138],[-56.0096,-17.2168],[-56.0122,-17.2222],[-56.0103,-17.2386],[-55.9894,-17.2408],[-55.9896,-17.2459],[-55.9899,-17.2555],[-55.9862,-17.2577],[-55.9813,-17.2481],[-55.9803,-17.2463],[-55.9514,-17.2498],[-55.9553,-17.256],[-55.9548,-17.2566],[-55.9388,-17.2766],[-55.9258,-17.2574],[-55.9169,-17.264],[-55.886,-17.2649],[-55.8989,-17.2717],[-55.9014,-17.273],[-55.886,-17.2843],[-55.8743,-17.2682],[-55.8577,-17.2831],[-55.8509,-17.2788],[-55.8502,-17.2878],[-55.85,-17.2899],[-55.8414,-17.3008],[-55.8267,-17.2886],[-55.8289,-17.2949],[-55.8312,-17.3012],[-55.828,-17.3055],[-55.8206,-17.2974],[-55.8204,-17.2973],[-55.806,-17.2976],[-55.7839,-17.3296],[-55.7607,-17.3231],[-55.7217,-17.3483],[-55.7138,-17.3416],[-55.7086,-17.3372],[-55.706,-17.3427],[-55.7008,-17.3537],[-55.6954,-17.3442],[-55.6927,-17.3394],[-55.6676,-17.3502],[-55.6668,-17.3494],[-55.656,-17.3378],[-55.6546,-17.3474],[-55.6503,-17.3524],[-55.6452,-17.3585],[-55.6408,-17.339],[-55.6354,-17.3526],[-55.6322,-17.3562],[-55.6258,-17.3636],[-55.5851,-17.3732],[-55.5849,-17.4221],[-55.5752,-17.4185],[-55.5748,-17.4184],[-55.5748,-17.4191],[-55.5743,-17.4342],[-55.5236,-17.4807],[-55.4721,-17.4809],[-55.4432,-17.5113],[-55.3818,-17.525],[-55.3797,-17.5208],[-55.3766,-17.5146],[-55.3532,-17.5312],[-55.3502,-17.5481],[-55.2921,-17.5421],[-55.289,-17.5599],[-55.2687,-17.5563],[-55.2636,-17.5775],[-55.2604,-17.5756],[-55.2576,-17.5739],[-55.2536,-17.5765],[-55.242,-17.6017],[-55.2314,-17.5951],[-55.2274,-17.5992],[-55.2176,-17.6071],[-55.221,-17.6167],[-55.1834,-17.6194],[-55.1701,-17.6404],[-55.1415,-17.6388],[-55.1267,-17.6523],[-55.1134,-17.6435],[-55.1127,-17.6415],[-55.1088,-17.63],[-55.0721,-17.6312],[-55.0666,-17.638],[-55.0633,-17.642],[-55.0102,-17.6289],[-55.0058,-17.631],[-54.9913,-17.638],[-54.9738,-17.6166],[-54.9429,-17.6086],[-54.8603,-17.6234],[-54.7583,-17.5653],[-54.7484,-17.5224],[-54.7183,-17.5179],[-54.6992,-17.4969],[-54.6959,-17.5018],[-54.695,-17.5031],[-54.6808,-17.5064],[-54.6545,-17.4897],[-54.6168,-17.49],[-54.6092,-17.4864],[-54.5881,-17.4767],[-54.5812,-17.4676],[-54.5537,-17.4882],[-54.5384,-17.4787],[-54.5358,-17.4771],[-54.4808,-17.4872],[-54.4664,-17.5286],[-54.4206,-17.5373],[-54.4032,-17.5641],[-54.4024,-17.5644],[-54.3824,-17.5711],[-54.3841,-17.6009],[-54.3739,-17.6081],[-54.3873,-17.6315],[-54.3548,-17.6503],[-54.3501,-17.6567],[-54.3019,-17.6612],[-54.1783,-17.6024],[-54.1337,-17.6183],[-54.0765,-17.6146],[-54.0454,-17.5368],[-54.0576,-17.5127],[-54.0371,-17.486],[-53.9517,-17.4589],[-53.8779,-17.3748],[-53.8679,-17.3679],[-53.8575,-17.3642],[-53.8308,-17.3546],[-53.8326,-17.3449],[-53.8345,-17.3353],[-53.8196,-17.2942],[-53.8061,-17.2875],[-53.7974,-17.2873],[-53.7852,-17.2871],[-53.7586,-17.2427],[-53.7081,-17.2277],[-53.6796,-17.2531],[-53.7056,-17.6619],[-53.8058,-17.6719],[-53.8554,-17.7023],[-53.8879,-17.7485],[-53.9552,-17.8826],[-53.9484,-17.923],[-53.898,-17.9084],[-53.8741,-17.9218]]],[[[-53.8722,-17.9164],[-53.8718,-17.9214],[-53.875,-17.9184],[-53.8722,-17.9164]]]]},"alpha2":"BR-MS","centroid":{"lat":-20.4486,"lng":-54.6295},"isState":true},{"type":"Feature","properties":{"name":"Mato Grosso","NAME":"Mato Grosso","sigla":"MT","code":"MT","POSTAL":"MT","ISO_A2":"BR-MT","alpha2":"BR-MT","region":"Centro-Oeste","capital":"Cuiabá"},"geometry":{"type":"MultiPolygon","coordinates":[[[[-60.3608,-13.2993],[-60.3513,-13.2726],[-60.3252,-13.2523],[-60.3278,-13.2306],[-60.3279,-13.2299],[-60.3036,-13.1788],[-60.268,-13.1446],[-60.2758,-13.1385],[-60.2801,-13.1352],[-60.2824,-13.0801],[-60.2147,-13.0266],[-60.1887,-12.9707],[-60.1166,-12.9591],[-60.1046,-12.9191],[-60.086,-12.8983],[-60.0743,-12.7728],[-60.0895,-12.7319],[-60.0624,-12.6404],[-60.0614,-12.6309],[-60.0635,-12.6261],[-60.0682,-12.6156],[-60.0344,-12.5949],[-60.0221,-12.5559],[-59.9729,-12.53],[-59.9347,-12.4867],[-59.8967,-12.4708],[-59.8553,-12.4782],[-59.8187,-12.3783],[-59.7924,-12.3454],[-59.7738,-12.3406],[-59.8313,-12.2915],[-59.8858,-12.2451],[-59.8918,-12.2451],[-59.9083,-12.192],[-59.9007,-12.115],[-59.9788,-12.0291],[-59.9741,-12.0147],[-59.9721,-12.0127],[-59.966,-12.0068],[-59.9701,-11.9974],[-59.9723,-11.9958],[-59.979,-11.9909],[-59.9708,-11.9695],[-59.9783,-11.9648],[-59.9865,-11.9597],[-59.9846,-11.9139],[-59.9949,-11.9089],[-60.0063,-11.8943],[-60.0498,-11.8975],[-60.06,-11.8946],[-60.0728,-11.8841],[-60.0761,-11.8849],[-60.0828,-11.8581],[-60.0957,-11.8585],[-60.0933,-11.8488],[-60.0983,-11.8452],[-60.0974,-11.8395],[-60.1006,-11.835],[-60.1082,-11.8392],[-60.0962,-11.7991],[-60.0977,-11.7947],[-60.1028,-11.7937],[-60.108,-11.7927],[-60.1005,-11.7802],[-60.1211,-11.7117],[-60.1143,-11.5911],[-60.1104,-11.5821],[-60.1032,-11.5836],[-60.0939,-11.5855],[-60.0998,-11.5785],[-60.1011,-11.577],[-60.0867,-11.5677],[-60.0904,-11.5649],[-60.0936,-11.5624],[-60.0902,-11.5545],[-60.0569,-11.5417],[-60.0278,-11.5065],[-60.0288,-11.5039],[-60.031,-11.4982],[-60.0307,-11.4928],[-60.022,-11.4957],[-60.0193,-11.4966],[-59.9849,-11.4689],[-59.9757,-11.4388],[-59.9518,-11.436],[-59.9442,-11.4319],[-59.9201,-11.3976],[-59.9272,-11.31],[-59.9495,-11.304],[-59.9542,-11.2992],[-59.9589,-11.2943],[-59.9815,-11.2331],[-59.9827,-11.224],[-59.9839,-11.2148],[-59.9806,-11.2034],[-59.9635,-11.1887],[-59.9972,-11.151],[-59.9762,-11.122],[-59.9863,-11.1141],[-59.9898,-11.1215],[-59.9907,-11.1232],[-60.0126,-11.1221],[-60.0152,-11.1159],[-60.017,-11.1223],[-60.0189,-11.1287],[-60.0257,-11.1303],[-60.0315,-11.1274],[-60.0338,-11.1229],[-60.0369,-11.117],[-60.0432,-11.1235],[-60.0435,-11.1239],[-60.0662,-11.1251],[-60.0745,-11.1046],[-60.0837,-11.0965],[-60.0893,-11.1001],[-60.0892,-11.1027],[-60.0888,-11.1085],[-60.1587,-11.0953],[-60.2043,-11.1117],[-60.2383,-11.0945],[-60.2705,-11.0983],[-60.2818,-11.0636],[-60.2909,-11.0651],[-60.3007,-11.0568],[-60.3087,-11.0636],[-60.317,-11.0647],[-60.334,-11.0825],[-60.3479,-11.0736],[-60.3474,-11.1086],[-60.391,-11.0934],[-60.4138,-11.0671],[-60.4129,-11.06],[-60.411,-11.0464],[-60.4136,-11.0431],[-60.4461,-11.0418],[-60.4415,-11.0283],[-60.4374,-11.0163],[-60.4595,-10.9895],[-61.5497,-10.9857],[-61.5295,-10.9786],[-61.5271,-10.9568],[-61.519,-10.9493],[-61.5144,-10.9068],[-61.5257,-10.8846],[-61.5029,-10.8081],[-61.51,-10.7939],[-61.5049,-10.7891],[-61.5047,-10.7844],[-61.4944,-10.7837],[-61.4921,-10.7886],[-61.4875,-10.7986],[-61.4733,-10.7971],[-61.4878,-10.736],[-61.4718,-10.7146],[-61.4804,-10.7144],[-61.4853,-10.7103],[-61.4983,-10.6995],[-61.498,-10.688],[-61.4913,-10.6752],[-61.4896,-10.6741],[-61.4817,-10.6688],[-61.4818,-10.653],[-61.4784,-10.6427],[-61.4827,-10.6373],[-61.4832,-10.6367],[-61.489,-10.6294],[-61.4658,-10.5408],[-61.4755,-10.5322],[-61.4785,-10.5295],[-61.4803,-10.4874],[-61.4612,-10.4195],[-61.4756,-10.418],[-61.4764,-10.4102],[-61.4746,-10.4084],[-61.471,-10.4048],[-61.4965,-10.3892],[-61.5156,-10.334],[-61.5209,-10.3304],[-61.5267,-10.3309],[-61.5332,-10.3315],[-61.5403,-10.3198],[-61.5476,-10.316],[-61.5528,-10.3066],[-61.5479,-10.3034],[-61.5435,-10.3006],[-61.5541,-10.2792],[-61.5714,-10.2589],[-61.5771,-10.2262],[-61.5735,-10.2086],[-61.5668,-10.2052],[-61.5512,-10.1974],[-61.5594,-10.1753],[-61.5996,-10.1544],[-61.5782,-10.0789],[-61.58,-10.0719],[-61.5832,-10.0598],[-61.5785,-10.0543],[-61.5738,-10.0489],[-61.5551,-10.0379],[-61.5307,-9.9895],[-61.5274,-9.97],[-61.532,-9.9675],[-61.5389,-9.9637],[-61.5319,-9.9523],[-61.5288,-9.9508],[-61.5228,-9.9481],[-61.5244,-9.9062],[-61.5173,-9.8995],[-61.5102,-9.8927],[-61.5074,-9.8607],[-61.5112,-9.8519],[-61.515,-9.843],[-61.5177,-9.8226],[-61.5251,-9.8209],[-61.5316,-9.8194],[-61.5283,-9.8136],[-61.5247,-9.8073],[-61.5244,-9.7953],[-61.5336,-9.7938],[-61.5378,-9.793],[-61.5468,-9.7872],[-61.5321,-9.7576],[-61.5315,-9.7486],[-61.531,-9.7395],[-61.5738,-9.7173],[-61.5319,-9.7114],[-61.5191,-9.6967],[-61.5047,-9.691],[-61.5017,-9.6795],[-61.5035,-9.6724],[-61.5063,-9.6616],[-61.4999,-9.6603],[-61.4935,-9.659],[-61.4804,-9.6397],[-61.4771,-9.6269],[-61.5025,-9.615],[-61.4969,-9.5888],[-61.4946,-9.5784],[-61.5098,-9.5647],[-61.5129,-9.5282],[-61.5184,-9.5301],[-61.5266,-9.5329],[-61.549,-9.5148],[-61.5468,-9.5108],[-61.5373,-9.5065],[-61.5255,-9.5013],[-61.5781,-9.4712],[-61.5735,-9.4625],[-61.581,-9.4585],[-61.5624,-9.4374],[-61.5595,-9.4364],[-61.5562,-9.4352],[-61.5523,-9.3872],[-61.6117,-9.3556],[-61.6254,-9.3626],[-61.6119,-9.28],[-61.6149,-9.2783],[-61.6234,-9.2817],[-61.6264,-9.2829],[-61.6322,-9.2763],[-61.632,-9.2662],[-61.5753,-9.2373],[-61.5259,-9.2437],[-61.5275,-9.2309],[-61.5203,-9.1946],[-61.5231,-9.1786],[-61.5552,-9.1296],[-61.5566,-9.122],[-61.558,-9.1145],[-61.5544,-9.0899],[-61.5105,-8.9758],[-61.4681,-8.9171],[-61.5109,-8.8633],[-61.5121,-8.8499],[-61.5132,-8.8366],[-61.5255,-8.8165],[-61.5824,-8.7983],[-58.4998,-8.8024],[-58.4154,-8.7925],[-58.3256,-8.7196],[-58.3278,-8.7117],[-58.3505,-8.7012],[-58.3805,-8.7052],[-58.4105,-8.7198],[-58.433,-8.71],[-58.4369,-8.703],[-58.3908,-8.6029],[-58.4101,-8.57],[-58.4038,-8.5391],[-58.4167,-8.4919],[-58.353,-8.3924],[-58.3476,-8.3458],[-58.3317,-8.3372],[-58.318,-8.3298],[-58.3144,-8.3227],[-58.3275,-8.2854],[-58.3123,-8.2088],[-58.3185,-8.1838],[-58.3221,-8.1696],[-58.2865,-8.1281],[-58.2861,-8.0871],[-58.2911,-8.0739],[-58.3159,-8.0332],[-58.3212,-8.0247],[-58.3309,-7.9683],[-58.3546,-7.9437],[-58.3729,-7.9068],[-58.3824,-7.8387],[-58.3712,-7.8209],[-58.3334,-7.8039],[-58.2943,-7.7719],[-58.2775,-7.7033],[-58.2016,-7.6205],[-58.2222,-7.5236],[-58.2126,-7.4929],[-58.2125,-7.4581],[-58.1379,-7.3487],[-58.1327,-7.3497],[-58.1195,-7.3524],[-58.0662,-7.3909],[-58.0624,-7.3955],[-58.0585,-7.4],[-58.0346,-7.4538],[-58.0016,-7.4878],[-57.9721,-7.5342],[-57.9442,-7.6051],[-57.939,-7.6528],[-57.8976,-7.6756],[-57.8733,-7.8008],[-57.8405,-7.8611],[-57.8375,-7.8717],[-57.8345,-7.8824],[-57.8283,-7.9725],[-57.8035,-8.003],[-57.776,-8.0518],[-57.7279,-8.0938],[-57.7193,-8.1462],[-57.7146,-8.1576],[-57.6667,-8.1761],[-57.6428,-8.2133],[-57.6788,-8.3178],[-57.6683,-8.3709],[-57.6863,-8.4137],[-57.6811,-8.4327],[-57.6755,-8.4398],[-57.6509,-8.4707],[-57.6585,-8.5],[-57.6332,-8.5235],[-57.6383,-8.5402],[-57.6441,-8.5466],[-57.65,-8.553],[-57.6481,-8.576],[-57.6217,-8.5908],[-57.6234,-8.6223],[-57.6242,-8.6385],[-57.62,-8.6474],[-57.6127,-8.6546],[-57.6048,-8.6625],[-57.5924,-8.7561],[-57.5618,-8.7609],[-57.5299,-8.7478],[-57.4843,-8.769],[-57.463,-8.7844],[-57.4271,-8.7829],[-57.4213,-8.7892],[-57.4156,-8.7955],[-57.4128,-8.8258],[-57.42,-8.8492],[-57.4162,-8.8576],[-57.4072,-8.8607],[-57.4029,-8.8621],[-57.3802,-8.8807],[-57.3491,-8.8804],[-57.3145,-8.8866],[-57.2991,-8.9136],[-57.2857,-8.9151],[-57.2481,-8.906],[-57.2117,-8.9163],[-57.202,-8.923],[-57.1923,-8.9297],[-57.1378,-8.9942],[-57.0941,-9.0167],[-57.0923,-9.025],[-57.0905,-9.0332],[-57.0781,-9.052],[-57.0737,-9.0548],[-57.0591,-9.0639],[-57.0616,-9.0736],[-57.0627,-9.0782],[-57.0557,-9.0825],[-57.0458,-9.0886],[-57.0387,-9.0979],[-57.041,-9.1147],[-57.0477,-9.1226],[-57.0599,-9.1367],[-57.0573,-9.1838],[-56.995,-9.2335],[-56.9517,-9.2227],[-56.8196,-9.246],[-56.7787,-9.3168],[-56.7718,-9.3906],[-56.7606,-9.4046],[-56.7108,-9.3739],[-56.6714,-9.367],[-53.1329,-9.6445],[-50.2243,-9.8408],[-50.2638,-9.9081],[-50.3022,-10.035],[-50.3542,-10.0768],[-50.3917,-10.1336],[-50.3983,-10.1637],[-50.3819,-10.2213],[-50.3976,-10.254],[-50.4048,-10.2838],[-50.4227,-10.3302],[-50.4203,-10.3431],[-50.4178,-10.3559],[-50.4733,-10.4045],[-50.4874,-10.4676],[-50.4868,-10.4703],[-50.4822,-10.4896],[-50.4887,-10.4947],[-50.4999,-10.4953],[-50.5156,-10.5047],[-50.5193,-10.5621],[-50.5252,-10.5712],[-50.5311,-10.5804],[-50.537,-10.6048],[-50.5425,-10.6089],[-50.5519,-10.6098],[-50.5627,-10.6109],[-50.5821,-10.6437],[-50.603,-10.6605],[-50.5701,-10.7521],[-50.6215,-10.839],[-50.6186,-10.8637],[-50.6112,-10.8681],[-50.6045,-10.8721],[-50.5995,-10.8827],[-50.6003,-10.9002],[-50.6217,-10.9178],[-50.6271,-10.9267],[-50.6325,-10.9355],[-50.609,-11.067],[-50.6586,-11.1304],[-50.658,-11.2474],[-50.6697,-11.2842],[-50.7058,-11.326],[-50.7388,-11.4349],[-50.7397,-11.5382],[-50.716,-11.5778],[-50.6753,-11.5822],[-50.6645,-11.5848],[-50.6608,-11.5904],[-50.6571,-11.596],[-50.6561,-11.6004],[-50.6631,-11.6721],[-50.7216,-11.7393],[-50.6876,-11.8246],[-50.6874,-11.8283],[-50.6858,-11.8586],[-50.6388,-11.8842],[-50.6395,-11.8932],[-50.6401,-11.9023],[-50.6674,-11.9274],[-50.6564,-11.9664],[-50.6825,-11.9941],[-50.6861,-12.0447],[-50.6668,-12.0807],[-50.6864,-12.2017],[-50.6782,-12.2184],[-50.655,-12.2178],[-50.6494,-12.22],[-50.6438,-12.2223],[-50.6495,-12.2487],[-50.6319,-12.2682],[-50.6309,-12.2748],[-50.6299,-12.2814],[-50.6484,-12.2987],[-50.6426,-12.3191],[-50.6374,-12.3249],[-50.6409,-12.3371],[-50.6436,-12.3464],[-50.6297,-12.3733],[-50.6281,-12.393],[-50.6296,-12.4018],[-50.6319,-12.4148],[-50.6254,-12.4211],[-50.6178,-12.4286],[-50.6228,-12.4534],[-50.6265,-12.4578],[-50.6352,-12.4545],[-50.6418,-12.4521],[-50.6509,-12.4584],[-50.6461,-12.4794],[-50.6456,-12.4817],[-50.686,-12.5688],[-50.6759,-12.5756],[-50.669,-12.5803],[-50.6675,-12.5956],[-50.6734,-12.5997],[-50.6806,-12.5971],[-50.694,-12.5923],[-50.7022,-12.5983],[-50.706,-12.6093],[-50.6992,-12.6474],[-50.6821,-12.6467],[-50.6557,-12.6456],[-50.6465,-12.6507],[-50.6543,-12.6788],[-50.6447,-12.7018],[-50.6377,-12.7014],[-50.6327,-12.7011],[-50.6297,-12.7041],[-50.6333,-12.712],[-50.6367,-12.7194],[-50.6228,-12.7339],[-50.6267,-12.7605],[-50.6355,-12.7714],[-50.6113,-12.7755],[-50.6223,-12.8193],[-50.6028,-12.8],[-50.5791,-12.8018],[-50.6002,-12.8185],[-50.5986,-12.8231],[-50.5974,-12.8264],[-50.5665,-12.843],[-50.5315,-12.8432],[-50.5199,-12.836],[-50.5018,-12.8839],[-50.5245,-12.9371],[-50.5247,-12.9449],[-50.5255,-12.976],[-50.5564,-13.002],[-50.5925,-13.0024],[-50.5687,-13.0387],[-50.6103,-13.0626],[-50.5898,-13.1092],[-50.6027,-13.1938],[-50.5842,-13.2232],[-50.5878,-13.2488],[-50.6049,-13.2769],[-50.6067,-13.3104],[-50.6652,-13.3757],[-50.665,-13.4419],[-50.6775,-13.4431],[-50.683,-13.4437],[-50.6908,-13.4622],[-50.6965,-13.4755],[-50.763,-13.5296],[-50.768,-13.5966],[-50.8035,-13.6905],[-50.8225,-13.7128],[-50.8304,-13.7123],[-50.8383,-13.7118],[-50.8599,-13.7185],[-50.8656,-13.7256],[-50.8713,-13.7327],[-50.8533,-13.7653],[-50.8563,-13.8311],[-50.841,-13.8625],[-50.8408,-13.9268],[-50.8651,-13.9798],[-50.8488,-14.0003],[-50.8514,-14.0287],[-50.8313,-14.073],[-50.8332,-14.0894],[-50.8686,-14.1252],[-50.917,-14.1144],[-50.9182,-14.1254],[-50.9099,-14.1491],[-50.9129,-14.1694],[-50.9748,-14.2904],[-50.9688,-14.3335],[-50.9801,-14.3538],[-50.9847,-14.358],[-50.9894,-14.3623],[-50.9879,-14.3958],[-50.9986,-14.4188],[-50.9677,-14.4819],[-50.9701,-14.491],[-50.9725,-14.5002],[-50.9624,-14.5266],[-50.9967,-14.579],[-50.9959,-14.5805],[-50.995,-14.582],[-50.9913,-14.6134],[-51.0185,-14.6611],[-51.0216,-14.6628],[-51.0261,-14.6653],[-51.0311,-14.6796],[-51.0267,-14.7064],[-51.0488,-14.7349],[-51.0535,-14.7462],[-51.0437,-14.7927],[-51.0679,-14.8099],[-51.0893,-14.8407],[-51.0855,-14.9173],[-51.1088,-14.9294],[-51.1328,-14.9419],[-51.1497,-14.9826],[-51.1982,-15.0044],[-51.2421,-15.035],[-51.2714,-15.0374],[-51.29,-15.0339],[-51.3014,-14.9865],[-51.3101,-14.9801],[-51.3221,-14.9714],[-51.3373,-14.9729],[-51.3763,-15.0124],[-51.3979,-15.003],[-51.4257,-15.0076],[-51.4773,-15.0563],[-51.5119,-15.0542],[-51.5218,-15.058],[-51.5355,-15.0693],[-51.5978,-15.155],[-51.6516,-15.1794],[-51.6675,-15.2459],[-51.6465,-15.2675],[-51.6878,-15.3084],[-51.6709,-15.3713],[-51.6889,-15.3975],[-51.6971,-15.4096],[-51.6924,-15.4328],[-51.7079,-15.456],[-51.6991,-15.4733],[-51.6995,-15.4841],[-51.7042,-15.4963],[-51.7255,-15.502],[-51.735,-15.5104],[-51.7273,-15.5502],[-51.7416,-15.5563],[-51.7516,-15.5538],[-51.7539,-15.5484],[-51.7614,-15.5312],[-51.7758,-15.5372],[-51.7754,-15.5578],[-51.7532,-15.6097],[-51.7625,-15.6452],[-51.803,-15.7087],[-51.8032,-15.7158],[-51.8033,-15.7229],[-51.8737,-15.8015],[-51.8778,-15.8192],[-51.8791,-15.825],[-51.9463,-15.8101],[-51.9553,-15.821],[-51.9547,-15.8275],[-51.9536,-15.8372],[-51.9593,-15.8398],[-51.9722,-15.8374],[-51.9828,-15.8435],[-51.9959,-15.8726],[-52.0017,-15.8788],[-52.0076,-15.885],[-52.1083,-15.8821],[-52.128,-15.8945],[-52.1925,-15.8822],[-52.2522,-15.8927],[-52.2578,-15.932],[-52.31,-16.007],[-52.3273,-16.0682],[-52.3746,-16.0979],[-52.3974,-16.093],[-52.437,-16.1097],[-52.4579,-16.1271],[-52.525,-16.1401],[-52.5261,-16.1506],[-52.5266,-16.1558],[-52.532,-16.158],[-52.5481,-16.1647],[-52.5452,-16.2229],[-52.5561,-16.2238],[-52.5662,-16.2246],[-52.5688,-16.2303],[-52.5538,-16.2485],[-52.5458,-16.2581],[-52.5468,-16.2608],[-52.5546,-16.2652],[-52.5618,-16.2646],[-52.5672,-16.2589],[-52.5759,-16.2495],[-52.623,-16.2869],[-52.6566,-16.2797],[-52.6733,-16.2959],[-52.6811,-16.3034],[-52.6925,-16.3679],[-52.6848,-16.3748],[-52.6775,-16.3813],[-52.6821,-16.3877],[-52.6879,-16.3959],[-52.6761,-16.4119],[-52.6617,-16.4099],[-52.65,-16.4082],[-52.643,-16.4123],[-52.6381,-16.4366],[-52.6287,-16.4421],[-52.6157,-16.4497],[-52.62,-16.4554],[-52.6209,-16.4566],[-52.6202,-16.4644],[-52.6162,-16.4612],[-52.612,-16.4578],[-52.6039,-16.4642],[-52.6121,-16.5017],[-52.6213,-16.5009],[-52.6321,-16.4999],[-52.6371,-16.5025],[-52.6257,-16.533],[-52.6342,-16.5375],[-52.6353,-16.5512],[-52.6465,-16.5455],[-52.6508,-16.561],[-52.6557,-16.5565],[-52.6622,-16.5506],[-52.6681,-16.5501],[-52.6698,-16.5587],[-52.6639,-16.5653],[-52.6597,-16.5699],[-52.6674,-16.5692],[-52.6734,-16.5686],[-52.672,-16.5742],[-52.6702,-16.5816],[-52.675,-16.5845],[-52.6898,-16.5838],[-52.6912,-16.5825],[-52.7036,-16.5708],[-52.7075,-16.5755],[-52.7069,-16.5857],[-52.7063,-16.5978],[-52.7248,-16.5888],[-52.7307,-16.5859],[-52.739,-16.5894],[-52.7373,-16.591],[-52.7306,-16.5976],[-52.7403,-16.6035],[-52.7406,-16.6089],[-52.7371,-16.6125],[-52.7256,-16.6142],[-52.7152,-16.6388],[-52.724,-16.6463],[-52.7464,-16.6303],[-52.7475,-16.6384],[-52.7424,-16.6505],[-52.7399,-16.6564],[-52.7708,-16.6681],[-52.7687,-16.672],[-52.7623,-16.6719],[-52.7547,-16.6718],[-52.7622,-16.6817],[-52.7613,-16.7058],[-52.7715,-16.7068],[-52.7792,-16.7075],[-52.7881,-16.7225],[-52.7871,-16.7298],[-52.7855,-16.7407],[-52.8069,-16.741],[-52.8308,-16.7708],[-52.8818,-16.7757],[-52.9072,-16.8098],[-52.9143,-16.8117],[-52.9252,-16.8163],[-52.9261,-16.8167],[-52.9321,-16.8024],[-52.9352,-16.81],[-52.9439,-16.8127],[-52.9266,-16.8406],[-52.9525,-16.8415],[-52.9501,-16.86],[-52.9495,-16.8556],[-52.9492,-16.8532],[-52.9567,-16.8503],[-52.9667,-16.8682],[-53.0108,-16.8576],[-53.0184,-16.8982],[-53.0391,-16.9115],[-53.0336,-16.9408],[-53.0547,-16.963],[-53.0535,-16.9876],[-53.0515,-16.99],[-53.0494,-16.9924],[-53.072,-17.0501],[-53.0646,-17.0459],[-53.0633,-17.0451],[-53.0555,-17.0699],[-53.1186,-17.1128],[-53.1277,-17.1542],[-53.1569,-17.1702],[-53.1748,-17.2404],[-53.2181,-17.2989],[-53.2172,-17.3265],[-53.1951,-17.3611],[-53.1959,-17.3681],[-53.2037,-17.3704],[-53.2062,-17.3711],[-53.2038,-17.3713],[-53.201,-17.3715],[-53.197,-17.3809],[-53.2091,-17.3852],[-53.2082,-17.3932],[-53.2077,-17.3951],[-53.2061,-17.4014],[-53.2298,-17.4268],[-53.2235,-17.4576],[-53.2362,-17.4829],[-53.2411,-17.4924],[-53.2464,-17.6902],[-53.2378,-17.7137],[-53.2074,-17.7272],[-53.2003,-17.7303],[-53.1681,-17.7658],[-53.1359,-17.8366],[-53.1425,-17.8712],[-53.1309,-17.9164],[-53.1,-17.9364],[-53.0696,-17.9861],[-53.0715,-18.039],[-53.0774,-18.0392],[-53.1533,-18.041],[-53.1732,-18.0416],[-53.2373,-18.0071],[-53.2985,-17.9951],[-53.3803,-18.0083],[-53.4299,-17.9835],[-53.4568,-17.9992],[-53.4721,-18.0387],[-53.5555,-18.015],[-53.5557,-18.0137],[-53.5567,-18.0052],[-53.589,-18.0122],[-53.6146,-17.9778],[-53.628,-17.98],[-53.6341,-17.9764],[-53.6607,-17.9771],[-53.6917,-18.0132],[-53.7188,-17.9976],[-53.7838,-17.9948],[-53.7927,-17.9742],[-53.8595,-17.9207],[-53.8664,-17.925],[-53.8696,-17.9269],[-53.898,-17.9084],[-53.9484,-17.923],[-53.9477,-17.8556],[-53.8554,-17.7023],[-53.8058,-17.6719],[-53.7056,-17.6619],[-53.6796,-17.2531],[-53.7081,-17.2277],[-53.7586,-17.2427],[-53.7852,-17.2871],[-53.7974,-17.2873],[-53.8061,-17.2875],[-53.8196,-17.2942],[-53.8345,-17.3353],[-53.8326,-17.3449],[-53.8308,-17.3546],[-53.8575,-17.3642],[-53.8679,-17.3679],[-53.8779,-17.3748],[-53.9517,-17.4589],[-54.0371,-17.486],[-54.0576,-17.5127],[-54.0454,-17.5368],[-54.0509,-17.5449],[-54.0516,-17.5458],[-54.0511,-17.5623],[-54.0842,-17.6186],[-54.1337,-17.6183],[-54.1783,-17.6024],[-54.2694,-17.6516],[-54.3351,-17.6613],[-54.3873,-17.6315],[-54.3739,-17.6081],[-54.3841,-17.6009],[-54.3824,-17.5711],[-54.4024,-17.5644],[-54.4032,-17.5641],[-54.4206,-17.5373],[-54.4664,-17.5286],[-54.4808,-17.4872],[-54.5358,-17.4771],[-54.5384,-17.4787],[-54.5537,-17.4882],[-54.5812,-17.4676],[-54.5881,-17.4767],[-54.6092,-17.4864],[-54.6168,-17.49],[-54.6545,-17.4897],[-54.6808,-17.5064],[-54.695,-17.5031],[-54.6959,-17.5018],[-54.6992,-17.4969],[-54.7183,-17.5179],[-54.7484,-17.5224],[-54.7583,-17.5653],[-54.8603,-17.6234],[-54.9429,-17.6086],[-54.9738,-17.6166],[-54.9913,-17.638],[-55.0058,-17.631],[-55.0102,-17.6289],[-55.0633,-17.642],[-55.0666,-17.638],[-55.0721,-17.6312],[-55.1088,-17.63],[-55.1127,-17.6415],[-55.1134,-17.6435],[-55.1267,-17.6523],[-55.1415,-17.6388],[-55.1701,-17.6404],[-55.1834,-17.6194],[-55.221,-17.6167],[-55.2176,-17.6071],[-55.2274,-17.5992],[-55.2314,-17.5951],[-55.242,-17.6017],[-55.2536,-17.5765],[-55.2576,-17.5739],[-55.2604,-17.5756],[-55.2636,-17.5775],[-55.2687,-17.5563],[-55.289,-17.5599],[-55.2921,-17.5421],[-55.3502,-17.5481],[-55.3532,-17.5312],[-55.3766,-17.5146],[-55.3797,-17.5208],[-55.3818,-17.525],[-55.4432,-17.5113],[-55.4721,-17.4809],[-55.5236,-17.4807],[-55.5743,-17.4342],[-55.5748,-17.4191],[-55.5748,-17.4184],[-55.5752,-17.4185],[-55.5849,-17.4221],[-55.5851,-17.3732],[-55.6258,-17.3636],[-55.6322,-17.3562],[-55.6354,-17.3526],[-55.6408,-17.339],[-55.6452,-17.3585],[-55.6503,-17.3524],[-55.6546,-17.3474],[-55.656,-17.3378],[-55.6668,-17.3494],[-55.6676,-17.3502],[-55.6927,-17.3394],[-55.6954,-17.3442],[-55.7008,-17.3537],[-55.706,-17.3427],[-55.7086,-17.3372],[-55.7138,-17.3416],[-55.7217,-17.3483],[-55.7607,-17.3231],[-55.7839,-17.3296],[-55.806,-17.2976],[-55.8204,-17.2973],[-55.8206,-17.2974],[-55.828,-17.3055],[-55.8312,-17.3012],[-55.8289,-17.2949],[-55.8267,-17.2886],[-55.8414,-17.3008],[-55.85,-17.2899],[-55.8502,-17.2878],[-55.8509,-17.2788],[-55.8577,-17.2831],[-55.8743,-17.2682],[-55.886,-17.2843],[-55.9014,-17.273],[-55.8989,-17.2717],[-55.886,-17.2649],[-55.9169,-17.264],[-55.9258,-17.2574],[-55.9388,-17.2766],[-55.9548,-17.2566],[-55.9553,-17.256],[-55.9514,-17.2498],[-55.9803,-17.2463],[-55.9813,-17.2481],[-55.9862,-17.2577],[-55.9899,-17.2555],[-55.9896,-17.2459],[-55.9894,-17.2408],[-56.0103,-17.2386],[-56.0122,-17.2222],[-56.0096,-17.2168],[-56.0081,-17.2138],[-56.0109,-17.2143],[-56.0196,-17.2161],[-56.018,-17.209],[-56.0144,-17.2075],[-56.005,-17.2038],[-56.0155,-17.1898],[-56.0319,-17.1849],[-56.0446,-17.1712],[-56.0505,-17.1865],[-56.0573,-17.1761],[-56.0603,-17.1716],[-56.1126,-17.1668],[-56.1396,-17.1791],[-56.138,-17.1833],[-56.1359,-17.1887],[-56.1393,-17.1908],[-56.1849,-17.1888],[-56.1872,-17.2018],[-56.1886,-17.2099],[-56.2125,-17.2102],[-56.2113,-17.2148],[-56.2082,-17.2268],[-56.2508,-17.2186],[-56.2544,-17.222],[-56.2522,-17.2319],[-56.2518,-17.2337],[-56.2536,-17.2324],[-56.2586,-17.2289],[-56.2619,-17.2308],[-56.2601,-17.2347],[-56.256,-17.2434],[-56.2851,-17.2476],[-56.2823,-17.2532],[-56.2796,-17.2587],[-56.286,-17.27],[-56.2944,-17.2709],[-56.2986,-17.2756],[-56.313,-17.269],[-56.3353,-17.2895],[-56.3554,-17.2669],[-56.4076,-17.3157],[-56.4428,-17.3303],[-56.4503,-17.326],[-56.4511,-17.318],[-56.4518,-17.3097],[-56.4583,-17.3128],[-56.4634,-17.3152],[-56.4654,-17.3078],[-56.467,-17.3018],[-56.4707,-17.3029],[-56.4717,-17.3064],[-56.4726,-17.3096],[-56.4797,-17.3047],[-56.4896,-17.2979],[-56.4977,-17.2983],[-56.5012,-17.2859],[-56.5075,-17.2948],[-56.5149,-17.2924],[-56.5087,-17.3012],[-56.5055,-17.3056],[-56.526,-17.3194],[-56.5706,-17.3149],[-56.5788,-17.3199],[-56.5779,-17.3236],[-56.576,-17.3306],[-56.5844,-17.3288],[-56.5954,-17.3321],[-56.6245,-17.3216],[-56.628,-17.3233],[-56.6288,-17.3278],[-56.6299,-17.3338],[-56.6357,-17.3279],[-56.6469,-17.3165],[-56.6472,-17.339],[-56.6512,-17.328],[-56.6532,-17.3226],[-56.663,-17.3384],[-56.6827,-17.3161],[-56.688,-17.3205],[-56.6954,-17.3265],[-56.6923,-17.3197],[-56.6914,-17.3177],[-56.7333,-17.3094],[-56.7687,-17.3423],[-56.7642,-17.3472],[-56.7604,-17.3512],[-56.7641,-17.3603],[-56.779,-17.3669],[-56.7862,-17.3701],[-56.7889,-17.3764],[-56.7881,-17.379],[-56.7855,-17.3871],[-56.7905,-17.3906],[-56.8039,-17.3862],[-56.8283,-17.3907],[-56.8306,-17.4078],[-56.8415,-17.4178],[-56.8195,-17.4307],[-56.8404,-17.4416],[-56.8283,-17.4502],[-56.825,-17.4526],[-56.8249,-17.4585],[-56.8316,-17.4632],[-56.8337,-17.4633],[-56.8473,-17.4636],[-56.8497,-17.4863],[-56.8545,-17.4852],[-56.8614,-17.4835],[-56.8754,-17.5325],[-56.8952,-17.5389],[-56.9027,-17.5352],[-56.909,-17.5321],[-56.9818,-17.5798],[-56.9754,-17.5955],[-56.9819,-17.6034],[-56.9809,-17.6106],[-56.9589,-17.6106],[-56.9877,-17.6589],[-57.0328,-17.6943],[-57.0359,-17.7037],[-57.0444,-17.7299],[-57.0734,-17.735],[-57.1151,-17.7806],[-57.1302,-17.774],[-57.1462,-17.7671],[-57.1522,-17.7741],[-57.1554,-17.778],[-57.2515,-17.793],[-57.2321,-17.8119],[-57.2832,-17.8125],[-57.283,-17.8183],[-57.2828,-17.8223],[-57.3075,-17.8104],[-57.3529,-17.8374],[-57.377,-17.8257],[-57.3844,-17.8421],[-57.3851,-17.8438],[-57.3908,-17.8451],[-57.3913,-17.8447],[-57.398,-17.8389],[-57.4462,-17.8741],[-57.4458,-17.8835],[-57.4454,-17.8915],[-57.4519,-17.9022],[-57.4614,-17.8981],[-57.4771,-17.8784],[-57.4771,-17.8685],[-57.477,-17.8586],[-57.5088,-17.8635],[-57.5342,-17.8532],[-57.5324,-17.8459],[-57.5305,-17.8387],[-57.5709,-17.815],[-57.5718,-17.8123],[-57.5758,-17.8001],[-57.5895,-17.8017],[-57.6032,-17.8034],[-57.612,-17.779],[-57.6046,-17.7787],[-57.6022,-17.7786],[-57.6004,-17.7749],[-57.6398,-17.7169],[-57.663,-17.7294],[-57.6838,-17.7152],[-57.6683,-17.6715],[-57.6894,-17.6399],[-57.7115,-17.5437],[-57.7275,-17.5293],[-57.7518,-17.5639],[-57.7634,-17.5537],[-57.7722,-17.5459],[-57.883,-17.4492],[-57.9914,-17.5138],[-58.0427,-17.4922],[-58.0586,-17.452],[-58.0891,-17.4605],[-58.097,-17.4575],[-58.1092,-17.4529],[-58.1142,-17.4499],[-58.1224,-17.4144],[-58.1448,-17.4132],[-58.1515,-17.384],[-58.1844,-17.3902],[-58.188,-17.389],[-58.1972,-17.3839],[-58.1992,-17.3817],[-58.2016,-17.3565],[-58.254,-17.3521],[-58.2759,-17.3233],[-58.2768,-17.2998],[-58.2976,-17.2979],[-58.2912,-17.288],[-58.3027,-17.278],[-58.3028,-17.2698],[-58.3045,-17.2672],[-58.3636,-17.2131],[-58.3637,-17.2062],[-58.3637,-17.2055],[-58.3639,-17.1993],[-58.3949,-17.1837],[-58.3969,-17.1363],[-58.3855,-17.1108],[-58.4238,-17.1117],[-58.4352,-17.0783],[-58.4214,-17.0508],[-58.4331,-17.039],[-58.4163,-17.0346],[-58.4341,-17.0268],[-58.4232,-16.9891],[-58.459,-16.9655],[-58.4561,-16.9394],[-58.4732,-16.9334],[-58.4599,-16.8633],[-58.4768,-16.815],[-58.4713,-16.791],[-58.4663,-16.7915],[-58.4627,-16.7919],[-58.458,-16.7855],[-58.4728,-16.7447],[-58.4699,-16.7031],[-58.4625,-16.6517],[-58.4509,-16.6264],[-58.4354,-16.5919],[-58.3432,-16.5173],[-58.3331,-16.4895],[-58.3555,-16.427],[-58.3437,-16.3896],[-58.3064,-16.3697],[-58.3018,-16.307],[-58.309,-16.2987],[-58.3162,-16.2904],[-58.3207,-16.2642],[-58.3651,-16.2729],[-58.3672,-16.2717],[-58.388,-16.2606],[-58.3935,-16.2963],[-58.4297,-16.3207],[-58.7849,-16.3064],[-59.4694,-16.279],[-60.171,-16.2652],[-60.2283,-15.5863],[-60.2379,-15.4734],[-60.5643,-15.1082],[-60.5004,-15.0958],[-60.2437,-15.0963],[-60.2715,-14.6198],[-60.2915,-14.6245],[-60.3211,-14.6056],[-60.3382,-14.5109],[-60.3662,-14.4868],[-60.3628,-14.4699],[-60.3783,-14.4633],[-60.4057,-14.4122],[-60.3948,-14.3638],[-60.4081,-14.3679],[-60.4105,-14.3636],[-60.4097,-14.3619],[-60.4071,-14.3561],[-60.4524,-14.3135],[-60.4643,-14.2646],[-60.4489,-14.2405],[-60.4642,-14.2334],[-60.4711,-14.1923],[-60.4894,-14.1884],[-60.4744,-14.1586],[-60.4783,-14.0957],[-60.4404,-14.0779],[-60.4055,-14.03],[-60.4026,-13.9993],[-60.3814,-13.987],[-60.4181,-13.9741],[-60.4235,-13.9652],[-60.4254,-13.9612],[-60.4103,-13.9498],[-60.4146,-13.9484],[-60.4183,-13.9472],[-60.4195,-13.938],[-60.4499,-13.9372],[-60.4517,-13.8838],[-60.4735,-13.8849],[-60.4554,-13.8547],[-60.4912,-13.856],[-60.4686,-13.8325],[-60.4885,-13.8199],[-60.4676,-13.8208],[-60.4774,-13.8035],[-60.4726,-13.8005],[-60.4651,-13.8003],[-60.4666,-13.7952],[-60.5276,-13.7913],[-60.5223,-13.7684],[-60.5261,-13.7694],[-60.5312,-13.7711],[-60.5474,-13.7698],[-60.5494,-13.7812],[-60.5782,-13.7552],[-60.5766,-13.752],[-60.5741,-13.7469],[-60.606,-13.7458],[-60.6228,-13.7191],[-60.6552,-13.7368],[-60.6893,-13.6989],[-60.6962,-13.7143],[-60.7163,-13.6818],[-60.6965,-13.6661],[-60.6855,-13.6248],[-60.6406,-13.5961],[-60.6317,-13.5713],[-60.5771,-13.5648],[-60.5325,-13.5358],[-60.5311,-13.5256],[-60.5298,-13.5166],[-60.5061,-13.5016],[-60.4315,-13.488],[-60.4307,-13.4848],[-60.4299,-13.4816],[-60.411,-13.4612],[-60.3874,-13.4543],[-60.3713,-13.4085],[-60.3761,-13.3967],[-60.3785,-13.3907],[-60.379,-13.3748],[-60.3608,-13.2993]]],[[[-60.3627,-13.2961],[-60.3608,-13.2993],[-60.3644,-13.2995],[-60.3627,-13.2961]]]]},"alpha2":"BR-MT","centroid":{"lat":-12.6424,"lng":-55.4263},"isState":true},{"type":"Feature","properties":{"name":"Pará","NAME":"Pará","sigla":"PA","code":"PA","POSTAL":"PA","ISO_A2":"BR-PA","alpha2":"BR-PA","region":"Norte","capital":"Belém"},"geometry":{"type":"MultiPolygon","coordinates":[[[[-46.9515,-0.7341],[-46.9796,-0.777],[-46.9792,-0.7823],[-46.9761,-0.7876],[-46.9679,-0.779],[-46.9492,-0.7896],[-46.9464,-0.7982],[-46.9531,-0.8041],[-46.9548,-0.8055],[-46.9322,-0.846],[-46.9554,-0.8608],[-46.9171,-0.8755],[-46.9207,-0.8718],[-46.9199,-0.8637],[-46.9194,-0.8594],[-46.9058,-0.8578],[-46.9115,-0.8179],[-46.8803,-0.8124],[-46.8839,-0.7693],[-46.8724,-0.7577],[-46.8576,-0.769],[-46.8579,-0.7666],[-46.8586,-0.7597],[-46.8593,-0.7535],[-46.8466,-0.7464],[-46.8517,-0.7433],[-46.8616,-0.7449],[-46.8637,-0.7406],[-46.8574,-0.7359],[-46.8452,-0.7354],[-46.8336,-0.7451],[-46.8292,-0.7488],[-46.8294,-0.7565],[-46.8314,-0.7922],[-46.8566,-0.7933],[-46.8332,-0.8032],[-46.8572,-0.8343],[-46.8338,-0.8272],[-46.8502,-0.864],[-46.8163,-0.8284],[-46.8111,-0.8677],[-46.8264,-0.8953],[-46.8174,-0.8998],[-46.8013,-0.8619],[-46.7885,-0.9],[-46.7819,-0.8825],[-46.7939,-0.8447],[-46.786,-0.8366],[-46.7832,-0.8337],[-46.7653,-0.8511],[-46.7659,-0.8172],[-46.7572,-0.8247],[-46.7529,-0.8261],[-46.7469,-0.8282],[-46.733,-0.894],[-46.7459,-0.9201],[-46.7215,-0.8957],[-46.7211,-0.8267],[-46.7138,-0.8245],[-46.7032,-0.8213],[-46.6736,-0.8613],[-46.6641,-0.8494],[-46.6677,-0.8454],[-46.6784,-0.8435],[-46.6873,-0.8177],[-46.6875,-0.8172],[-46.6853,-0.8065],[-46.6618,-0.8119],[-46.6668,-0.8036],[-46.6674,-0.8027],[-46.6718,-0.7971],[-46.6618,-0.7895],[-46.6637,-0.7866],[-46.6514,-0.7828],[-46.6466,-0.7846],[-46.6377,-0.7879],[-46.6431,-0.7979],[-46.646,-0.7951],[-46.6481,-0.7976],[-46.6085,-0.8418],[-46.6101,-0.8493],[-46.6136,-0.8515],[-46.6177,-0.854],[-46.6224,-0.8492],[-46.6258,-0.8458],[-46.629,-0.8472],[-46.6259,-0.8718],[-46.6447,-0.8685],[-46.6315,-0.8876],[-46.6518,-0.8935],[-46.6324,-0.9129],[-46.6343,-0.9283],[-46.6833,-0.9519],[-46.6874,-0.9618],[-46.6797,-0.9704],[-46.6749,-0.9759],[-46.6014,-0.951],[-46.5985,-0.9634],[-46.5968,-0.9707],[-46.5928,-0.9744],[-46.5851,-0.9762],[-46.5805,-0.9737],[-46.5506,-0.9036],[-46.5367,-0.9773],[-46.5356,-0.948],[-46.5178,-0.945],[-46.5312,-0.9303],[-46.507,-0.8963],[-46.5105,-0.8839],[-46.4843,-0.8728],[-46.4663,-0.8946],[-46.4411,-0.8699],[-46.4412,-0.8657],[-46.4441,-0.8645],[-46.4492,-0.8621],[-46.43,-0.8583],[-46.4266,-0.8576],[-46.4179,-0.8711],[-46.4185,-0.8822],[-46.4228,-0.8911],[-46.4307,-0.8978],[-46.4394,-0.9051],[-46.4561,-0.8993],[-46.4834,-0.9307],[-46.4655,-0.9424],[-46.4716,-0.9482],[-46.4768,-0.9454],[-46.4803,-0.9434],[-46.4739,-0.9559],[-46.4996,-0.9729],[-46.4639,-0.9758],[-46.464,-0.9817],[-46.4641,-0.9994],[-46.4861,-1.0001],[-46.4715,-1.0227],[-46.4726,-1.0257],[-46.4752,-1.033],[-46.4825,-1.0374],[-46.4683,-1.0529],[-46.4691,-1.047],[-46.4703,-1.0388],[-46.465,-1.0292],[-46.4536,-1.0318],[-46.4514,-1.0279],[-46.4547,-1.0265],[-46.4603,-1.024],[-46.4607,-1.0172],[-46.4125,-1.0195],[-46.4283,-1.0651],[-46.4254,-1.0648],[-46.4259,-1.0541],[-46.4204,-1.0519],[-46.4084,-1.0614],[-46.4188,-0.9961],[-46.39,-0.9868],[-46.3913,-1.0036],[-46.3923,-1.017],[-46.3749,-1.052],[-46.3772,-1.0188],[-46.3442,-0.9963],[-46.3334,-1.0368],[-46.3485,-1.0723],[-46.3194,-1.0715],[-46.3051,-1.0839],[-46.3328,-1.0614],[-46.3169,-1.014],[-46.3047,-1.0185],[-46.3045,-1.0188],[-46.2982,-1.0268],[-46.2969,-1.0467],[-46.3006,-1.0548],[-46.2967,-1.0541],[-46.2931,-1.0478],[-46.2835,-1.0475],[-46.3068,-1.009],[-46.2967,-0.9934],[-46.2673,-0.9956],[-46.2663,-0.983],[-46.2866,-0.9823],[-46.2677,-0.9427],[-46.2608,-0.9364],[-46.2577,-0.9411],[-46.2536,-0.9472],[-46.2576,-0.933],[-46.243,-0.9282],[-46.2693,-0.9287],[-46.2645,-0.9174],[-46.2244,-0.9074],[-46.2134,-0.8963],[-46.2139,-0.8897],[-46.2042,-0.886],[-46.1897,-0.8941],[-46.1868,-0.9329],[-46.2096,-0.9301],[-46.2103,-0.9372],[-46.2106,-0.9412],[-46.22,-0.9516],[-46.2023,-0.9502],[-46.2034,-0.9683],[-46.2256,-0.9712],[-46.2219,-0.9783],[-46.2245,-0.987],[-46.2519,-0.9973],[-46.2146,-0.9793],[-46.2223,-1.0208],[-46.2104,-1.0195],[-46.2079,-1.0315],[-46.2062,-1.0393],[-46.2092,-1.0584],[-46.2614,-1.1228],[-46.2724,-1.1716],[-46.2295,-1.0948],[-46.1936,-1.0661],[-46.1712,-0.9925],[-46.1612,-0.9957],[-46.1553,-1.0032],[-46.1557,-1.0494],[-46.2049,-1.1312],[-46.201,-1.1348],[-46.1986,-1.1302],[-46.1837,-1.1277],[-46.1716,-1.146],[-46.1723,-1.1551],[-46.1816,-1.1195],[-46.1741,-1.1129],[-46.1692,-1.0963],[-46.1653,-1.0831],[-46.1579,-1.08],[-46.1535,-1.0894],[-46.1473,-1.125],[-46.1541,-1.1352],[-46.1484,-1.1348],[-46.1473,-1.125],[-46.145,-1.1202],[-46.1394,-1.1214],[-46.1472,-1.0674],[-46.0725,-1.0185],[-46.1003,-1.0706],[-46.0723,-1.1074],[-46.0978,-1.1957],[-46.1507,-1.2244],[-46.1455,-1.2368],[-46.1403,-1.2492],[-46.1625,-1.278],[-46.1489,-1.3077],[-46.1398,-1.3088],[-46.1308,-1.3099],[-46.1316,-1.3197],[-46.1324,-1.3299],[-46.1289,-1.3337],[-46.1213,-1.3332],[-46.1057,-1.3321],[-46.1038,-1.3366],[-46.1311,-1.4001],[-46.1556,-1.4212],[-46.1461,-1.4289],[-46.1375,-1.4358],[-46.1391,-1.4441],[-46.1576,-1.4595],[-46.1762,-1.475],[-46.1421,-1.5209],[-46.1316,-1.5785],[-46.1397,-1.5827],[-46.1492,-1.5876],[-46.1443,-1.6092],[-46.1596,-1.6242],[-46.1532,-1.6756],[-46.2178,-1.7267],[-46.2247,-1.7257],[-46.2351,-1.7205],[-46.2423,-1.7169],[-46.2518,-1.7227],[-46.2613,-1.7284],[-46.2765,-1.7257],[-46.2907,-1.7231],[-46.3047,-1.7274],[-46.3236,-1.7652],[-46.3066,-1.8039],[-46.299,-1.7976],[-46.2938,-1.7933],[-46.2289,-1.8003],[-46.2149,-1.8181],[-46.2122,-1.8258],[-46.2096,-1.8335],[-46.2255,-1.8566],[-46.2422,-1.881],[-46.2336,-1.8811],[-46.2255,-1.8813],[-46.2182,-1.9129],[-46.2481,-2.019],[-46.273,-2.0584],[-46.2685,-2.1115],[-46.2966,-2.1429],[-46.2961,-2.1486],[-46.2896,-2.1502],[-46.2802,-2.1526],[-46.3308,-2.1891],[-46.3376,-2.2021],[-46.3419,-2.2104],[-46.3419,-2.2185],[-46.3761,-2.247],[-46.3819,-2.2497],[-46.3876,-2.2524],[-46.3918,-2.2498],[-46.4013,-2.244],[-46.4105,-2.2307],[-46.4319,-2.2395],[-46.4296,-2.2462],[-46.4191,-2.2576],[-46.4169,-2.26],[-46.4214,-2.2892],[-46.4337,-2.331],[-46.4363,-2.3337],[-46.4631,-2.3601],[-46.4644,-2.371],[-46.463,-2.3756],[-46.4539,-2.3833],[-46.447,-2.3807],[-46.4356,-2.3685],[-46.4266,-2.359],[-46.4108,-2.3618],[-46.4084,-2.3698],[-46.4396,-2.4125],[-46.428,-2.4935],[-46.4296,-2.4971],[-46.4353,-2.51],[-46.416,-2.5291],[-46.4658,-2.5433],[-46.4917,-2.5354],[-46.4951,-2.5391],[-46.5014,-2.5557],[-46.4932,-2.5602],[-46.4894,-2.5623],[-46.487,-2.5698],[-46.5088,-2.5891],[-46.5067,-2.6018],[-46.5046,-2.6146],[-46.5744,-2.6284],[-46.5933,-2.665],[-46.5984,-2.6541],[-46.6056,-2.6388],[-46.6107,-2.6435],[-46.6215,-2.6442],[-46.6202,-2.6658],[-46.6356,-2.6861],[-46.6421,-2.6824],[-46.6486,-2.6788],[-46.6503,-2.6818],[-46.6476,-2.6867],[-46.6465,-2.6887],[-46.6525,-2.6905],[-46.6635,-2.6938],[-46.6698,-2.7304],[-46.6677,-2.7337],[-46.6609,-2.7316],[-46.6524,-2.7291],[-46.6504,-2.7566],[-46.6355,-2.7542],[-46.6362,-2.7933],[-46.627,-2.8041],[-46.6019,-2.7888],[-46.5986,-2.7953],[-46.5994,-2.8041],[-46.6002,-2.8127],[-46.5754,-2.841],[-46.6135,-2.8286],[-46.61,-2.8546],[-46.64,-2.8526],[-46.6404,-2.8809],[-46.6792,-2.8814],[-46.6534,-2.9307],[-46.6652,-2.9351],[-46.6669,-2.9357],[-46.6712,-2.9468],[-46.6475,-2.9714],[-46.6604,-2.9727],[-46.6614,-2.9728],[-46.6517,-2.9962],[-46.6606,-2.9944],[-46.6688,-2.9928],[-46.6722,-2.9969],[-46.6724,-3.0034],[-46.6659,-3.0082],[-46.664,-3.0096],[-46.6785,-3.0352],[-46.6794,-3.0932],[-46.6904,-3.0918],[-46.6907,-3.0917],[-46.7064,-3.0978],[-46.706,-3.1039],[-46.7048,-3.1198],[-46.7101,-3.128],[-46.7193,-3.1085],[-46.724,-3.1106],[-46.7291,-3.121],[-46.7304,-3.1235],[-46.7474,-3.1205],[-46.745,-3.1332],[-46.7366,-3.1286],[-46.732,-3.126],[-46.7316,-3.1382],[-46.7234,-3.1508],[-46.7264,-3.1585],[-46.7373,-3.1598],[-46.7462,-3.1608],[-46.752,-3.1869],[-46.7578,-3.1815],[-46.7652,-3.1746],[-46.7733,-3.1754],[-46.7599,-3.1855],[-46.7592,-3.186],[-46.7568,-3.1938],[-46.7644,-3.1976],[-46.7705,-3.2005],[-46.7664,-3.2028],[-46.7567,-3.2083],[-46.7557,-3.2157],[-46.7789,-3.2147],[-46.7818,-3.2405],[-46.807,-3.2415],[-46.8047,-3.2565],[-46.8036,-3.2634],[-46.8236,-3.2689],[-46.815,-3.2748],[-46.8091,-3.2789],[-46.8185,-3.2857],[-46.8274,-3.2922],[-46.8216,-3.2956],[-46.8112,-3.3016],[-46.813,-3.3092],[-46.8493,-3.3181],[-46.8575,-3.3413],[-46.8638,-3.3317],[-46.8672,-3.3265],[-46.8725,-3.3274],[-46.8671,-3.3328],[-46.8671,-3.3332],[-46.868,-3.3383],[-46.8874,-3.3351],[-46.907,-3.3668],[-46.9421,-3.3749],[-46.9414,-3.4156],[-46.9555,-3.4233],[-46.9405,-3.4476],[-46.9562,-3.4614],[-46.9552,-3.4647],[-46.9488,-3.4659],[-46.9485,-3.4769],[-46.9634,-3.4744],[-46.9689,-3.4735],[-46.9659,-3.4811],[-46.9604,-3.4948],[-46.9831,-3.4968],[-46.9755,-3.5071],[-46.97,-3.5145],[-46.9766,-3.5257],[-47.0054,-3.5346],[-47.019,-3.5626],[-47.0374,-3.5625],[-47.0297,-3.6001],[-47.0482,-3.6193],[-47.0397,-3.6411],[-47.0469,-3.6456],[-47.0558,-3.6462],[-47.0361,-3.6711],[-47.0517,-3.681],[-47.0451,-3.7076],[-47.0497,-3.7185],[-47.0522,-3.7207],[-47.0611,-3.7289],[-47.0619,-3.787],[-47.0878,-3.8252],[-47.0854,-3.8317],[-47.0829,-3.8382],[-47.0877,-3.8551],[-47.1069,-3.8761],[-47.1347,-3.8814],[-47.1348,-3.892],[-47.1348,-3.8993],[-47.1386,-3.9021],[-47.1418,-3.8998],[-47.1463,-3.8965],[-47.1558,-3.914],[-47.1697,-3.9214],[-47.1932,-3.9776],[-47.1965,-3.9737],[-47.1989,-3.9707],[-47.2194,-3.9956],[-47.2259,-3.9977],[-47.2269,-3.9973],[-47.2359,-3.994],[-47.2939,-4.0525],[-47.3029,-4.0521],[-47.3072,-4.0577],[-47.3185,-4.0466],[-47.3503,-4.1163],[-47.3418,-4.177],[-47.365,-4.1793],[-47.3792,-4.2201],[-47.3761,-4.2307],[-47.3721,-4.2445],[-47.473,-4.3141],[-47.4757,-4.3546],[-47.5238,-4.435],[-47.5307,-4.4435],[-47.5629,-4.4751],[-47.581,-4.5196],[-47.6795,-4.6082],[-47.7895,-4.5851],[-48.3958,-5.07],[-48.4186,-5.0853],[-48.4226,-5.0803],[-48.4269,-5.0749],[-48.4342,-5.0763],[-48.4372,-5.0832],[-48.4364,-5.0858],[-48.4337,-5.0959],[-48.4521,-5.1112],[-48.6438,-5.2617],[-48.7547,-5.3488],[-48.7543,-5.3565],[-48.7492,-5.3635],[-48.7451,-5.3694],[-48.65,-5.3845],[-48.6466,-5.3869],[-48.6432,-5.3893],[-48.6287,-5.4097],[-48.6032,-5.4195],[-48.5971,-5.4204],[-48.5909,-5.4214],[-48.5571,-5.4163],[-48.5103,-5.4293],[-48.3843,-5.3938],[-48.3459,-5.4375],[-48.3276,-5.4963],[-48.3258,-5.4942],[-48.3251,-5.4934],[-48.3003,-5.5226],[-48.2783,-5.54],[-48.2697,-5.5439],[-48.2611,-5.5477],[-48.2122,-5.5539],[-48.1377,-5.6023],[-48.1318,-5.6178],[-48.1351,-5.6373],[-48.1739,-5.7088],[-48.1935,-5.7193],[-48.2196,-5.7278],[-48.2721,-5.7251],[-48.2808,-5.7312],[-48.2887,-5.7416],[-48.2941,-5.7563],[-48.2885,-5.8426],[-48.2732,-5.8664],[-48.2452,-5.8959],[-48.2323,-5.9167],[-48.2299,-5.9256],[-48.2312,-5.9458],[-48.3066,-5.9745],[-48.321,-5.9851],[-48.3276,-5.9945],[-48.3343,-6.0039],[-48.3382,-6.0205],[-48.3369,-6.0312],[-48.3323,-6.0379],[-48.3015,-6.0469],[-48.2853,-6.07],[-48.284,-6.0756],[-48.2827,-6.0812],[-48.2917,-6.1037],[-48.334,-6.1366],[-48.365,-6.147],[-48.3909,-6.1463],[-48.4078,-6.153],[-48.4088,-6.1538],[-48.4194,-6.1629],[-48.4315,-6.1769],[-48.4167,-6.2982],[-48.3749,-6.3464],[-48.3822,-6.3792],[-48.4473,-6.3508],[-48.4998,-6.3506],[-48.5469,-6.405],[-48.6127,-6.4534],[-48.6629,-6.5574],[-48.6639,-6.5702],[-48.6518,-6.6117],[-48.6515,-6.6396],[-48.6549,-6.6503],[-48.6603,-6.6571],[-48.6644,-6.6624],[-48.6862,-6.6794],[-48.7364,-6.6924],[-48.7607,-6.721],[-48.7689,-6.7283],[-48.7772,-6.7357],[-48.8137,-6.7514],[-48.9134,-6.757],[-48.9262,-6.7616],[-48.9391,-6.7663],[-48.968,-6.7795],[-49.0184,-6.7838],[-49.1148,-6.8696],[-49.1715,-6.8926],[-49.209,-6.925],[-49.2116,-6.9315],[-49.2141,-6.9379],[-49.217,-6.9611],[-49.1929,-7.0403],[-49.1848,-7.2348],[-49.2063,-7.2703],[-49.2155,-7.2973],[-49.231,-7.3254],[-49.3775,-7.4961],[-49.3836,-7.5431],[-49.3228,-7.6814],[-49.1501,-7.8018],[-49.1497,-7.8098],[-49.1618,-7.8284],[-49.1645,-7.8325],[-49.1639,-7.9265],[-49.1692,-7.9544],[-49.1754,-7.9655],[-49.1816,-7.9766],[-49.1757,-8.0542],[-49.1989,-8.0872],[-49.2154,-8.1938],[-49.2533,-8.2706],[-49.2626,-8.3104],[-49.2696,-8.3429],[-49.2829,-8.3792],[-49.349,-8.418],[-49.3766,-8.4549],[-49.4094,-8.5796],[-49.451,-8.6121],[-49.4893,-8.6916],[-49.592,-8.8391],[-49.6122,-8.8458],[-49.641,-8.8463],[-49.6839,-8.8561],[-49.7287,-8.8989],[-49.7367,-8.9024],[-49.7446,-8.9058],[-49.7932,-8.979],[-49.8421,-9.0269],[-49.8708,-9.1036],[-49.8964,-9.1433],[-49.8967,-9.1435],[-49.9096,-9.1531],[-49.907,-9.1595],[-49.9048,-9.1649],[-49.9072,-9.1734],[-49.943,-9.2005],[-49.9577,-9.2203],[-49.9657,-9.2305],[-49.9936,-9.2337],[-50.0045,-9.2684],[-50.0373,-9.289],[-50.0438,-9.3008],[-50.0503,-9.3127],[-50.0553,-9.3419],[-50.0524,-9.3723],[-50.0651,-9.4004],[-50.0897,-9.4312],[-50.1049,-9.475],[-50.1075,-9.5082],[-50.0891,-9.5453],[-50.1069,-9.5939],[-50.1385,-9.6271],[-50.1505,-9.6952],[-50.1974,-9.7584],[-50.2243,-9.8408],[-53.1329,-9.6445],[-56.6714,-9.367],[-56.7108,-9.3739],[-56.7538,-9.406],[-56.7606,-9.4046],[-56.7718,-9.3906],[-56.7787,-9.3168],[-56.8196,-9.246],[-56.9517,-9.2227],[-56.995,-9.2335],[-57.0573,-9.1838],[-57.0599,-9.1367],[-57.0477,-9.1226],[-57.041,-9.1147],[-57.0387,-9.0979],[-57.0458,-9.0886],[-57.0557,-9.0825],[-57.0627,-9.0782],[-57.0616,-9.0736],[-57.0591,-9.0639],[-57.0737,-9.0548],[-57.0781,-9.052],[-57.0905,-9.0332],[-57.0923,-9.025],[-57.0941,-9.0167],[-57.1378,-8.9942],[-57.1923,-8.9297],[-57.202,-8.923],[-57.2117,-8.9163],[-57.2481,-8.906],[-57.2857,-8.9151],[-57.2991,-8.9136],[-57.3145,-8.8866],[-57.3491,-8.8804],[-57.3802,-8.8807],[-57.4029,-8.8621],[-57.4072,-8.8607],[-57.4162,-8.8576],[-57.42,-8.8492],[-57.4128,-8.8258],[-57.4156,-8.7955],[-57.4213,-8.7892],[-57.4271,-8.7829],[-57.463,-8.7844],[-57.4843,-8.769],[-57.5299,-8.7478],[-57.5618,-8.7609],[-57.5924,-8.7561],[-57.6048,-8.6625],[-57.6127,-8.6546],[-57.62,-8.6474],[-57.6242,-8.6385],[-57.6234,-8.6223],[-57.6217,-8.5908],[-57.6481,-8.576],[-57.65,-8.553],[-57.6441,-8.5466],[-57.6383,-8.5402],[-57.6332,-8.5235],[-57.6585,-8.5],[-57.6509,-8.4707],[-57.6755,-8.4398],[-57.6811,-8.4327],[-57.6863,-8.4137],[-57.6683,-8.3709],[-57.6788,-8.3178],[-57.6428,-8.2133],[-57.6667,-8.1761],[-57.7146,-8.1576],[-57.7193,-8.1462],[-57.7279,-8.0938],[-57.776,-8.0518],[-57.8035,-8.003],[-57.8283,-7.9725],[-57.8345,-7.8824],[-57.8375,-7.8717],[-57.8405,-7.8611],[-57.8733,-7.8008],[-57.8976,-7.6756],[-57.939,-7.6528],[-57.9442,-7.6051],[-57.9721,-7.5342],[-58.0016,-7.4878],[-58.0346,-7.4538],[-58.0585,-7.4],[-58.0624,-7.3955],[-58.0662,-7.3909],[-58.1195,-7.3524],[-58.1364,-7.3561],[-58.1391,-7.3525],[-58.1464,-7.3429],[-58.1695,-7.3128],[-58.1743,-7.2711],[-58.1676,-7.231],[-58.209,-7.1339],[-58.2454,-7.0885],[-58.2877,-7.0613],[-58.3263,-6.9997],[-58.3323,-6.9916],[-58.3383,-6.9835],[-58.3551,-6.9713],[-58.3681,-6.9707],[-58.3797,-6.9701],[-58.434,-6.9084],[-58.4812,-6.7811],[-58.4779,-6.6992],[-58.4268,-6.6158],[-58.3703,-6.5744],[-58.3494,-6.562],[-58.3251,-6.4989],[-58.3223,-6.4968],[-58.3195,-6.4946],[-58.2926,-6.4935],[-58.272,-6.4809],[-58.267,-6.4747],[-58.262,-6.4686],[-56.4017,-2.4563],[-56.4651,-2.4228],[-56.4274,-2.3719],[-56.4251,-2.3688],[-56.3838,-2.2701],[-56.2198,-2.1955],[-56.1914,-2.171],[-56.1689,-2.1452],[-56.0981,-2.0267],[-56.1862,-2.0425],[-56.2071,-2.0596],[-56.2279,-2.0559],[-56.2557,-2.088],[-56.2679,-2.0904],[-56.2802,-2.0927],[-56.297,-2.1005],[-56.3163,-2.1398],[-56.3209,-2.1426],[-56.3255,-2.1454],[-56.3506,-2.1485],[-56.3691,-2.1372],[-56.4134,-2.1756],[-56.4437,-2.1536],[-56.4774,-2.17],[-56.5266,-2.1389],[-56.5691,-2.1744],[-56.5973,-2.1746],[-56.6124,-2.2098],[-56.6786,-2.2122],[-56.7021,-2.2014],[-56.7053,-2.1902],[-56.7073,-2.1836],[-56.768,-2.1654],[-56.7689,-2.1403],[-56.7527,-2.1113],[-56.7323,-2.0914],[-56.7229,-2.067],[-56.734,-2.0217],[-56.7474,-2.0112],[-56.7569,-2.0098],[-56.7665,-2.0084],[-56.7927,-2.0207],[-56.8333,-2.0212],[-56.8438,-2.0203],[-56.8585,-2.0156],[-56.8758,-1.992],[-56.8969,-1.9759],[-56.9523,-1.9599],[-56.9878,-1.9068],[-57.0367,-1.9112],[-57.0731,-1.8313],[-57.0697,-1.8272],[-57.06,-1.8154],[-57.0634,-1.8082],[-57.0973,-1.7748],[-57.1059,-1.7827],[-57.1153,-1.7914],[-57.1289,-1.7638],[-57.1487,-1.762],[-57.1627,-1.7682],[-57.1644,-1.7205],[-57.1939,-1.7274],[-57.2007,-1.7236],[-57.2011,-1.7214],[-57.2032,-1.7106],[-57.2302,-1.7256],[-57.2534,-1.696],[-57.264,-1.7165],[-57.2971,-1.7111],[-57.301,-1.7205],[-57.305,-1.7299],[-57.3207,-1.7199],[-57.3275,-1.7156],[-57.3466,-1.7137],[-57.3452,-1.7177],[-57.3435,-1.7228],[-57.3516,-1.7328],[-57.3726,-1.7138],[-57.3922,-1.7227],[-57.4005,-1.7123],[-57.3904,-1.7064],[-57.3891,-1.7012],[-57.3875,-1.695],[-57.4029,-1.6752],[-57.4114,-1.6729],[-57.416,-1.6783],[-57.4271,-1.6915],[-57.4394,-1.6882],[-57.4364,-1.6797],[-57.4349,-1.6755],[-57.4382,-1.6662],[-57.4558,-1.6717],[-57.4747,-1.6777],[-57.4818,-1.6641],[-57.4812,-1.6612],[-57.4801,-1.6551],[-57.5067,-1.6409],[-57.5154,-1.6456],[-57.5283,-1.6524],[-57.5266,-1.6403],[-57.5247,-1.6264],[-57.5387,-1.6235],[-57.5452,-1.6102],[-57.553,-1.6049],[-57.5929,-1.5994],[-57.5952,-1.5891],[-57.5937,-1.5866],[-57.5896,-1.5798],[-57.6021,-1.57],[-57.6096,-1.5746],[-57.6109,-1.5826],[-57.6565,-1.5805],[-57.6687,-1.5881],[-57.6782,-1.594],[-57.6936,-1.576],[-57.7063,-1.5756],[-57.7126,-1.5038],[-57.7832,-1.5077],[-57.7806,-1.4996],[-57.7811,-1.4972],[-57.7834,-1.4878],[-57.7895,-1.4899],[-57.7908,-1.4903],[-57.7968,-1.4854],[-57.8235,-1.4394],[-57.8794,-1.4229],[-57.8937,-1.4332],[-57.9035,-1.4257],[-57.9116,-1.4283],[-57.9202,-1.4025],[-57.9598,-1.4012],[-57.9562,-1.3875],[-57.955,-1.3827],[-57.9628,-1.3798],[-57.9766,-1.3747],[-57.976,-1.3659],[-57.9754,-1.3652],[-57.9704,-1.3588],[-58.0004,-1.3298],[-57.9638,-1.2229],[-57.965,-1.2058],[-57.9717,-1.1992],[-57.9785,-1.1927],[-57.9727,-1.1789],[-57.9704,-1.1732],[-57.9715,-1.1622],[-57.9787,-1.1541],[-58.0066,-1.1454],[-58.0153,-1.1288],[-58.0093,-1.1188],[-58.017,-1.1058],[-58.032,-1.101],[-58.0417,-1.103],[-58.0813,-1.1262],[-58.0837,-1.1367],[-58.082,-1.1447],[-58.0814,-1.1472],[-58.0938,-1.1602],[-58.1049,-1.1617],[-58.1232,-1.1643],[-58.1211,-1.1745],[-58.1188,-1.186],[-58.1621,-1.2293],[-58.2148,-1.1653],[-58.2428,-1.1563],[-58.2543,-1.1323],[-58.3228,-1.143],[-58.3439,-1.1082],[-58.348,-1.1102],[-58.3517,-1.1119],[-58.3608,-1.1048],[-58.368,-1.0657],[-58.3882,-1.0501],[-58.3922,-1.0395],[-58.4112,-1.0439],[-58.4296,-1.0268],[-58.4102,-0.981],[-58.4503,-0.9258],[-58.448,-0.9066],[-58.4526,-0.8979],[-58.4426,-0.8946],[-58.4334,-0.8916],[-58.4355,-0.8831],[-58.4585,-0.8637],[-58.4665,-0.8639],[-58.4673,-0.8696],[-58.4677,-0.8728],[-58.4757,-0.8673],[-58.4795,-0.8592],[-58.487,-0.8594],[-58.4933,-0.8458],[-58.4932,-0.8449],[-58.4915,-0.8315],[-58.5117,-0.8394],[-58.5188,-0.8355],[-58.5201,-0.8276],[-58.5601,-0.8043],[-58.6344,-0.7186],[-58.6635,-0.7128],[-58.7047,-0.6786],[-58.7335,-0.6113],[-58.7287,-0.5618],[-58.7096,-0.5382],[-58.7349,-0.4712],[-58.7247,-0.4419],[-58.7816,-0.3894],[-58.8715,-0.3427],[-58.8649,-0.2652],[-58.8805,-0.1963],[-58.8626,-0.1606],[-58.8634,-0.0777],[-58.8861,-0.0589],[-58.8978,-0.0176],[-58.8949,1.2282],[-58.874,1.2235],[-58.854,1.1846],[-58.8263,1.1876],[-58.8206,1.1715],[-58.7909,1.1909],[-58.7693,1.187],[-58.7507,1.2089],[-58.739,1.2005],[-58.715,1.2378],[-58.7202,1.2559],[-58.7049,1.2941],[-58.6805,1.2959],[-58.6641,1.2791],[-58.6282,1.2899],[-58.5849,1.2626],[-58.5647,1.2957],[-58.539,1.2869],[-58.5376,1.2681],[-58.5224,1.2584],[-58.5124,1.278],[-58.4957,1.2684],[-58.4945,1.2954],[-58.4869,1.2991],[-58.4832,1.3009],[-58.4756,1.3089],[-58.4738,1.3488],[-58.4574,1.3719],[-58.5046,1.4036],[-58.4976,1.4306],[-58.5082,1.4633],[-58.448,1.4565],[-58.4214,1.4714],[-58.3851,1.4704],[-58.3827,1.4726],[-58.3713,1.482],[-58.3921,1.502],[-58.3831,1.5113],[-58.389,1.5358],[-58.3635,1.5384],[-58.3598,1.5606],[-58.3219,1.5975],[-58.3165,1.5706],[-58.2618,1.5712],[-58.2357,1.5474],[-58.1925,1.5727],[-58.1604,1.5606],[-58.1491,1.5104],[-58.1444,1.5079],[-58.1353,1.503],[-58.1289,1.4994],[-58.0971,1.5144],[-58.0694,1.508],[-58.0604,1.5258],[-58.0037,1.5035],[-57.9893,1.5678],[-57.978,1.5733],[-57.9807,1.634],[-58.0021,1.6461],[-58.0018,1.6499],[-57.9897,1.652],[-57.9895,1.6597],[-57.9129,1.6481],[-57.8945,1.6748],[-57.8766,1.6806],[-57.8518,1.6685],[-57.8448,1.6885],[-57.7975,1.6884],[-57.7915,1.7281],[-57.7845,1.725],[-57.7822,1.7228],[-57.7798,1.7197],[-57.7767,1.725],[-57.7742,1.7297],[-57.7179,1.7159],[-57.7051,1.7315],[-57.6499,1.6828],[-57.6215,1.7002],[-57.605,1.694],[-57.5812,1.7065],[-57.5721,1.6892],[-57.5371,1.701],[-57.5407,1.7208],[-57.5137,1.7235],[-57.4968,1.7673],[-57.5013,1.7866],[-57.4525,1.8065],[-57.4373,1.8273],[-57.4329,1.9065],[-57.3691,1.924],[-57.3562,1.9447],[-57.3686,1.9568],[-57.3451,1.9807],[-57.3127,1.9777],[-57.3043,1.9996],[-57.2683,1.9841],[-57.2547,1.951],[-57.2305,1.9384],[-57.1994,1.9791],[-57.1469,1.9896],[-57.1194,2.0107],[-57.1161,2.0282],[-57.0956,2.0196],[-57.0932,2.0231],[-57.0896,2.0262],[-57.0861,2.0281],[-57.064,1.9573],[-57.0303,1.9459],[-57.0137,1.9154],[-56.9759,1.9036],[-56.961,1.9225],[-56.9192,1.9308],[-56.8867,1.896],[-56.8315,1.8891],[-56.7908,1.8529],[-56.7204,1.9263],[-56.6549,1.9166],[-56.6209,1.9464],[-56.5976,1.9373],[-56.5758,1.9079],[-56.4951,1.9385],[-56.4825,1.9548],[-56.4507,1.9567],[-56.3964,1.9238],[-56.3573,1.9418],[-56.3344,1.9376],[-56.2481,1.8789],[-56.2339,1.8991],[-56.1729,1.899],[-56.117,1.8515],[-56.0358,1.8501],[-55.9983,1.8319],[-55.956,1.8451],[-55.9033,1.8886],[-55.9025,1.8979],[-55.902,1.904],[-55.9016,1.9084],[-55.929,1.9398],[-55.9219,1.9509],[-55.9353,1.9861],[-55.9344,1.997],[-55.9131,1.9911],[-55.9025,2.0416],[-55.9322,2.0584],[-55.9287,2.0792],[-55.966,2.089],[-56.0025,2.1681],[-56.0345,2.1693],[-56.0545,2.1852],[-56.0364,2.2139],[-56.0423,2.2283],[-56.0874,2.2504],[-56.1084,2.2453],[-56.1383,2.2663],[-56.1128,2.3116],[-56.0932,2.3218],[-56.0894,2.3729],[-56.0708,2.3684],[-56.0483,2.3354],[-56.0213,2.343],[-56.0394,2.3668],[-55.9866,2.422],[-55.9861,2.4242],[-55.985,2.4288],[-55.9852,2.4344],[-56.0108,2.4534],[-55.9792,2.4856],[-55.9912,2.5094],[-55.9776,2.5278],[-55.9236,2.5311],[-55.9215,2.5241],[-55.9213,2.5234],[-55.9234,2.5192],[-55.901,2.5178],[-55.8378,2.4632],[-55.7688,2.4568],[-55.7472,2.4125],[-55.7173,2.4025],[-55.6978,2.422],[-55.6311,2.4172],[-55.5742,2.4382],[-55.5723,2.4319],[-55.5712,2.4284],[-55.5701,2.424],[-55.4992,2.4437],[-55.4817,2.4391],[-55.4289,2.4393],[-55.3848,2.4189],[-55.3451,2.4485],[-55.3557,2.476],[-55.3197,2.5158],[-55.2768,2.5128],[-55.2342,2.5038],[-55.207,2.5233],[-55.1723,2.5598],[-55.1464,2.5642],[-55.1346,2.5661],[-55.1229,2.5681],[-55.1025,2.5261],[-55.0557,2.5536],[-55.0032,2.5914],[-54.9537,2.5841],[-54.9349,2.519],[-54.8717,2.4341],[-54.8755,2.4274],[-54.8758,2.427],[-54.8742,2.4156],[-54.8071,2.342],[-54.8058,2.3358],[-54.8046,2.3295],[-54.7938,2.313],[-54.8109,2.2667],[-54.7626,2.2026],[-54.7624,2.1927],[-54.769,2.1879],[-54.7674,2.1812],[-54.8058,2.1392],[-54.8123,2.0631],[-54.8033,2.0261],[-54.7533,1.9675],[-54.7711,1.9408],[-54.7527,1.8513],[-54.7335,1.8323],[-54.7539,1.7981],[-54.7522,1.791],[-54.746,1.7868],[-54.7443,1.7761],[-54.6707,1.766],[-54.5704,1.7848],[-54.5081,1.7486],[-54.4242,1.7608],[-54.387,1.7455],[-54.3821,1.7547],[-54.3772,1.764],[-54.3442,1.7409],[-54.3088,1.7414],[-54.3093,1.7297],[-54.2812,1.7242],[-54.2825,1.7166],[-54.2844,1.715],[-54.2919,1.7091],[-54.2663,1.7084],[-54.2632,1.6805],[-54.2297,1.6763],[-54.1906,1.6252],[-54.1817,1.6584],[-54.1432,1.6409],[-54.1226,1.6077],[-54.1279,1.5916],[-54.1223,1.5912],[-54.1181,1.5818],[-54.1157,1.5839],[-54.1106,1.5883],[-54.1015,1.5909],[-54.117,1.5585],[-54.0841,1.5266],[-54.086,1.4886],[-54.0775,1.486],[-54.079,1.4952],[-54.0687,1.5013],[-54.0241,1.5002],[-54.0218,1.505],[-54.0207,1.5071],[-54.0271,1.5171],[-54.0198,1.5161],[-54.0086,1.52],[-53.997,1.4761],[-53.9857,1.4794],[-53.9756,1.4726],[-53.9707,1.4792],[-53.9666,1.4847],[-53.9554,1.4802],[-53.9536,1.4683],[-53.943,1.4716],[-53.9353,1.4674],[-53.9283,1.4695],[-53.9354,1.4365],[-53.922,1.4426],[-53.9206,1.4468],[-53.917,1.4572],[-53.8955,1.4554],[-53.8928,1.4437],[-53.8802,1.4405],[-53.8763,1.4358],[-53.8839,1.4165],[-53.8873,1.4081],[-53.8823,1.4011],[-53.8438,1.4066],[-53.8499,1.3922],[-53.8303,1.3942],[-53.8231,1.3899],[-53.8079,1.3919],[-53.8223,1.4141],[-53.8152,1.4222],[-53.8035,1.4238],[-53.7741,1.3972],[-53.7676,1.3962],[-53.766,1.3997],[-53.762,1.4087],[-53.7561,1.3976],[-53.7546,1.3949],[-53.7318,1.3866],[-53.7312,1.3928],[-53.7309,1.3961],[-53.7149,1.4057],[-53.7155,1.4182],[-53.7236,1.4285],[-53.7167,1.4321],[-53.6963,1.4232],[-53.6953,1.4185],[-53.713,1.3967],[-53.7116,1.3883],[-53.711,1.3843],[-53.6665,1.3734],[-53.6621,1.388],[-53.6573,1.4043],[-53.6498,1.4086],[-53.643,1.3642],[-53.6486,1.3574],[-53.6527,1.3552],[-53.6626,1.3498],[-53.6505,1.3365],[-53.6414,1.3353],[-53.6328,1.3477],[-53.5947,1.3585],[-53.5702,1.3376],[-53.565,1.3401],[-53.5641,1.3454],[-53.5634,1.35],[-53.548,1.3488],[-53.5381,1.3412],[-53.5329,1.3227],[-53.5622,1.3069],[-53.5562,1.2851],[-53.5228,1.2617],[-53.5301,1.2456],[-53.5326,1.2429],[-53.5458,1.2288],[-53.5448,1.2219],[-53.5355,1.2126],[-53.5247,1.212],[-53.4733,1.2396],[-53.4383,1.2324],[-53.426,1.243],[-53.4251,1.2261],[-53.4248,1.2218],[-53.417,1.2031],[-53.4111,1.1995],[-53.4025,1.1942],[-53.3956,1.1796],[-53.3994,1.1587],[-53.4039,1.1515],[-53.4116,1.148],[-53.4439,1.1516],[-53.4568,1.1386],[-53.4591,1.1278],[-53.4554,1.1107],[-53.4553,1.0777],[-53.4218,1.0341],[-53.4209,1.0293],[-53.4258,1.024],[-53.4295,1.0201],[-53.4263,0.9927],[-53.4183,0.99],[-53.417,0.9896],[-53.4103,0.9824],[-53.411,0.9297],[-53.1898,0.7687],[-53.1434,0.6966],[-53.1058,0.6843],[-53.153,0.5768],[-53.1479,0.542],[-53.1693,0.4941],[-53.1608,0.4895],[-53.1591,0.4885],[-53.1547,0.4805],[-53.1673,0.446],[-53.1588,0.4206],[-53.1592,0.4084],[-53.1602,0.4023],[-53.1748,0.382],[-53.136,0.3264],[-53.1349,0.3134],[-53.1339,0.3005],[-53.1115,0.2869],[-53.0936,0.2593],[-53.1059,0.2321],[-53.0938,0.1956],[-53.0516,0.1577],[-53.0288,0.105],[-53.0245,0.1028],[-53.0107,0.0954],[-53.0137,0.0677],[-53.0145,0.06],[-52.9768,0.0241],[-52.9763,-0.0073],[-52.9705,-0.0428],[-52.9332,-0.1392],[-52.9308,-0.1422],[-52.9283,-0.1453],[-52.9035,-0.1546],[-52.8971,-0.1541],[-52.8897,-0.15],[-52.8763,-0.1424],[-52.8511,-0.1498],[-52.8477,-0.1546],[-52.8443,-0.1594],[-52.8356,-0.1858],[-52.76,-0.2372],[-52.754,-0.2619],[-52.7468,-0.2691],[-52.7397,-0.2763],[-52.6896,-0.3026],[-52.6837,-0.314],[-52.6814,-0.3396],[-52.6955,-0.3717],[-52.6968,-0.3793],[-52.6981,-0.3868],[-52.6787,-0.4233],[-52.7022,-0.4589],[-52.6905,-0.4768],[-52.6928,-0.4865],[-52.695,-0.4961],[-52.6814,-0.5162],[-52.6766,-0.5189],[-52.6668,-0.5248],[-52.6686,-0.5339],[-52.6694,-0.5379],[-52.6673,-0.5438],[-52.6395,-0.5846],[-52.6287,-0.5935],[-52.6125,-0.5946],[-52.5347,-0.5738],[-52.5287,-0.5813],[-52.5227,-0.5887],[-52.4974,-0.7304],[-52.5223,-0.7914],[-52.5207,-0.8008],[-52.5165,-0.8054],[-52.5094,-0.8131],[-52.5156,-0.8202],[-52.5346,-0.8417],[-52.5382,-0.8545],[-52.5283,-0.8588],[-52.5165,-0.8583],[-52.455,-0.8299],[-52.4027,-0.8768],[-52.4018,-0.882],[-52.4008,-0.8872],[-52.4043,-0.9125],[-52.439,-0.935],[-52.4362,-0.948],[-52.4195,-0.9656],[-52.4177,-0.9987],[-52.414,-1.0089],[-52.4266,-1.0505],[-52.4196,-1.0524],[-52.4109,-1.0484],[-52.3997,-1.0433],[-52.3577,-1.0623],[-52.3546,-1.0658],[-52.3516,-1.0694],[-52.3325,-1.1156],[-52.2217,-1.1342],[-52.207,-1.1329],[-52.1731,-1.1298],[-52.1619,-1.1337],[-52.1562,-1.1391],[-52.1463,-1.1485],[-52.1242,-1.1463],[-52.1198,-1.1459],[-52.0999,-1.2262],[-52.07,-1.2357],[-52.0542,-1.2339],[-52.0466,-1.219],[-52.0471,-1.214],[-52.0558,-1.201],[-52.0628,-1.1907],[-52.0619,-1.184],[-52.0546,-1.1766],[-52.0404,-1.1698],[-52.0109,-1.1673],[-52.0094,-1.1676],[-51.9907,-1.1715],[-51.9849,-1.1211],[-51.9745,-1.1203],[-51.9651,-1.1255],[-51.9566,-1.1689],[-51.9255,-1.132],[-51.8868,-1.1661],[-51.8086,-1.1568],[-51.7039,-1.0674],[-51.6868,-1.0357],[-51.695,-0.921],[-51.6787,-0.7849],[-51.665,-0.7616],[-51.5951,-0.6501],[-51.4573,-0.5129],[-51.432,-0.473],[-51.4203,-0.4287],[-51.4118,-0.4215],[-51.4033,-0.4144],[-51.362,-0.3678],[-51.354,-0.3182],[-51.3507,-0.3087],[-51.3473,-0.2993],[-51.3272,-0.2684],[-51.302,-0.2523],[-51.2159,-0.1183],[-51.0845,-0.0872],[-50.9965,0.0038],[-50.9744,0.0421],[-50.9337,0.07],[-50.7843,0.1124],[-50.7431,0.1308],[-50.6677,0.1854],[-50.5557,0.307],[-50.4758,0.4818],[-50.4668,0.5312],[-50.4519,0.5713],[-50.4361,0.6004],[-50.4094,0.6237],[-50.3468,0.6672],[-50.3142,0.6783],[-50.1976,0.7012],[-50.157,0.7054],[-50.0935,0.7024],[-50.0916,0.6475],[-50.059,0.6167],[-50.0404,0.5739],[-50.0351,0.5092],[-50.0608,0.3388],[-49.9722,0.3193],[-49.9668,0.3209],[-49.9625,0.3259],[-49.9577,0.3316],[-49.9029,0.3113],[-49.8411,0.3402],[-49.8277,0.327],[-49.7627,0.3494],[-49.7385,0.3229],[-49.7417,0.3498],[-49.6772,0.3663],[-49.66,0.3527],[-49.6609,0.3517],[-49.6665,0.3451],[-49.6419,0.3422],[-49.6154,0.3135],[-49.6011,0.267],[-49.5618,0.2033],[-49.4751,0.0793],[-49.387,0.0413],[-49.3965,0.0161],[-49.0076,-0.1604],[-48.9996,-0.1816],[-48.9303,-0.2256],[-48.7926,-0.2197],[-48.7845,-0.2233],[-48.7769,-0.2361],[-48.7745,-0.24],[-48.7024,-0.2568],[-48.6374,-0.2316],[-48.5079,-0.2441],[-48.4723,-0.2315],[-48.4118,-0.2569],[-48.3837,-0.301],[-48.3901,-0.3629],[-48.4333,-0.403],[-48.4721,-0.4988],[-48.2356,-0.5815],[-48,-0.664],[-47.9893,-0.7057],[-47.9622,-0.6625],[-47.9618,-0.6364],[-47.9261,-0.6214],[-47.9254,-0.6222],[-47.9227,-0.6251],[-47.9191,-0.6289],[-47.9118,-0.6005],[-47.9088,-0.601],[-47.9069,-0.6013],[-47.9021,-0.6022],[-47.8972,-0.5525],[-47.8863,-0.5509],[-47.8643,-0.5563],[-47.8551,-0.5852],[-47.8528,-0.5854],[-47.8417,-0.5863],[-47.8419,-0.6222],[-47.8708,-0.6771],[-47.8618,-0.6814],[-47.8544,-0.6701],[-47.8483,-0.667],[-47.846,-0.6708],[-47.8432,-0.6755],[-47.8405,-0.6799],[-47.8362,-0.6788],[-47.831,-0.6735],[-47.8236,-0.6662],[-47.8245,-0.6137],[-47.8081,-0.5932],[-47.8144,-0.5608],[-47.8037,-0.55],[-47.7904,-0.5535],[-47.7987,-0.5888],[-47.7677,-0.5849],[-47.7671,-0.6373],[-47.749,-0.5937],[-47.7633,-0.5651],[-47.761,-0.5622],[-47.7472,-0.5632],[-47.7379,-0.5638],[-47.7188,-0.5368],[-47.7035,-0.5349],[-47.6898,-0.5728],[-47.6906,-0.5733],[-47.6958,-0.5764],[-47.6983,-0.5928],[-47.6623,-0.5802],[-47.6479,-0.5857],[-47.6389,-0.5992],[-47.6362,-0.6032],[-47.6325,-0.6176],[-47.6268,-0.6259],[-47.6396,-0.6888],[-47.626,-0.701],[-47.6199,-0.6942],[-47.6145,-0.6955],[-47.6088,-0.697],[-47.5801,-0.6378],[-47.579,-0.581],[-47.5419,-0.6043],[-47.5261,-0.6726],[-47.485,-0.7353],[-47.4876,-0.7646],[-47.4824,-0.7626],[-47.4778,-0.7609],[-47.4687,-0.7653],[-47.4661,-0.7517],[-47.4703,-0.6319],[-47.4753,-0.6286],[-47.4807,-0.625],[-47.4816,-0.6211],[-47.4743,-0.5961],[-47.4439,-0.5889],[-47.4188,-0.5917],[-47.4142,-0.5989],[-47.4251,-0.655],[-47.4208,-0.644],[-47.4199,-0.6418],[-47.3999,-0.6568],[-47.3876,-0.634],[-47.3847,-0.6335],[-47.3765,-0.6321],[-47.3699,-0.631],[-47.3799,-0.6081],[-47.3221,-0.5938],[-47.2994,-0.5985],[-47.2864,-0.6048],[-47.2827,-0.6066],[-47.2827,-0.6158],[-47.2859,-0.6168],[-47.2887,-0.613],[-47.2929,-0.6075],[-47.2926,-0.6454],[-47.259,-0.6514],[-47.2617,-0.6261],[-47.2121,-0.6372],[-47.199,-0.6646],[-47.2079,-0.6805],[-47.2088,-0.6812],[-47.2141,-0.6855],[-47.2186,-0.6861],[-47.2295,-0.6781],[-47.2408,-0.6841],[-47.2461,-0.7038],[-47.2433,-0.7069],[-47.2136,-0.6902],[-47.1945,-0.6991],[-47.1843,-0.6646],[-47.1606,-0.6674],[-47.1655,-0.7283],[-47.1772,-0.7433],[-47.1697,-0.7762],[-47.1668,-0.7733],[-47.1685,-0.7627],[-47.1652,-0.7603],[-47.1602,-0.7736],[-47.157,-0.7687],[-47.1664,-0.7441],[-47.1648,-0.7413],[-47.1495,-0.7144],[-47.1399,-0.7277],[-47.1409,-0.6875],[-47.0883,-0.6623],[-47.0683,-0.7042],[-47.0743,-0.7072],[-47.0818,-0.7109],[-47.0874,-0.7136],[-47.0692,-0.7302],[-47.0724,-0.7311],[-47.0718,-0.736],[-47.0892,-0.7489],[-47.0729,-0.7446],[-47.0663,-0.7762],[-47.059,-0.7048],[-47.0495,-0.7112],[-47.0573,-0.8059],[-47.0505,-0.7933],[-47.0333,-0.8051],[-47.028,-0.8025],[-47.0487,-0.7789],[-47.0407,-0.729],[-47.0298,-0.7405],[-46.9715,-0.7038],[-46.9515,-0.7341]]],[[[-46.4014,-0.9523],[-46.437,-0.9861],[-46.4159,-0.9322],[-46.4078,-0.9298],[-46.4023,-0.9326],[-46.4014,-0.9523]]],[[[-46.0751,-1.0669],[-46.0707,-1.0691],[-46.0605,-1.0944],[-46.0662,-1.1048],[-46.0903,-1.0686],[-46.0879,-1.0609],[-46.0825,-1.0582],[-46.0817,-1.0578],[-46.0721,-1.0612],[-46.0751,-1.0669]]],[[[-47.0341,-0.6951],[-47.0051,-0.7003],[-47.0332,-0.7079],[-47.0338,-0.7005],[-47.0341,-0.6951]]],[[[-46.3751,-0.9959],[-46.375,-1.0041],[-46.3749,-1.0111],[-46.3808,-1.013],[-46.3741,-0.9872],[-46.3704,-0.9911],[-46.3751,-0.9959]]],[[[-47.843,-0.6624],[-47.8412,-0.6577],[-47.833,-0.6538],[-47.843,-0.6624]]],[[[-46.4442,-1.0099],[-46.4461,-1.01],[-46.4505,-1.0091],[-46.4372,-1.0011],[-46.4442,-1.0099]]],[[[-46.3267,-0.9503],[-46.3226,-0.9449],[-46.3165,-0.9461],[-46.3154,-0.95],[-46.3267,-0.9503]]],[[[-46.6078,-0.8308],[-46.6061,-0.8252],[-46.6009,-0.8262],[-46.6003,-0.8301],[-46.6053,-0.8325],[-46.6078,-0.8308]]],[[[-46.6082,-0.8589],[-46.6065,-0.8533],[-46.6013,-0.8543],[-46.6007,-0.8582],[-46.6056,-0.8606],[-46.6082,-0.8589]]],[[[-47.0347,-0.7204],[-47.043,-0.722],[-47.0442,-0.7193],[-47.0347,-0.7204]]],[[[-46.468,-0.9639],[-46.475,-0.9642],[-46.4688,-0.9577],[-46.4651,-0.9595],[-46.468,-0.9639]]],[[[-46.2064,-0.9408],[-46.2027,-0.9364],[-46.199,-0.9403],[-46.2064,-0.9408]]],[[[-46.9542,-0.7404],[-46.9515,-0.7341],[-46.9493,-0.7387],[-46.9542,-0.7404]]],[[[-47.0217,-0.7154],[-47.0168,-0.7132],[-47.0187,-0.7175],[-47.0217,-0.7154]]],[[[-46.2701,-0.9335],[-46.2658,-0.9329],[-46.2671,-0.9364],[-46.2701,-0.9335]]]]},"alpha2":"BR-PA","centroid":{"lat":-3.79,"lng":-52.48},"isState":true},{"type":"Feature","properties":{"name":"Paraíba","NAME":"Paraíba","sigla":"PB","code":"PB","POSTAL":"PB","ISO_A2":"BR-PB","alpha2":"BR-PB","region":"Nordeste","capital":"João Pessoa"},"geometry":{"type":"MultiPolygon","coordinates":[[[[-37.2268,-6.0346],[-37.1735,-6.0476],[-37.1747,-6.1418],[-37.1565,-6.1521],[-37.2032,-6.2058],[-37.2257,-6.2119],[-37.233,-6.2139],[-37.2511,-6.2261],[-37.2702,-6.2513],[-37.2743,-6.281],[-37.3184,-6.28],[-37.3211,-6.2865],[-37.3278,-6.3028],[-37.3769,-6.344],[-37.3957,-6.4008],[-37.3817,-6.4365],[-37.3905,-6.4524],[-37.3965,-6.5138],[-37.4163,-6.5316],[-37.4689,-6.5348],[-37.4758,-6.5424],[-37.4827,-6.55],[-37.4768,-6.6415],[-37.4737,-6.6466],[-37.4725,-6.6485],[-37.4658,-6.6596],[-37.4843,-6.7096],[-37.2833,-6.6935],[-37.2864,-6.7026],[-37.2898,-6.7126],[-37.2795,-6.7238],[-37.2635,-6.7318],[-37.2684,-6.7587],[-37.2706,-6.7629],[-37.2727,-6.7671],[-37.2664,-6.7722],[-37.257,-6.78],[-37.2547,-6.8107],[-37.2342,-6.8242],[-37.1903,-6.825],[-37.1288,-6.7659],[-37.059,-6.749],[-37.0018,-6.7092],[-36.9772,-6.7215],[-36.9714,-6.7402],[-36.9729,-6.7573],[-36.9692,-6.769],[-36.9641,-6.7737],[-36.9613,-6.7739],[-36.9522,-6.7748],[-36.957,-6.7808],[-36.9587,-6.7829],[-36.9567,-6.7901],[-36.9375,-6.7727],[-36.9369,-6.7722],[-36.9096,-6.7567],[-36.896,-6.752],[-36.8346,-6.7307],[-36.7875,-6.773],[-36.7799,-6.7798],[-36.7723,-6.7867],[-36.769,-6.8384],[-36.7298,-6.836],[-36.7658,-6.9352],[-36.7181,-6.9823],[-36.7111,-6.9776],[-36.7111,-6.9775],[-36.6877,-6.9266],[-36.6094,-6.9364],[-36.5675,-6.8744],[-36.5694,-6.8476],[-36.5065,-6.8126],[-36.5009,-6.7772],[-36.5024,-6.7665],[-36.504,-6.7558],[-36.5573,-6.7104],[-36.5241,-6.5993],[-36.5134,-6.594],[-36.5075,-6.5951],[-36.4601,-6.634],[-36.4354,-6.6255],[-36.4407,-6.5996],[-36.443,-6.5603],[-36.4779,-6.5403],[-36.4805,-6.5275],[-36.4822,-6.5191],[-36.5254,-6.5008],[-36.5287,-6.4467],[-36.4994,-6.3578],[-36.4444,-6.3613],[-36.4371,-6.3616],[-36.4299,-6.3619],[-36.3941,-6.2936],[-36.3622,-6.3096],[-36.3585,-6.3081],[-36.3435,-6.302],[-36.3072,-6.2811],[-36.3034,-6.2848],[-36.2949,-6.2932],[-36.2794,-6.3085],[-36.2786,-6.3171],[-36.2781,-6.3454],[-36.2944,-6.3705],[-36.298,-6.3784],[-36.2952,-6.393],[-36.2507,-6.404],[-36.2493,-6.437],[-36.1108,-6.4285],[-36.0796,-6.4048],[-36.0128,-6.4546],[-36.0049,-6.4807],[-35.9772,-6.4885],[-35.7729,-6.4824],[-35.6579,-6.4456],[-35.5997,-6.4602],[-35.5805,-6.4861],[-35.5637,-6.4871],[-35.5643,-6.4914],[-35.5585,-6.4924],[-35.5248,-6.4757],[-35.4767,-6.4864],[-35.4417,-6.4785],[-35.364,-6.5116],[-35.3408,-6.5382],[-35.3355,-6.5411],[-35.3303,-6.5439],[-35.2741,-6.5435],[-35.2318,-6.5314],[-35.2225,-6.516],[-35.199,-6.5495],[-35.1935,-6.5497],[-35.1698,-6.558],[-35.1452,-6.5523],[-35.095,-6.4973],[-35.0572,-6.5274],[-34.9705,-6.485],[-34.9617,-6.6398],[-34.9535,-6.6683],[-34.9464,-6.6808],[-34.9378,-6.6846],[-34.932,-6.6874],[-34.9309,-6.688],[-34.9288,-6.7397],[-34.9318,-6.7438],[-34.9323,-6.7445],[-34.9384,-6.7527],[-34.9327,-6.7564],[-34.9328,-6.7603],[-34.9334,-6.7693],[-34.9298,-6.7691],[-34.9184,-6.7683],[-34.9022,-6.8649],[-34.8964,-6.8716],[-34.8839,-6.8861],[-34.8797,-6.891],[-34.8682,-6.8974],[-34.8635,-6.8982],[-34.8531,-6.8999],[-34.8665,-6.9362],[-34.8502,-6.9642],[-34.8683,-6.979],[-34.8704,-6.985],[-34.8671,-7.008],[-34.859,-7.0267],[-34.855,-7.0271],[-34.8546,-7.0271],[-34.8346,-6.9983],[-34.835,-6.979],[-34.835,-6.9787],[-34.8413,-6.9661],[-34.839,-6.9661],[-34.8297,-6.9662],[-34.8281,-6.9803],[-34.8253,-7.0066],[-34.8433,-7.0557],[-34.8299,-7.073],[-34.8217,-7.1305],[-34.7931,-7.1541],[-34.805,-7.2397],[-34.7935,-7.3289],[-34.8109,-7.4589],[-34.8091,-7.4618],[-34.8048,-7.4689],[-34.8031,-7.4716],[-34.8257,-7.5474],[-34.8575,-7.5375],[-34.8616,-7.5412],[-34.8631,-7.5425],[-34.8702,-7.5487],[-34.8819,-7.5405],[-34.8878,-7.5363],[-34.8903,-7.5395],[-34.8947,-7.5452],[-34.9003,-7.5452],[-34.9321,-7.5281],[-34.9357,-7.5299],[-34.9501,-7.5372],[-34.9602,-7.5383],[-34.9914,-7.4879],[-34.986,-7.4704],[-34.9867,-7.4626],[-35.0794,-7.3966],[-35.0854,-7.4017],[-35.0879,-7.4038],[-35.0974,-7.4079],[-35.1705,-7.3879],[-35.1803,-7.3956],[-35.1903,-7.3976],[-35.2433,-7.374],[-35.3062,-7.4069],[-35.3156,-7.4053],[-35.3236,-7.4109],[-35.3345,-7.4064],[-35.3324,-7.4149],[-35.333,-7.4223],[-35.3419,-7.4219],[-35.3519,-7.422],[-35.3506,-7.4399],[-35.4208,-7.4737],[-35.479,-7.4446],[-35.4909,-7.4502],[-35.5028,-7.4557],[-35.5015,-7.512],[-35.5362,-7.5797],[-35.5149,-7.5847],[-35.5312,-7.6213],[-35.5225,-7.6321],[-35.514,-7.6425],[-35.5201,-7.644],[-35.5265,-7.6454],[-35.5323,-7.6544],[-35.61,-7.6541],[-35.6528,-7.6951],[-35.6996,-7.6915],[-35.7801,-7.7379],[-35.8716,-7.7491],[-35.904,-7.7918],[-35.9695,-7.789],[-35.9976,-7.8129],[-36.0428,-7.7932],[-36.048,-7.797],[-36.0534,-7.8009],[-36.0703,-7.7805],[-36.2005,-7.7895],[-36.2036,-7.7784],[-36.206,-7.77],[-36.2162,-7.7637],[-36.252,-7.7935],[-36.2397,-7.8174],[-36.2501,-7.827],[-36.2631,-7.8313],[-36.3041,-7.8079],[-36.4236,-7.8154],[-36.428,-7.8239],[-36.4286,-7.8663],[-36.4286,-7.8666],[-36.4287,-7.8667],[-36.4399,-7.8778],[-36.4335,-7.8793],[-36.4323,-7.8796],[-36.4297,-7.8853],[-36.4344,-7.8959],[-36.4453,-7.9078],[-36.4453,-7.9153],[-36.4797,-7.9244],[-36.5516,-7.8983],[-36.5721,-7.9055],[-36.5777,-7.9147],[-36.5763,-7.9592],[-36.5898,-7.9568],[-36.6109,-7.9477],[-36.6274,-7.986],[-36.6274,-8.0554],[-36.6484,-8.0672],[-36.6564,-8.0757],[-36.657,-8.0796],[-36.6282,-8.1106],[-36.6384,-8.1184],[-36.666,-8.1236],[-36.6931,-8.1411],[-36.6899,-8.1482],[-36.6866,-8.1552],[-36.7069,-8.1559],[-36.7079,-8.1559],[-36.7224,-8.1506],[-36.7253,-8.156],[-36.72,-8.1619],[-36.7154,-8.1669],[-36.7497,-8.1753],[-36.7515,-8.1837],[-36.7531,-8.1911],[-36.7611,-8.1959],[-36.8036,-8.194],[-36.8955,-8.2404],[-36.9079,-8.2536],[-36.9152,-8.2615],[-36.9226,-8.2694],[-36.9281,-8.2708],[-36.9445,-8.2748],[-36.9516,-8.296],[-36.9907,-8.3026],[-36.994,-8.3011],[-37.0202,-8.2893],[-37.0453,-8.2613],[-37.0879,-8.2551],[-37.1225,-8.2087],[-37.1225,-8.174],[-37.1632,-8.1654],[-37.1436,-8.1239],[-37.1577,-8.0508],[-37.148,-8.0347],[-37.1491,-8.0233],[-37.1509,-8.0124],[-37.1514,-8.009],[-37.1585,-7.9989],[-37.193,-7.9825],[-37.1923,-7.9602],[-37.2074,-7.9515],[-37.2192,-7.9723],[-37.2952,-7.9645],[-37.3555,-7.9745],[-37.3505,-7.962],[-37.3473,-7.954],[-37.349,-7.9479],[-37.3086,-7.9338],[-37.3092,-7.9135],[-37.3216,-7.9111],[-37.3076,-7.9075],[-37.3032,-7.9038],[-37.287,-7.9035],[-37.2573,-7.8828],[-37.2443,-7.8739],[-37.2467,-7.8464],[-37.2217,-7.8418],[-37.2276,-7.8211],[-37.2277,-7.8211],[-37.2401,-7.8227],[-37.2432,-7.8186],[-37.1911,-7.7908],[-37.1703,-7.7998],[-37.1515,-7.7794],[-37.1385,-7.7451],[-37.1947,-7.6516],[-37.1963,-7.6315],[-37.1951,-7.6279],[-37.1675,-7.5815],[-37.1211,-7.5357],[-36.9838,-7.4817],[-37.0232,-7.4335],[-37.0135,-7.4044],[-37.0175,-7.3989],[-37.0217,-7.3932],[-37.0258,-7.3875],[-37.0675,-7.3817],[-37.0722,-7.3689],[-37.0725,-7.3679],[-37.0917,-7.3565],[-37.1649,-7.3362],[-37.1676,-7.3224],[-37.1681,-7.3196],[-37.1765,-7.3092],[-37.2325,-7.2747],[-37.3312,-7.2893],[-37.3561,-7.3217],[-37.3526,-7.3291],[-37.3491,-7.3366],[-37.367,-7.3463],[-37.3853,-7.3563],[-37.4965,-7.3671],[-37.4918,-7.3822],[-37.4908,-7.3846],[-37.4866,-7.3947],[-37.5152,-7.4272],[-37.5328,-7.4726],[-37.6094,-7.5076],[-37.63,-7.5321],[-37.6495,-7.53],[-37.6544,-7.5262],[-37.6593,-7.5223],[-37.6762,-7.5352],[-37.679,-7.5416],[-37.6818,-7.548],[-37.7061,-7.5502],[-37.7097,-7.5591],[-37.7074,-7.5703],[-37.7206,-7.5815],[-37.7283,-7.5793],[-37.7555,-7.6191],[-37.7384,-7.6598],[-37.7517,-7.6639],[-37.7543,-7.6696],[-37.7821,-7.6265],[-37.8581,-7.6532],[-37.8802,-7.6833],[-37.897,-7.6904],[-37.9029,-7.6976],[-37.8939,-7.7132],[-37.9087,-7.71],[-37.9127,-7.7091],[-37.9202,-7.7129],[-37.971,-7.7769],[-38.0041,-7.7776],[-38.0391,-7.7477],[-38.0543,-7.7602],[-38.0691,-7.7723],[-38.0695,-7.7733],[-38.075,-7.7887],[-38.0753,-7.805],[-38.0725,-7.8089],[-38.0661,-7.8178],[-38.0675,-7.8217],[-38.0767,-7.8302],[-38.1173,-7.8208],[-38.1415,-7.7849],[-38.1636,-7.7795],[-38.2382,-7.8303],[-38.2864,-7.8298],[-38.2994,-7.7628],[-38.3041,-7.7632],[-38.3163,-7.7642],[-38.3075,-7.7524],[-38.3018,-7.7448],[-38.3103,-7.7384],[-38.3155,-7.7281],[-38.3116,-7.7159],[-38.3169,-7.7151],[-38.3158,-7.7087],[-38.3204,-7.6976],[-38.3443,-7.6946],[-38.3571,-7.6768],[-38.4092,-7.7301],[-38.4566,-7.7177],[-38.4618,-7.7272],[-38.4636,-7.7305],[-38.4719,-7.7317],[-38.484,-7.7334],[-38.4953,-7.7384],[-38.4956,-7.7415],[-38.4962,-7.7496],[-38.5932,-7.754],[-38.6261,-7.6943],[-38.7179,-7.609],[-38.7106,-7.5862],[-38.6549,-7.5651],[-38.6543,-7.5218],[-38.6313,-7.4849],[-38.6445,-7.4596],[-38.6366,-7.4592],[-38.6029,-7.4572],[-38.6052,-7.4453],[-38.6054,-7.4442],[-38.5849,-7.4344],[-38.5841,-7.416],[-38.5904,-7.4149],[-38.5952,-7.4142],[-38.5342,-7.2934],[-38.5514,-7.2428],[-38.5947,-7.2461],[-38.615,-7.2298],[-38.6257,-7.1912],[-38.6874,-7.1898],[-38.656,-7.092],[-38.6769,-7.0667],[-38.6729,-7.0595],[-38.6697,-7.0538],[-38.6695,-7.0473],[-38.7646,-6.9935],[-38.7425,-6.9748],[-38.7648,-6.9476],[-38.7563,-6.94],[-38.7549,-6.9387],[-38.7648,-6.9105],[-38.675,-6.8614],[-38.6767,-6.8326],[-38.6351,-6.8042],[-38.6359,-6.7979],[-38.6361,-6.7976],[-38.6411,-6.7904],[-38.617,-6.7936],[-38.6166,-6.7923],[-38.6138,-6.7828],[-38.6508,-6.7599],[-38.6728,-6.6968],[-38.6468,-6.6636],[-38.6549,-6.6301],[-38.6288,-6.6042],[-38.6425,-6.5808],[-38.6095,-6.5324],[-38.6119,-6.5128],[-38.57,-6.4698],[-38.5539,-6.4324],[-38.5175,-6.4083],[-38.5298,-6.393],[-38.5729,-6.4034],[-38.6017,-6.3892],[-38.5446,-6.3442],[-38.505,-6.3561],[-38.4572,-6.3293],[-38.4895,-6.3648],[-38.4858,-6.3984],[-38.4692,-6.3965],[-38.4654,-6.396],[-38.451,-6.3925],[-38.4476,-6.403],[-38.4413,-6.406],[-38.4257,-6.4137],[-38.4132,-6.4117],[-38.4007,-6.4096],[-38.3747,-6.437],[-38.3733,-6.4554],[-38.3292,-6.4596],[-38.2883,-6.5052],[-38.2561,-6.4828],[-38.2505,-6.4853],[-38.2388,-6.4799],[-38.1871,-6.4988],[-38.1475,-6.4911],[-38.1394,-6.5088],[-38.1351,-6.5181],[-38.1153,-6.5213],[-38.0511,-6.442],[-38.0453,-6.4411],[-38.0435,-6.4516],[-38.0359,-6.4596],[-38.0366,-6.4619],[-38.0402,-6.4727],[-38.0123,-6.4679],[-38.0133,-6.427],[-37.9909,-6.4266],[-37.9837,-6.4264],[-37.9787,-6.4263],[-37.955,-6.3978],[-37.9548,-6.4077],[-37.9464,-6.4181],[-37.9431,-6.4222],[-37.9276,-6.4211],[-37.8859,-6.3966],[-37.8839,-6.3913],[-37.8881,-6.3868],[-37.8878,-6.364],[-37.8594,-6.3745],[-37.8539,-6.3659],[-37.8411,-6.3626],[-37.8437,-6.354],[-37.8339,-6.342],[-37.8409,-6.3347],[-37.8428,-6.3327],[-37.8333,-6.3214],[-37.8143,-6.3137],[-37.8208,-6.3081],[-37.8236,-6.3056],[-37.81,-6.2913],[-37.7573,-6.2904],[-37.7576,-6.2873],[-37.771,-6.2727],[-37.7701,-6.2652],[-37.7601,-6.2537],[-37.7707,-6.2482],[-37.776,-6.2454],[-37.7697,-6.2424],[-37.7613,-6.2384],[-37.7643,-6.2344],[-37.7666,-6.2337],[-37.7745,-6.2312],[-37.7488,-6.1934],[-37.7087,-6.1769],[-37.6463,-6.189],[-37.5692,-6.1551],[-37.5655,-6.1591],[-37.5605,-6.1645],[-37.5396,-6.1655],[-37.5367,-6.1551],[-37.536,-6.1524],[-37.4586,-6.1446],[-37.4535,-6.1197],[-37.4453,-6.1118],[-37.3932,-6.109],[-37.3827,-6.0868],[-37.3784,-6.0847],[-37.3712,-6.0824],[-37.354,-6.0861],[-37.2985,-6.0498],[-37.2919,-6.0541],[-37.2865,-6.0576],[-37.2721,-6.0553],[-37.2676,-6.0506],[-37.2632,-6.046],[-37.2547,-6.0279],[-37.2446,-6.0266],[-37.2307,-6.0284],[-37.2268,-6.0346]]],[[[-34.8616,-6.982],[-34.847,-6.9855],[-34.8599,-7.0136],[-34.8616,-6.982]]]]},"alpha2":"BR-PB","centroid":{"lat":-7.2399,"lng":-36.7819},"isState":true},{"type":"Feature","properties":{"name":"Pernambuco","NAME":"Pernambuco","sigla":"PE","code":"PE","POSTAL":"PE","ISO_A2":"BR-PE","alpha2":"BR-PE","region":"Nordeste","capital":"Recife"},"geometry":{"type":"MultiPolygon","coordinates":[[[[-37.1765,-7.3092],[-37.1681,-7.3196],[-37.1676,-7.3224],[-37.1649,-7.3362],[-37.0917,-7.3565],[-37.0725,-7.3679],[-37.0722,-7.3689],[-37.0675,-7.3817],[-37.0258,-7.3875],[-37.0217,-7.3932],[-37.0175,-7.3989],[-37.0135,-7.4044],[-37.0232,-7.4335],[-36.9838,-7.4817],[-37.1211,-7.5357],[-37.1675,-7.5815],[-37.1951,-7.6279],[-37.1963,-7.6315],[-37.1947,-7.6516],[-37.1385,-7.7451],[-37.1515,-7.7794],[-37.1703,-7.7998],[-37.1911,-7.7908],[-37.2432,-7.8186],[-37.2401,-7.8227],[-37.2277,-7.8211],[-37.2276,-7.8211],[-37.2217,-7.8418],[-37.2467,-7.8464],[-37.2443,-7.8739],[-37.2573,-7.8828],[-37.287,-7.9035],[-37.3032,-7.9038],[-37.3076,-7.9075],[-37.3216,-7.9111],[-37.3092,-7.9135],[-37.3086,-7.9338],[-37.349,-7.9479],[-37.3473,-7.954],[-37.3505,-7.962],[-37.3555,-7.9745],[-37.2952,-7.9645],[-37.2192,-7.9723],[-37.2074,-7.9515],[-37.1923,-7.9602],[-37.193,-7.9825],[-37.1585,-7.9989],[-37.1514,-8.009],[-37.1509,-8.0124],[-37.1491,-8.0233],[-37.148,-8.0347],[-37.1577,-8.0508],[-37.1436,-8.1239],[-37.1632,-8.1654],[-37.1225,-8.174],[-37.1225,-8.2087],[-37.0879,-8.2551],[-37.0453,-8.2613],[-37.0202,-8.2893],[-36.994,-8.3011],[-36.9907,-8.3026],[-36.9516,-8.296],[-36.9445,-8.2748],[-36.9281,-8.2708],[-36.9226,-8.2694],[-36.9152,-8.2615],[-36.9079,-8.2536],[-36.8955,-8.2404],[-36.8036,-8.194],[-36.7611,-8.1959],[-36.7531,-8.1911],[-36.7515,-8.1837],[-36.7497,-8.1753],[-36.7154,-8.1669],[-36.72,-8.1619],[-36.7253,-8.156],[-36.7224,-8.1506],[-36.7079,-8.1559],[-36.7069,-8.1559],[-36.6866,-8.1552],[-36.6899,-8.1482],[-36.6931,-8.1411],[-36.666,-8.1236],[-36.6384,-8.1184],[-36.6282,-8.1106],[-36.657,-8.0796],[-36.6564,-8.0757],[-36.6484,-8.0672],[-36.6274,-8.0554],[-36.6274,-7.986],[-36.6109,-7.9477],[-36.5898,-7.9568],[-36.5763,-7.9592],[-36.5777,-7.9147],[-36.5721,-7.9055],[-36.5516,-7.8983],[-36.4797,-7.9244],[-36.4453,-7.9153],[-36.4453,-7.9078],[-36.4344,-7.8959],[-36.4297,-7.8853],[-36.4323,-7.8796],[-36.4335,-7.8793],[-36.4399,-7.8778],[-36.4287,-7.8667],[-36.4286,-7.8666],[-36.4286,-7.8663],[-36.428,-7.8239],[-36.4236,-7.8154],[-36.3041,-7.8079],[-36.2631,-7.8313],[-36.2501,-7.827],[-36.2397,-7.8174],[-36.252,-7.7935],[-36.2162,-7.7637],[-36.206,-7.77],[-36.2036,-7.7784],[-36.2005,-7.7895],[-36.0703,-7.7805],[-36.0534,-7.8009],[-36.048,-7.797],[-36.0428,-7.7932],[-35.9976,-7.8129],[-35.9695,-7.789],[-35.904,-7.7918],[-35.8716,-7.7491],[-35.7801,-7.7379],[-35.6996,-7.6915],[-35.6528,-7.6951],[-35.61,-7.6541],[-35.5323,-7.6544],[-35.5265,-7.6454],[-35.5201,-7.644],[-35.514,-7.6425],[-35.5225,-7.6321],[-35.5312,-7.6213],[-35.5149,-7.5847],[-35.5362,-7.5797],[-35.5015,-7.512],[-35.5028,-7.4557],[-35.4909,-7.4502],[-35.479,-7.4446],[-35.4208,-7.4737],[-35.3506,-7.4399],[-35.3519,-7.422],[-35.3419,-7.4219],[-35.333,-7.4223],[-35.3324,-7.4149],[-35.3345,-7.4064],[-35.3236,-7.4109],[-35.3156,-7.4053],[-35.3062,-7.4069],[-35.2433,-7.374],[-35.1903,-7.3976],[-35.1803,-7.3956],[-35.1705,-7.3879],[-35.0974,-7.4079],[-35.0879,-7.4038],[-35.0854,-7.4017],[-35.0794,-7.3966],[-34.9867,-7.4626],[-34.986,-7.4704],[-34.9914,-7.4879],[-34.9602,-7.5383],[-34.9501,-7.5372],[-34.9357,-7.5299],[-34.9321,-7.5281],[-34.9003,-7.5452],[-34.8947,-7.5452],[-34.8903,-7.5395],[-34.8878,-7.5363],[-34.8819,-7.5405],[-34.8702,-7.5487],[-34.8631,-7.5425],[-34.8616,-7.5412],[-34.8575,-7.5375],[-34.8532,-7.5389],[-34.8398,-7.5433],[-34.807,-7.6249],[-34.8458,-7.6883],[-34.8311,-7.7001],[-34.8225,-7.7431],[-34.8371,-7.7916],[-34.8361,-7.8096],[-34.8472,-7.8155],[-34.8191,-7.9174],[-34.8373,-8.0057],[-34.8644,-8.04],[-34.9136,-8.1682],[-34.9194,-8.2267],[-34.9335,-8.2458],[-34.9396,-8.2541],[-34.9509,-8.3371],[-34.94,-8.3513],[-34.9606,-8.3656],[-34.9558,-8.3709],[-34.9517,-8.3753],[-34.9978,-8.4854],[-35.0042,-8.5656],[-35.03,-8.5729],[-35.0665,-8.6439],[-35.0686,-8.6719],[-35.0851,-8.6909],[-35.0858,-8.7465],[-35.1314,-8.8261],[-35.1291,-8.8666],[-35.152,-8.913],[-35.1762,-8.8884],[-35.2523,-8.8868],[-35.3995,-8.8499],[-35.4076,-8.8389],[-35.4085,-8.8376],[-35.4121,-8.8365],[-35.4504,-8.841],[-35.4671,-8.8146],[-35.4953,-8.8279],[-35.5347,-8.8191],[-35.6296,-8.8792],[-35.7479,-8.9167],[-35.7825,-8.8973],[-35.7755,-8.858],[-35.7808,-8.8605],[-35.7871,-8.8507],[-35.8445,-8.8721],[-35.8957,-8.8538],[-35.9232,-8.8832],[-35.9647,-8.9025],[-36.0635,-8.9149],[-36.0864,-8.9437],[-36.1265,-8.9556],[-36.1287,-8.9685],[-36.1264,-8.9807],[-36.1204,-8.9834],[-36.1117,-8.9874],[-36.1039,-8.9985],[-36.111,-9.0172],[-36.1513,-9.0423],[-36.1953,-9.0444],[-36.236,-9.1031],[-36.243,-9.0996],[-36.2451,-9.0986],[-36.2664,-9.102],[-36.2573,-9.1379],[-36.2245,-9.1706],[-36.2555,-9.1816],[-36.2737,-9.1658],[-36.3095,-9.1723],[-36.3272,-9.2003],[-36.3523,-9.2012],[-36.3497,-9.2102],[-36.3484,-9.2143],[-36.3532,-9.2197],[-36.3579,-9.2179],[-36.3653,-9.2222],[-36.4194,-9.2291],[-36.4366,-9.2117],[-36.4623,-9.2389],[-36.487,-9.2411],[-36.5029,-9.2706],[-36.5714,-9.2922],[-36.5669,-9.3314],[-36.6038,-9.3406],[-36.6134,-9.3234],[-36.6341,-9.3265],[-36.6934,-9.2749],[-36.7583,-9.271],[-36.7967,-9.2926],[-36.8393,-9.2878],[-36.8434,-9.2823],[-36.8476,-9.2767],[-36.8678,-9.2681],[-36.9154,-9.2986],[-36.9218,-9.3393],[-36.929,-9.3453],[-36.9375,-9.3524],[-36.9363,-9.3608],[-36.9361,-9.3612],[-36.93,-9.3696],[-36.952,-9.3821],[-37.003,-9.3522],[-37.0239,-9.3153],[-37.0549,-9.307],[-37.0568,-9.3125],[-37.0585,-9.3174],[-37.0592,-9.3137],[-37.0612,-9.3033],[-37.0568,-9.2814],[-37.0836,-9.2519],[-37.1059,-9.2394],[-37.1639,-9.2753],[-37.1585,-9.2387],[-37.19,-9.22],[-37.1981,-9.2151],[-37.2093,-9.2197],[-37.2339,-9.2397],[-37.2428,-9.1856],[-37.3151,-9.0939],[-37.4336,-9.0293],[-37.4396,-9.0277],[-37.4456,-9.0262],[-37.469,-9.0273],[-37.4933,-9.0002],[-37.4866,-8.9752],[-37.4882,-8.9702],[-37.4898,-8.9653],[-37.5408,-8.9581],[-37.5559,-8.9691],[-37.562,-8.9735],[-37.5727,-8.9717],[-37.5834,-8.9698],[-37.6004,-8.9757],[-37.6116,-8.9864],[-37.6144,-8.9945],[-37.6164,-9.0002],[-37.6116,-9.0057],[-37.6213,-9.0114],[-37.6432,-9.0179],[-37.6587,-9.006],[-37.6636,-9.0004],[-37.6631,-8.9993],[-37.6605,-8.9939],[-37.6612,-8.9869],[-37.6984,-8.9921],[-37.6842,-8.9667],[-37.7599,-8.8572],[-37.8287,-8.8934],[-37.8209,-8.9152],[-37.825,-8.9188],[-37.8325,-8.9255],[-37.8387,-8.978],[-37.8792,-9.015],[-37.8766,-9.0204],[-37.8748,-9.0242],[-37.8806,-9.0399],[-37.8892,-9.0345],[-37.8894,-9.0344],[-37.9045,-9.0398],[-37.9789,-9.148],[-38.0919,-9.1723],[-38.1435,-9.2178],[-38.1786,-9.2892],[-38.2371,-9.3293],[-38.2501,-9.2901],[-38.2871,-9.2167],[-38.2835,-9.2114],[-38.2798,-9.2061],[-38.2872,-9.1735],[-38.3112,-9.1475],[-38.3183,-9.1406],[-38.321,-9.1166],[-38.3042,-9.0964],[-38.3184,-9.0914],[-38.3199,-9.0909],[-38.3255,-9.0776],[-38.2897,-9.0469],[-38.2893,-9.038],[-38.296,-9.0225],[-38.3166,-9.0008],[-38.3202,-8.9907],[-38.34,-8.9901],[-38.353,-8.9955],[-38.3855,-9.0244],[-38.4081,-9.0381],[-38.483,-9.0011],[-38.5031,-8.981],[-38.5135,-8.9595],[-38.5191,-8.9479],[-38.4729,-8.8891],[-38.4696,-8.8651],[-38.4745,-8.8574],[-38.4794,-8.8497],[-38.5086,-8.8322],[-38.5511,-8.8223],[-38.561,-8.8267],[-38.5708,-8.8312],[-38.6034,-8.8802],[-38.6053,-8.8865],[-38.6072,-8.8929],[-38.6088,-8.9524],[-38.6235,-8.9793],[-38.6303,-8.9848],[-38.6403,-8.9869],[-38.6706,-8.9745],[-38.6861,-8.9506],[-38.7062,-8.8619],[-38.7984,-8.7924],[-38.8677,-8.7835],[-38.953,-8.8031],[-39.0321,-8.7369],[-39.0638,-8.7293],[-39.151,-8.7088],[-39.1541,-8.7074],[-39.1571,-8.7042],[-39.1687,-8.6918],[-39.1765,-8.703],[-39.2235,-8.7109],[-39.2334,-8.7054],[-39.2452,-8.6818],[-39.2463,-8.6473],[-39.2414,-8.6409],[-39.2465,-8.6273],[-39.2535,-8.6188],[-39.2555,-8.6174],[-39.2664,-8.6098],[-39.2823,-8.5677],[-39.2882,-8.5629],[-39.303,-8.5598],[-39.3433,-8.5582],[-39.3834,-8.5332],[-39.4078,-8.5382],[-39.4117,-8.54],[-39.4157,-8.5417],[-39.4757,-8.5924],[-39.5182,-8.6035],[-39.6072,-8.6556],[-39.6908,-8.6619],[-39.6719,-8.7789],[-39.673,-8.7828],[-39.6742,-8.7867],[-39.6915,-8.7968],[-39.6983,-8.798],[-39.705,-8.7991],[-39.7474,-8.7936],[-39.7886,-8.8187],[-39.8014,-8.8183],[-39.8099,-8.8162],[-39.8212,-8.8134],[-39.8727,-8.8222],[-39.8899,-8.8275],[-39.8943,-8.8313],[-39.9012,-8.8491],[-39.9014,-8.8547],[-39.9015,-8.8603],[-39.879,-8.9015],[-39.8736,-8.9309],[-39.9576,-9.0482],[-40.0653,-9.0628],[-40.0708,-9.0699],[-40.0763,-9.077],[-40.1283,-9.1092],[-40.1646,-9.1061],[-40.2273,-9.0557],[-40.2503,-9.0601],[-40.2713,-9.0806],[-40.2863,-9.1169],[-40.2936,-9.1517],[-40.2854,-9.1815],[-40.3074,-9.271],[-40.313,-9.2789],[-40.3187,-9.2869],[-40.3354,-9.327],[-40.335,-9.3402],[-40.3347,-9.3535],[-40.3577,-9.3768],[-40.371,-9.3783],[-40.4205,-9.3522],[-40.4679,-9.4201],[-40.5018,-9.407],[-40.5103,-9.4068],[-40.529,-9.4137],[-40.5619,-9.461],[-40.5733,-9.4665],[-40.5945,-9.467],[-40.6228,-9.4825],[-40.6809,-9.4668],[-40.7127,-9.4503],[-40.7218,-9.4455],[-40.7449,-9.4429],[-40.762,-9.449],[-40.7763,-9.454],[-40.7713,-9.4494],[-40.7669,-9.4453],[-40.7592,-9.4287],[-40.7609,-9.4236],[-40.7646,-9.4128],[-40.752,-9.4073],[-40.7465,-9.4048],[-40.7423,-9.4003],[-40.7369,-9.3365],[-40.742,-9.33],[-40.7551,-9.3133],[-40.739,-9.2962],[-40.729,-9.301],[-40.7197,-9.3055],[-40.6862,-9.2764],[-40.6803,-9.2587],[-40.6941,-9.2331],[-40.667,-9.1587],[-40.6773,-9.1508],[-40.6847,-9.1372],[-40.6961,-9.139],[-40.7075,-9.1408],[-40.7321,-9.1236],[-40.75,-9.1175],[-40.7567,-9.1194],[-40.7565,-9.1133],[-40.7564,-9.1046],[-40.8037,-9.0979],[-40.8116,-9.084],[-40.8196,-9.08],[-40.8512,-8.9521],[-40.921,-8.835],[-40.9282,-8.8378],[-40.9461,-8.8446],[-40.9787,-8.823],[-41.0209,-8.8432],[-41.0359,-8.7855],[-41.1014,-8.7816],[-41.1242,-8.7523],[-41.1133,-8.7036],[-41.2266,-8.7043],[-41.2811,-8.7357],[-41.334,-8.7273],[-41.3483,-8.7153],[-41.3579,-8.7072],[-41.3366,-8.708],[-41.3095,-8.6914],[-41.2872,-8.6606],[-41.2535,-8.6618],[-41.217,-8.6451],[-41.2116,-8.6391],[-41.2063,-8.633],[-41.2072,-8.6138],[-41.2074,-8.6098],[-41.2116,-8.602],[-41.1688,-8.5829],[-41.163,-8.5702],[-41.1518,-8.5456],[-41.1483,-8.5335],[-41.1342,-8.5331],[-41.1321,-8.5354],[-41.1272,-8.5407],[-41.0976,-8.5204],[-41.0786,-8.4721],[-41.0507,-8.4801],[-41.0386,-8.4314],[-41.0206,-8.4252],[-41.007,-8.4205],[-41.0047,-8.4141],[-40.9998,-8.4003],[-40.9805,-8.398],[-40.9263,-8.4458],[-40.914,-8.4358],[-40.9024,-8.4227],[-40.9017,-8.4111],[-40.9015,-8.4077],[-40.9072,-8.3986],[-40.8982,-8.3941],[-40.8941,-8.3921],[-40.8895,-8.3863],[-40.8933,-8.3574],[-40.8707,-8.3581],[-40.8582,-8.3792],[-40.837,-8.3807],[-40.828,-8.3713],[-40.8189,-8.362],[-40.8191,-8.3215],[-40.8017,-8.3197],[-40.792,-8.3187],[-40.7795,-8.3015],[-40.7824,-8.2547],[-40.7089,-8.2232],[-40.6662,-8.1619],[-40.6581,-8.1562],[-40.6531,-8.1565],[-40.6432,-8.1571],[-40.6326,-8.1392],[-40.6113,-8.1463],[-40.6011,-8.1497],[-40.5894,-8.1376],[-40.6035,-8.1032],[-40.5438,-7.9642],[-40.5434,-7.8352],[-40.5473,-7.8283],[-40.5555,-7.8184],[-40.5632,-7.8122],[-40.5744,-7.8067],[-40.6283,-7.7922],[-40.6533,-7.7818],[-40.6725,-7.762],[-40.6732,-7.7613],[-40.6778,-7.7247],[-40.6647,-7.6874],[-40.6474,-7.6477],[-40.644,-7.6073],[-40.648,-7.5995],[-40.652,-7.5916],[-40.694,-7.5376],[-40.7136,-7.4891],[-40.7129,-7.4729],[-40.7122,-7.4717],[-40.7045,-7.4584],[-40.5481,-7.3923],[-40.319,-7.374],[-40.2717,-7.3917],[-40.2461,-7.4333],[-39.9611,-7.3886],[-39.9437,-7.3693],[-39.9152,-7.3378],[-39.6622,-7.3102],[-39.6069,-7.3358],[-39.4785,-7.4457],[-39.3963,-7.4749],[-39.3172,-7.5409],[-39.3119,-7.5694],[-39.2776,-7.6066],[-39.3033,-7.6282],[-39.3065,-7.6647],[-39.2716,-7.6601],[-39.2684,-7.6625],[-39.265,-7.6694],[-39.251,-7.6803],[-39.2522,-7.7045],[-39.2077,-7.6892],[-39.1353,-7.723],[-39.1235,-7.7429],[-39.1059,-7.76],[-39.1022,-7.7707],[-39.0909,-7.8578],[-39.0645,-7.8391],[-39.0589,-7.829],[-39.0534,-7.8189],[-39.026,-7.8242],[-39.0175,-7.8135],[-39.001,-7.8397],[-38.9657,-7.8446],[-38.9396,-7.7946],[-38.9392,-7.7584],[-38.9157,-7.7581],[-38.9166,-7.7535],[-38.9179,-7.7468],[-38.9152,-7.7441],[-38.881,-7.747],[-38.8805,-7.7246],[-38.8749,-7.7178],[-38.8694,-7.7111],[-38.8303,-7.72],[-38.8216,-7.7144],[-38.8146,-7.697],[-38.8193,-7.6644],[-38.7424,-7.6599],[-38.7353,-7.6336],[-38.7147,-7.6215],[-38.6417,-7.6773],[-38.5932,-7.754],[-38.4962,-7.7496],[-38.4956,-7.7415],[-38.4953,-7.7384],[-38.484,-7.7334],[-38.4719,-7.7317],[-38.4636,-7.7305],[-38.4618,-7.7272],[-38.4566,-7.7177],[-38.4092,-7.7301],[-38.3571,-7.6768],[-38.3443,-7.6946],[-38.3204,-7.6976],[-38.3158,-7.7087],[-38.3169,-7.7151],[-38.3116,-7.7159],[-38.3155,-7.7281],[-38.3103,-7.7384],[-38.3018,-7.7448],[-38.3075,-7.7524],[-38.3163,-7.7642],[-38.3041,-7.7632],[-38.2994,-7.7628],[-38.2864,-7.8298],[-38.2382,-7.8303],[-38.1636,-7.7795],[-38.1415,-7.7849],[-38.1173,-7.8208],[-38.0767,-7.8302],[-38.0675,-7.8217],[-38.0661,-7.8178],[-38.0725,-7.8089],[-38.0753,-7.805],[-38.075,-7.7887],[-38.0695,-7.7733],[-38.0691,-7.7723],[-38.0543,-7.7602],[-38.0391,-7.7477],[-38.0041,-7.7776],[-37.971,-7.7769],[-37.9202,-7.7129],[-37.9127,-7.7091],[-37.9087,-7.71],[-37.8939,-7.7132],[-37.9029,-7.6976],[-37.897,-7.6904],[-37.8802,-7.6833],[-37.8581,-7.6532],[-37.7821,-7.6265],[-37.7543,-7.6696],[-37.7517,-7.6639],[-37.7384,-7.6598],[-37.7555,-7.6191],[-37.7283,-7.5793],[-37.7206,-7.5815],[-37.7074,-7.5703],[-37.7097,-7.5591],[-37.7061,-7.5502],[-37.6818,-7.548],[-37.679,-7.5416],[-37.6762,-7.5352],[-37.6593,-7.5223],[-37.6544,-7.5262],[-37.6495,-7.53],[-37.63,-7.5321],[-37.6094,-7.5076],[-37.5328,-7.4726],[-37.5152,-7.4272],[-37.4866,-7.3947],[-37.4908,-7.3846],[-37.4918,-7.3822],[-37.4965,-7.3671],[-37.3853,-7.3563],[-37.367,-7.3463],[-37.3491,-7.3366],[-37.3526,-7.3291],[-37.3561,-7.3217],[-37.3312,-7.2893],[-37.3136,-7.2889],[-37.2878,-7.2877],[-37.284,-7.2837],[-37.2756,-7.2747],[-37.2607,-7.2731],[-37.2325,-7.2747],[-37.1765,-7.3092]]],[[[-32.4071,-3.8378],[-32.3909,-3.8514],[-32.4261,-3.866],[-32.4244,-3.869],[-32.423,-3.8716],[-32.4244,-3.8783],[-32.4676,-3.8774],[-32.4426,-3.8505],[-32.4356,-3.848],[-32.4346,-3.8476],[-32.4071,-3.8378]]],[[[-32.4006,-3.8369],[-32.4,-3.8319],[-32.3985,-3.8306],[-32.3973,-3.8334],[-32.4006,-3.8369]]]]},"alpha2":"BR-PE","centroid":{"lat":-8.3817,"lng":-37.8558},"isState":true},{"type":"Feature","properties":{"name":"Piauí","NAME":"Piauí","sigla":"PI","code":"PI","POSTAL":"PI","ISO_A2":"BR-PI","alpha2":"BR-PI","region":"Nordeste","capital":"Teresina"},"geometry":{"type":"MultiPolygon","coordinates":[[[[-41.7387,-2.8056],[-41.5931,-2.9051],[-41.5585,-2.8979],[-41.5444,-2.9043],[-41.533,-2.9094],[-41.51,-2.9109],[-41.4809,-2.8964],[-41.4386,-2.9097],[-41.3994,-2.9036],[-41.3384,-2.9271],[-41.3223,-2.921],[-41.3187,-2.957],[-41.2719,-2.9709],[-41.2718,-2.9715],[-41.2692,-2.9847],[-41.2567,-3.0043],[-41.2563,-3.0877],[-41.2854,-3.1029],[-41.2851,-3.113],[-41.3188,-3.145],[-41.3221,-3.1794],[-41.4231,-3.3677],[-41.4183,-3.3701],[-41.4104,-3.3661],[-41.4023,-3.362],[-41.4003,-3.3775],[-41.4017,-3.3868],[-41.4032,-3.3962],[-41.3886,-3.412],[-41.3634,-3.4108],[-41.3557,-3.4105],[-41.3476,-3.4143],[-41.3476,-3.4522],[-41.3352,-3.4611],[-41.3293,-3.4655],[-41.3284,-3.4777],[-41.3276,-3.4883],[-41.2988,-3.4907],[-41.3202,-3.4975],[-41.3223,-3.5007],[-41.3237,-3.5029],[-41.3365,-3.5535],[-41.3643,-3.5576],[-41.367,-3.5616],[-41.3702,-3.5668],[-41.3445,-3.5884],[-41.331,-3.6245],[-41.3387,-3.6701],[-41.3433,-3.6756],[-41.3414,-3.6804],[-41.2391,-3.7122],[-41.257,-3.7295],[-41.2595,-3.7484],[-41.2608,-3.7574],[-41.2537,-3.7747],[-41.3004,-3.8259],[-41.2765,-3.8253],[-41.2199,-3.9411],[-41.2489,-3.9895],[-41.2454,-4.0062],[-41.243,-4.0098],[-41.2391,-4.0155],[-41.2449,-4.0201],[-41.254,-4.0273],[-41.2543,-4.0354],[-41.1827,-4.0184],[-41.1818,-4.0241],[-41.1817,-4.0252],[-41.1714,-4.0321],[-41.114,-4.0403],[-41.1428,-4.1239],[-41.118,-4.1649],[-41.1024,-4.1678],[-41.0905,-4.17],[-41.1355,-4.2331],[-41.1198,-4.3302],[-41.1596,-4.3811],[-41.1904,-4.5152],[-41.2216,-4.5671],[-41.227,-4.5674],[-41.2404,-4.5681],[-41.2422,-4.5711],[-41.235,-4.5734],[-41.2248,-4.5766],[-41.2211,-4.58],[-41.229,-4.6197],[-41.1739,-4.6671],[-41.25,-4.7563],[-41.2076,-4.7764],[-41.2408,-4.8214],[-41.2488,-4.8687],[-41.2371,-4.8808],[-41.2277,-4.8906],[-41.2311,-4.898],[-41.2346,-4.9054],[-41.2226,-4.9261],[-41.2203,-4.9372],[-41.1798,-4.9472],[-41.1505,-4.9917],[-41.1371,-4.9846],[-41.1222,-5.0077],[-41.122,-5.0103],[-41.121,-5.0236],[-41.1314,-5.0477],[-41.0966,-5.0528],[-41.0797,-5.0907],[-41.0693,-5.0953],[-41.052,-5.103],[-41.0432,-5.0943],[-41.0399,-5.091],[-41.0336,-5.0907],[-40.9821,-5.1532],[-40.9746,-5.1492],[-40.9732,-5.1492],[-40.9643,-5.1497],[-40.9251,-5.1811],[-40.9217,-5.2261],[-40.9416,-5.2399],[-40.9114,-5.2692],[-40.9239,-5.2745],[-40.9255,-5.294],[-40.9131,-5.3191],[-40.9357,-5.3656],[-40.9112,-5.407],[-40.9421,-5.4199],[-40.9154,-5.4658],[-40.9327,-5.5003],[-40.932,-5.5485],[-40.9199,-5.5612],[-40.914,-5.5673],[-40.9007,-5.6154],[-40.9073,-5.642],[-40.9109,-5.6562],[-40.9207,-5.6598],[-40.9287,-5.6628],[-40.9384,-5.673],[-40.9132,-5.7264],[-40.8971,-5.9009],[-40.8798,-5.918],[-40.8741,-5.9743],[-40.9067,-6.0414],[-40.8729,-6.0559],[-40.8571,-6.1049],[-40.8465,-6.1317],[-40.8518,-6.2238],[-40.7807,-6.3239],[-40.8048,-6.3927],[-40.7917,-6.5125],[-40.7455,-6.5652],[-40.7352,-6.5998],[-40.7284,-6.6086],[-40.7216,-6.6173],[-40.7316,-6.6537],[-40.7098,-6.6757],[-40.6504,-6.6784],[-40.6412,-6.6884],[-40.632,-6.6985],[-40.6067,-6.7137],[-40.5628,-6.7198],[-40.517,-6.7301],[-40.4759,-6.7341],[-40.4318,-6.8126],[-40.3884,-6.7966],[-40.3702,-6.8027],[-40.4281,-6.8639],[-40.4289,-6.9942],[-40.4279,-6.9945],[-40.4107,-6.9987],[-40.4059,-7.0049],[-40.4368,-7.0157],[-40.4304,-7.024],[-40.4266,-7.0291],[-40.4273,-7.0335],[-40.4894,-7.1183],[-40.5118,-7.3014],[-40.5411,-7.3319],[-40.5406,-7.3382],[-40.5402,-7.3445],[-40.5481,-7.3923],[-40.7045,-7.4584],[-40.7122,-7.4717],[-40.7129,-7.4729],[-40.7136,-7.4891],[-40.694,-7.5376],[-40.652,-7.5916],[-40.648,-7.5995],[-40.644,-7.6073],[-40.6474,-7.6477],[-40.6647,-7.6874],[-40.6778,-7.7247],[-40.6732,-7.7613],[-40.6725,-7.762],[-40.6533,-7.7818],[-40.6283,-7.7922],[-40.5744,-7.8067],[-40.5632,-7.8122],[-40.5555,-7.8184],[-40.5473,-7.8283],[-40.5434,-7.8352],[-40.5438,-7.9642],[-40.6035,-8.1032],[-40.5894,-8.1376],[-40.6011,-8.1497],[-40.6113,-8.1463],[-40.6326,-8.1392],[-40.6432,-8.1571],[-40.6531,-8.1565],[-40.6581,-8.1562],[-40.6662,-8.1619],[-40.7089,-8.2232],[-40.7824,-8.2547],[-40.7795,-8.3015],[-40.792,-8.3187],[-40.8017,-8.3197],[-40.8191,-8.3215],[-40.8189,-8.362],[-40.828,-8.3713],[-40.837,-8.3807],[-40.8582,-8.3792],[-40.8707,-8.3581],[-40.8933,-8.3574],[-40.8895,-8.3863],[-40.8941,-8.3921],[-40.8982,-8.3941],[-40.9072,-8.3986],[-40.9015,-8.4077],[-40.9017,-8.4111],[-40.9024,-8.4227],[-40.914,-8.4358],[-40.9263,-8.4458],[-40.9805,-8.398],[-40.9998,-8.4003],[-41.0047,-8.4141],[-41.007,-8.4205],[-41.0206,-8.4252],[-41.0386,-8.4314],[-41.0507,-8.4801],[-41.0786,-8.4721],[-41.0976,-8.5204],[-41.1272,-8.5407],[-41.1321,-8.5354],[-41.1342,-8.5331],[-41.1483,-8.5335],[-41.1518,-8.5456],[-41.163,-8.5702],[-41.1688,-8.5829],[-41.2116,-8.602],[-41.2074,-8.6098],[-41.2072,-8.6138],[-41.2063,-8.633],[-41.2116,-8.6391],[-41.217,-8.6451],[-41.2535,-8.6618],[-41.2872,-8.6606],[-41.3095,-8.6914],[-41.3366,-8.708],[-41.382,-8.7085],[-41.4238,-8.8021],[-41.4277,-8.7994],[-41.4315,-8.7967],[-41.5021,-8.8636],[-41.5101,-8.8763],[-41.5089,-8.8827],[-41.5071,-8.892],[-41.5445,-8.9376],[-41.5444,-8.9407],[-41.5441,-8.9601],[-41.5653,-8.9686],[-41.5675,-8.9616],[-41.5697,-8.9546],[-41.5896,-8.9549],[-41.5965,-8.9585],[-41.6054,-8.957],[-41.6286,-8.9845],[-41.646,-8.9867],[-41.669,-8.9897],[-41.6694,-8.9996],[-41.6695,-9.0031],[-41.6801,-9.0119],[-41.712,-9.0128],[-41.7232,-9.0131],[-41.7348,-9.0943],[-41.7997,-9.1476],[-41.8376,-9.2419],[-41.8701,-9.237],[-41.9175,-9.2781],[-41.9719,-9.2482],[-41.9996,-9.2655],[-42.021,-9.2498],[-42.0661,-9.2556],[-42.1001,-9.2806],[-42.2433,-9.2885],[-42.2504,-9.2942],[-42.2692,-9.3092],[-42.2794,-9.3092],[-42.2895,-9.3091],[-42.3188,-9.3198],[-42.3547,-9.3495],[-42.3568,-9.3622],[-42.3588,-9.374],[-42.3621,-9.3791],[-42.3985,-9.3967],[-42.4207,-9.412],[-42.4425,-9.457],[-42.4875,-9.4613],[-42.4918,-9.493],[-42.5216,-9.5025],[-42.5861,-9.4964],[-42.6212,-9.5408],[-42.6742,-9.5483],[-42.6909,-9.5447],[-42.7095,-9.5315],[-42.7197,-9.5308],[-42.7177,-9.5466],[-42.7165,-9.5559],[-42.7574,-9.5889],[-42.759,-9.5997],[-42.7605,-9.609],[-42.7648,-9.6163],[-42.8022,-9.6217],[-42.8112,-9.6202],[-42.8202,-9.6188],[-42.8367,-9.55],[-42.8455,-9.5494],[-42.866,-9.561],[-42.8705,-9.5635],[-42.9053,-9.526],[-42.9166,-9.5264],[-42.928,-9.5268],[-42.9459,-9.518],[-42.9617,-9.4694],[-42.958,-9.4285],[-42.9715,-9.4077],[-42.9875,-9.4009],[-43.0566,-9.4174],[-43.0581,-9.4061],[-43.0593,-9.3969],[-43.0825,-9.3969],[-43.1196,-9.3721],[-43.1328,-9.3868],[-43.1582,-9.3766],[-43.1647,-9.3911],[-43.1735,-9.4108],[-43.1913,-9.42],[-43.2182,-9.4002],[-43.2784,-9.4242],[-43.299,-9.3955],[-43.3736,-9.351],[-43.4041,-9.3012],[-43.4239,-9.2765],[-43.4275,-9.2722],[-43.441,-9.265],[-43.4613,-9.2614],[-43.4851,-9.2649],[-43.5252,-9.2996],[-43.5742,-9.3177],[-43.6242,-9.3733],[-43.6864,-9.4176],[-43.751,-9.4337],[-43.7693,-9.4416],[-43.8493,-9.5476],[-43.8336,-9.6175],[-43.8416,-9.637],[-43.8281,-9.648],[-43.8262,-9.6494],[-43.7983,-9.6947],[-43.7845,-9.762],[-43.6931,-9.8048],[-43.6528,-9.8386],[-43.677,-9.8861],[-43.7086,-9.9128],[-43.6901,-9.9291],[-43.6892,-9.9387],[-43.6956,-9.9517],[-43.7025,-9.9657],[-43.6619,-10.0039],[-43.6691,-10.0303],[-43.6899,-10.0442],[-43.6911,-10.0589],[-43.6915,-10.0643],[-43.6925,-10.077],[-43.7656,-10.0796],[-43.7787,-10.1801],[-43.7974,-10.2084],[-43.8369,-10.2507],[-43.8378,-10.3034],[-43.9144,-10.3837],[-43.9168,-10.424],[-43.9413,-10.4256],[-43.9521,-10.4251],[-43.9629,-10.4246],[-43.9717,-10.4207],[-43.9915,-10.4119],[-44.0073,-10.4049],[-44.0176,-10.4047],[-44.0177,-10.4047],[-44.0289,-10.416],[-44.0354,-10.4443],[-44.0254,-10.4751],[-44.0506,-10.5058],[-44.0661,-10.5583],[-44.0726,-10.5803],[-44.1102,-10.5968],[-44.1184,-10.6118],[-44.1298,-10.6326],[-44.1651,-10.6425],[-44.2082,-10.6149],[-44.2636,-10.6243],[-44.3113,-10.5602],[-44.316,-10.5561],[-44.3216,-10.5539],[-44.3352,-10.5486],[-44.401,-10.6066],[-44.4529,-10.6073],[-44.4632,-10.6148],[-44.4791,-10.64],[-44.5021,-10.6495],[-44.5774,-10.6264],[-44.6278,-10.6753],[-44.6673,-10.6855],[-44.6673,-10.7596],[-44.6868,-10.7688],[-44.6999,-10.7652],[-44.713,-10.7616],[-44.7508,-10.7817],[-44.7571,-10.7878],[-44.7575,-10.7924],[-44.7585,-10.8044],[-44.7778,-10.8036],[-44.7827,-10.8059],[-44.7876,-10.8081],[-44.8099,-10.8462],[-44.808,-10.8646],[-44.8454,-10.8993],[-44.8632,-10.8858],[-44.9308,-10.9283],[-45.0728,-10.84],[-45.1049,-10.8464],[-45.216,-10.8289],[-45.2174,-10.8229],[-45.2188,-10.817],[-45.2353,-10.8196],[-45.2476,-10.8216],[-45.2714,-10.7741],[-45.2801,-10.7697],[-45.2889,-10.7652],[-45.322,-10.7598],[-45.3578,-10.7318],[-45.3745,-10.6674],[-45.4355,-10.6195],[-45.4468,-10.507],[-45.396,-10.4465],[-45.4146,-10.433],[-45.4241,-10.4261],[-45.4299,-10.3591],[-45.5167,-10.2861],[-45.5259,-10.2364],[-45.53,-10.2337],[-45.5562,-10.2165],[-45.5668,-10.2011],[-45.567,-10.1391],[-45.5789,-10.1215],[-45.5928,-10.1099],[-45.6028,-10.1076],[-45.6862,-10.1533],[-45.7262,-10.1564],[-45.7346,-10.1718],[-45.7264,-10.2067],[-45.7334,-10.2282],[-45.7385,-10.2339],[-45.7436,-10.2395],[-45.7933,-10.2673],[-45.8428,-10.2588],[-45.8774,-10.2389],[-45.9254,-10.2499],[-45.9357,-10.254],[-45.946,-10.2582],[-45.9473,-10.2521],[-45.9549,-10.218],[-45.8781,-10.1099],[-45.8695,-10.0689],[-45.8762,-10.0619],[-45.8798,-10.0582],[-45.8419,-9.9411],[-45.8659,-9.8703],[-45.821,-9.7727],[-45.8199,-9.7397],[-45.8376,-9.696],[-45.8195,-9.6179],[-45.825,-9.6071],[-45.8318,-9.6039],[-45.8362,-9.6019],[-45.841,-9.5619],[-45.8213,-9.519],[-45.7834,-9.4797],[-45.7974,-9.4168],[-45.8237,-9.3745],[-45.8933,-9.3418],[-45.9066,-9.2976],[-45.8955,-9.2811],[-45.9052,-9.1908],[-45.9029,-9.1909],[-45.8993,-9.191],[-45.8967,-9.1861],[-45.9277,-9.1375],[-45.9227,-9.0899],[-45.943,-9.0149],[-45.9804,-8.9664],[-45.9919,-8.9401],[-45.9939,-8.9265],[-45.9672,-8.8755],[-45.9716,-8.8697],[-45.9723,-8.8687],[-45.9711,-8.862],[-45.9451,-8.84],[-45.9603,-8.8185],[-45.9346,-8.7787],[-45.9072,-8.7583],[-45.9057,-8.7587],[-45.8912,-8.7624],[-45.8896,-8.746],[-45.8889,-8.7393],[-45.874,-8.731],[-45.8713,-8.7306],[-45.8629,-8.7294],[-45.8634,-8.724],[-45.8642,-8.7155],[-45.8529,-8.7094],[-45.8521,-8.7097],[-45.8395,-8.7149],[-45.8206,-8.6652],[-45.8112,-8.6557],[-45.8171,-8.654],[-45.8186,-8.6536],[-45.8206,-8.6492],[-45.8151,-8.6328],[-45.8034,-8.6216],[-45.7983,-8.6206],[-45.7971,-8.6126],[-45.7838,-8.6159],[-45.7777,-8.6174],[-45.7652,-8.6092],[-45.7934,-8.584],[-45.7609,-8.5614],[-45.738,-8.5008],[-45.7419,-8.4507],[-45.7302,-8.412],[-45.6871,-8.3552],[-45.6611,-8.2496],[-45.6597,-8.2484],[-45.6077,-8.2046],[-45.6107,-8.1866],[-45.581,-8.1557],[-45.5831,-8.0979],[-45.561,-8.0475],[-45.5753,-8.0294],[-45.5759,-8.0287],[-45.5494,-8.0141],[-45.5667,-7.9967],[-45.5447,-7.9603],[-45.5491,-7.9578],[-45.5494,-7.9576],[-45.5557,-7.9539],[-45.5435,-7.9206],[-45.5232,-7.9118],[-45.5426,-7.8973],[-45.5204,-7.8877],[-45.54,-7.8643],[-45.5246,-7.8565],[-45.5002,-7.7853],[-45.4895,-7.7861],[-45.4924,-7.7767],[-45.4843,-7.7633],[-45.4884,-7.7586],[-45.4887,-7.7583],[-45.4961,-7.7499],[-45.4818,-7.751],[-45.4865,-7.7286],[-45.4683,-7.7129],[-45.4683,-7.7054],[-45.4683,-7.7049],[-45.4685,-7.6887],[-45.4489,-7.6839],[-45.4556,-7.6703],[-45.4348,-7.6753],[-45.4323,-7.6611],[-45.3986,-7.6397],[-45.3937,-7.6126],[-45.3732,-7.6184],[-45.3394,-7.5799],[-45.261,-7.5705],[-45.2564,-7.5653],[-45.2518,-7.5601],[-45.2327,-7.5495],[-45.2177,-7.5675],[-45.155,-7.5131],[-45.1367,-7.5212],[-45.0845,-7.5022],[-45.0445,-7.5108],[-44.9883,-7.4819],[-44.924,-7.4699],[-44.901,-7.4256],[-44.8685,-7.4219],[-44.8163,-7.3608],[-44.7864,-7.3711],[-44.7835,-7.3745],[-44.7805,-7.3778],[-44.7426,-7.3618],[-44.7295,-7.3907],[-44.6876,-7.3941],[-44.6629,-7.3314],[-44.6163,-7.3075],[-44.5637,-7.2271],[-44.5246,-7.2204],[-44.5233,-7.2172],[-44.5143,-7.196],[-44.5004,-7.1843],[-44.3796,-7.1186],[-44.3326,-7.1083],[-44.3226,-7.1138],[-44.3155,-7.1176],[-44.3058,-7.1168],[-44.2748,-7.069],[-44.2616,-6.9983],[-44.256,-6.9983],[-44.2485,-6.9983],[-44.2355,-6.9983],[-44.2056,-6.9631],[-44.201,-6.9321],[-44.1731,-6.9239],[-44.1751,-6.899],[-44.1746,-6.8961],[-44.1741,-6.8932],[-44.1605,-6.8724],[-44.1496,-6.8681],[-44.1388,-6.8637],[-44.1363,-6.8588],[-44.1278,-6.8415],[-44.1195,-6.8324],[-44.1148,-6.838],[-44.1144,-6.8434],[-44.1138,-6.8525],[-44.1086,-6.8572],[-44.1028,-6.8528],[-44.1139,-6.8047],[-44.1096,-6.8031],[-44.0885,-6.8029],[-44.084,-6.8096],[-44.0766,-6.8207],[-44.0693,-6.821],[-44.053,-6.7679],[-43.9608,-6.7415],[-43.9281,-6.7711],[-43.9242,-6.7647],[-43.9185,-6.7554],[-43.9134,-6.7523],[-43.8795,-6.7573],[-43.8534,-6.7352],[-43.8197,-6.7269],[-43.8068,-6.7183],[-43.8024,-6.7124],[-43.795,-6.7025],[-43.7819,-6.7102],[-43.7744,-6.7146],[-43.7678,-6.7087],[-43.7659,-6.707],[-43.7603,-6.7021],[-43.7536,-6.7026],[-43.7283,-6.7044],[-43.7156,-6.6988],[-43.6371,-6.7192],[-43.584,-6.7571],[-43.5604,-6.7495],[-43.5504,-6.762],[-43.5465,-6.7799],[-43.5459,-6.7827],[-43.4949,-6.8089],[-43.4897,-6.8189],[-43.4893,-6.8197],[-43.4816,-6.8347],[-43.4196,-6.8434],[-43.3912,-6.834],[-43.3897,-6.8274],[-43.3875,-6.8173],[-43.3736,-6.8182],[-43.3637,-6.8189],[-43.3561,-6.8083],[-43.3486,-6.7977],[-43.3069,-6.8005],[-43.2783,-6.7962],[-43.2443,-6.766],[-43.2035,-6.7638],[-43.1683,-6.7693],[-43.1523,-6.7824],[-43.1456,-6.7827],[-43.1304,-6.7806],[-43.1047,-6.7704],[-43.0817,-6.7477],[-43.033,-6.7623],[-43.0263,-6.7606],[-43.0008,-6.7541],[-42.9959,-6.7496],[-42.991,-6.7451],[-42.9786,-6.7184],[-42.9493,-6.7045],[-42.9194,-6.6699],[-42.9037,-6.5973],[-42.8852,-6.5733],[-42.8847,-6.5667],[-42.8842,-6.5601],[-42.8891,-6.5381],[-42.8714,-6.5116],[-42.8794,-6.5098],[-42.8847,-6.5085],[-42.8851,-6.505],[-42.8674,-6.4845],[-42.8774,-6.4175],[-42.852,-6.3587],[-42.8315,-6.3424],[-42.8289,-6.337],[-42.8367,-6.325],[-42.849,-6.3308],[-42.8543,-6.3333],[-42.8598,-6.3302],[-42.8503,-6.307],[-42.849,-6.2981],[-42.8466,-6.2821],[-42.8667,-6.2343],[-42.9682,-6.1779],[-42.9716,-6.1725],[-42.9751,-6.1672],[-42.9821,-6.1291],[-43.0496,-6.0994],[-43.0746,-6.0543],[-43.0494,-5.9934],[-43.0813,-5.9608],[-43.099,-5.9007],[-43.0772,-5.8648],[-43.0963,-5.8296],[-43.1009,-5.7651],[-43.0966,-5.7453],[-43.0944,-5.7417],[-43.0879,-5.7417],[-43.0798,-5.7415],[-43.0772,-5.7312],[-43.0877,-5.6828],[-43.0823,-5.6469],[-43.0903,-5.634],[-43.0907,-5.6334],[-43.0986,-5.6328],[-43.0803,-5.5995],[-43.0648,-5.5957],[-43.0484,-5.5916],[-43.0342,-5.5919],[-42.9621,-5.4461],[-42.9496,-5.4427],[-42.9308,-5.4375],[-42.9097,-5.3945],[-42.9043,-5.3916],[-42.8998,-5.3911],[-42.8821,-5.3893],[-42.8259,-5.3466],[-42.8129,-5.2997],[-42.8124,-5.2907],[-42.812,-5.2818],[-42.8271,-5.2334],[-42.7976,-5.1828],[-42.8592,-4.9819],[-42.8544,-4.9366],[-42.8959,-4.8875],[-42.8971,-4.8423],[-42.9494,-4.7903],[-42.9481,-4.7665],[-42.9255,-4.7496],[-42.9203,-4.736],[-42.9542,-4.6891],[-42.8743,-4.5817],[-42.8743,-4.5353],[-42.8501,-4.481],[-42.8537,-4.4768],[-42.8689,-4.4679],[-42.876,-4.4637],[-42.8716,-4.4282],[-42.8795,-4.4198],[-42.8873,-4.4114],[-42.9301,-4.382],[-42.9398,-4.3841],[-42.9504,-4.3865],[-42.9521,-4.3857],[-42.9583,-4.3829],[-42.9629,-4.376],[-42.9624,-4.3537],[-42.9621,-4.3439],[-42.9619,-4.3342],[-42.9764,-4.3081],[-42.9806,-4.3005],[-42.982,-4.294],[-42.9834,-4.2875],[-42.9888,-4.2337],[-42.9356,-4.1614],[-42.9261,-4.1564],[-42.9084,-4.1558],[-42.8879,-4.1551],[-42.9027,-4.124],[-42.8625,-4.0925],[-42.8233,-3.9918],[-42.7975,-3.9962],[-42.7928,-3.9806],[-42.7847,-3.9576],[-42.7385,-3.9253],[-42.7322,-3.9175],[-42.7258,-3.9096],[-42.7216,-3.8826],[-42.7212,-3.8788],[-42.7208,-3.875],[-42.6683,-3.7905],[-42.6828,-3.763],[-42.6707,-3.7412],[-42.6685,-3.729],[-42.6824,-3.7031],[-42.6754,-3.6752],[-42.6242,-3.6259],[-42.6218,-3.6212],[-42.617,-3.6117],[-42.6093,-3.5858],[-42.5721,-3.5691],[-42.562,-3.5554],[-42.533,-3.5176],[-42.5338,-3.5083],[-42.5346,-3.5001],[-42.5292,-3.4921],[-42.5124,-3.4822],[-42.5062,-3.4785],[-42.498,-3.4474],[-42.4917,-3.4481],[-42.4869,-3.4486],[-42.486,-3.467],[-42.4859,-3.4707],[-42.4728,-3.4834],[-42.4661,-3.4847],[-42.4597,-3.4852],[-42.4583,-3.4853],[-42.448,-3.4781],[-42.4479,-3.478],[-42.4319,-3.4543],[-42.4093,-3.4749],[-42.3923,-3.4472],[-42.3764,-3.4517],[-42.3734,-3.4526],[-42.3539,-3.4481],[-42.3304,-3.4335],[-42.2984,-3.4526],[-42.2425,-3.4327],[-42.204,-3.4354],[-42.19,-3.3952],[-42.1852,-3.3922],[-42.1518,-3.3871],[-42.1421,-3.3594],[-42.1342,-3.3564],[-42.1283,-3.3541],[-42.1241,-3.3525],[-42.1274,-3.3443],[-42.128,-3.3426],[-42.1219,-3.3215],[-42.096,-3.3037],[-42.1348,-3.2806],[-42.1154,-3.262],[-41.9998,-3.2407],[-41.9641,-3.1786],[-41.9387,-3.187],[-41.9224,-3.1076],[-41.8239,-3.0241],[-41.8143,-2.9877],[-41.7964,-2.9662],[-41.8029,-2.9449],[-41.8076,-2.9377],[-41.8651,-2.8745],[-41.8612,-2.831],[-41.8506,-2.8266],[-41.8433,-2.8235],[-41.8407,-2.8182],[-41.8441,-2.8104],[-41.8464,-2.8051],[-41.8487,-2.7732],[-41.8137,-2.739],[-41.7387,-2.8056]]]]},"alpha2":"BR-PI","centroid":{"lat":-7.7183,"lng":-42.7289},"isState":true},{"type":"Feature","properties":{"name":"Paraná","NAME":"Paraná","sigla":"PR","code":"PR","POSTAL":"PR","ISO_A2":"BR-PR","alpha2":"BR-PR","region":"Sul","capital":"Curitiba"},"geometry":{"type":"MultiPolygon","coordinates":[[[[-52.0642,-22.5338],[-51.94,-22.5669],[-51.873,-22.6278],[-51.7528,-22.6173],[-51.7347,-22.6249],[-51.7309,-22.6397],[-51.7254,-22.6609],[-51.7177,-22.6685],[-51.6281,-22.658],[-51.5591,-22.6967],[-51.4984,-22.69],[-51.4714,-22.6766],[-51.4458,-22.6528],[-51.4242,-22.653],[-51.4014,-22.6674],[-51.3732,-22.6577],[-51.3328,-22.667],[-51.3215,-22.6699],[-51.3058,-22.6739],[-51.2633,-22.6686],[-51.2466,-22.6847],[-51.2407,-22.6965],[-51.2348,-22.7082],[-51.1544,-22.7524],[-51.1131,-22.7604],[-51.0571,-22.7656],[-51.0036,-22.7922],[-50.9611,-22.7857],[-50.9446,-22.8036],[-50.8904,-22.7953],[-50.8419,-22.8309],[-50.8165,-22.8791],[-50.8042,-22.8855],[-50.796,-22.8898],[-50.7925,-22.8939],[-50.7926,-22.9046],[-50.7928,-22.9052],[-50.8056,-22.9398],[-50.7411,-22.9609],[-50.7293,-22.962],[-50.7093,-22.9529],[-50.6755,-22.9],[-50.6618,-22.8952],[-50.6084,-22.9233],[-50.5765,-22.9035],[-50.5539,-22.9112],[-50.5444,-22.9115],[-50.5409,-22.9116],[-50.5044,-22.9458],[-50.4938,-22.9403],[-50.4872,-22.9369],[-50.4275,-22.9445],[-50.4164,-22.9128],[-50.3953,-22.9066],[-50.3876,-22.9055],[-50.3799,-22.9044],[-50.3397,-22.9476],[-50.2729,-22.9305],[-50.2703,-22.9312],[-50.2677,-22.932],[-50.2461,-22.938],[-50.2427,-22.9469],[-50.2412,-22.9506],[-50.2382,-22.9526],[-50.1828,-22.9533],[-50.1653,-22.9463],[-50.1581,-22.9405],[-50.151,-22.9347],[-50.067,-22.927],[-50.0516,-22.907],[-50.0461,-22.902],[-49.9958,-22.929],[-49.9902,-22.9239],[-49.9936,-22.913],[-49.9973,-22.901],[-49.9857,-22.897],[-49.9646,-22.916],[-49.9628,-22.9232],[-49.9609,-22.9304],[-49.9717,-22.9587],[-49.9647,-22.9663],[-49.9541,-22.9779],[-49.9303,-22.9825],[-49.901,-22.9987],[-49.9111,-23.0506],[-49.8669,-23.0712],[-49.8501,-23.0728],[-49.8496,-23.0726],[-49.8332,-23.0655],[-49.7899,-23.1018],[-49.7509,-23.0973],[-49.7423,-23.0989],[-49.7409,-23.0988],[-49.7266,-23.1079],[-49.73,-23.141],[-49.6778,-23.1646],[-49.6253,-23.2861],[-49.6212,-23.3314],[-49.6371,-23.3492],[-49.5948,-23.3664],[-49.5954,-23.3747],[-49.5899,-23.3823],[-49.5911,-23.3881],[-49.6189,-23.3965],[-49.6049,-23.3939],[-49.6032,-23.4073],[-49.5798,-23.4146],[-49.5803,-23.4311],[-49.5666,-23.4267],[-49.5712,-23.4345],[-49.5685,-23.4398],[-49.5725,-23.4434],[-49.5952,-23.4399],[-49.5981,-23.4767],[-49.6144,-23.4717],[-49.6141,-23.5077],[-49.6189,-23.5062],[-49.6212,-23.5055],[-49.6287,-23.5117],[-49.5997,-23.5351],[-49.6015,-23.5822],[-49.6206,-23.6066],[-49.6058,-23.6245],[-49.6078,-23.6336],[-49.6085,-23.634],[-49.6166,-23.6391],[-49.5494,-23.7032],[-49.554,-23.7209],[-49.5541,-23.7228],[-49.5486,-23.736],[-49.5519,-23.7377],[-49.5603,-23.7334],[-49.5636,-23.7317],[-49.5669,-23.74],[-49.5635,-23.7494],[-49.5715,-23.7546],[-49.5602,-23.7609],[-49.5633,-23.7637],[-49.566,-23.7773],[-49.5696,-23.7781],[-49.5619,-23.8181],[-49.5925,-23.8298],[-49.5921,-23.8357],[-49.5921,-23.8365],[-49.5866,-23.8416],[-49.5953,-23.8377],[-49.5981,-23.8364],[-49.6075,-23.8389],[-49.603,-23.8416],[-49.6006,-23.843],[-49.595,-23.8463],[-49.6102,-23.8512],[-49.5856,-23.8885],[-49.5817,-23.8851],[-49.5731,-23.8775],[-49.5757,-23.8908],[-49.5766,-23.8957],[-49.5565,-23.9222],[-49.5315,-23.9286],[-49.5302,-23.922],[-49.5225,-23.9165],[-49.5138,-23.9233],[-49.5111,-23.9254],[-49.5206,-23.9456],[-49.4994,-23.9588],[-49.5072,-23.9617],[-49.5132,-23.964],[-49.5157,-23.9695],[-49.4932,-23.9771],[-49.4954,-23.9853],[-49.4975,-23.9933],[-49.4801,-24.0057],[-49.4867,-24.0241],[-49.463,-24.0269],[-49.4624,-24.0374],[-49.4624,-24.0374],[-49.453,-24.0527],[-49.4293,-24.0682],[-49.4298,-24.0869],[-49.4172,-24.0911],[-49.4044,-24.0954],[-49.4086,-24.1078],[-49.3931,-24.1145],[-49.3888,-24.1189],[-49.3704,-24.1139],[-49.3368,-24.1372],[-49.3411,-24.2026],[-49.3477,-24.2067],[-49.3554,-24.2115],[-49.3049,-24.2509],[-49.283,-24.3075],[-49.2003,-24.344],[-49.2534,-24.4073],[-49.235,-24.4105],[-49.2522,-24.4336],[-49.2467,-24.4687],[-49.295,-24.5009],[-49.2809,-24.5367],[-49.2918,-24.5438],[-49.2921,-24.5525],[-49.3155,-24.555],[-49.316,-24.5875],[-49.3115,-24.5906],[-49.3033,-24.5963],[-49.3159,-24.6385],[-49.2991,-24.6545],[-49.3036,-24.6576],[-49.3114,-24.6631],[-49.3047,-24.6684],[-49.3048,-24.6721],[-49.2939,-24.6742],[-49.2755,-24.6931],[-49.2084,-24.7003],[-49.1852,-24.6722],[-49.1111,-24.6878],[-49.1095,-24.6809],[-49.1085,-24.6761],[-49.0827,-24.6717],[-49.0553,-24.6821],[-49.0508,-24.679],[-49.045,-24.6656],[-49.0369,-24.6599],[-49.0324,-24.6414],[-49.0394,-24.6434],[-49.0418,-24.64],[-49.0329,-24.634],[-49.0179,-24.6421],[-49.0042,-24.6339],[-49.0093,-24.6577],[-48.9964,-24.6558],[-48.995,-24.656],[-48.9896,-24.6571],[-48.958,-24.6848],[-48.9481,-24.6761],[-48.9451,-24.6734],[-48.9323,-24.6741],[-48.9219,-24.6747],[-48.9148,-24.6824],[-48.9016,-24.6698],[-48.8783,-24.6679],[-48.8649,-24.6668],[-48.851,-24.6741],[-48.8483,-24.6719],[-48.8528,-24.6651],[-48.858,-24.6572],[-48.8528,-24.6557],[-48.8434,-24.6621],[-48.8399,-24.6645],[-48.8327,-24.6587],[-48.8283,-24.6551],[-48.7782,-24.6962],[-48.7686,-24.6948],[-48.7652,-24.6903],[-48.7568,-24.6794],[-48.7526,-24.6819],[-48.7531,-24.6892],[-48.7533,-24.6937],[-48.7033,-24.6801],[-48.6933,-24.6896],[-48.6899,-24.6929],[-48.6895,-24.6901],[-48.6878,-24.677],[-48.6936,-24.6702],[-48.6878,-24.6687],[-48.6765,-24.6711],[-48.6767,-24.6979],[-48.6745,-24.7013],[-48.6608,-24.706],[-48.6577,-24.6916],[-48.6161,-24.6682],[-48.5888,-24.68],[-48.5866,-24.6774],[-48.5814,-24.6711],[-48.5313,-24.7363],[-48.4988,-24.7385],[-48.5163,-24.7796],[-48.5553,-24.8057],[-48.5662,-24.8635],[-48.5464,-24.8733],[-48.5588,-24.9007],[-48.5625,-24.8955],[-48.5632,-24.8944],[-48.5716,-24.8945],[-48.567,-24.9717],[-48.5975,-25.0028],[-48.5822,-25.0511],[-48.5592,-25.0602],[-48.5594,-25.0748],[-48.5594,-25.0775],[-48.5559,-25.0838],[-48.5281,-25.1003],[-48.4828,-25.0527],[-48.4837,-25.0401],[-48.4736,-25.012],[-48.4106,-24.9796],[-48.3943,-24.9905],[-48.3794,-24.9954],[-48.3507,-25.036],[-48.3237,-25.0362],[-48.3332,-25.0701],[-48.2989,-25.0239],[-48.2778,-25.0326],[-48.2512,-24.9782],[-48.2229,-25.0086],[-48.2262,-25.0111],[-48.2315,-25.0149],[-48.2311,-25.0203],[-48.2203,-25.0261],[-48.2145,-25.0292],[-48.2091,-25.0282],[-48.2117,-25.0849],[-48.1812,-25.1333],[-48.1763,-25.1366],[-48.1665,-25.1433],[-48.1564,-25.1441],[-48.1929,-25.1894],[-48.1867,-25.1984],[-48.1144,-25.2502],[-48.0616,-25.2395],[-48.0569,-25.2179],[-48.0231,-25.2305],[-48.1525,-25.3636],[-48.2083,-25.4603],[-48.3093,-25.4928],[-48.2764,-25.5135],[-48.2979,-25.567],[-48.3222,-25.5849],[-48.3803,-25.5955],[-48.4387,-25.6541],[-48.5259,-25.8015],[-48.5347,-25.8495],[-48.5635,-25.8565],[-48.5592,-25.8904],[-48.5904,-25.9764],[-48.633,-25.977],[-48.6429,-25.9558],[-48.6802,-25.9806],[-48.9603,-25.9793],[-48.9534,-25.9863],[-48.9502,-25.9897],[-48.978,-25.9888],[-48.9977,-26.0113],[-49.0201,-26.0156],[-49.022,-26.013],[-49.0292,-26.0034],[-49.0404,-26.0035],[-49.0547,-26.02],[-49.0682,-26.009],[-49.0691,-26.0055],[-49.0706,-25.9992],[-49.0938,-26.0094],[-49.1251,-25.9957],[-49.1408,-26.0151],[-49.1748,-26.0013],[-49.2375,-26.0309],[-49.2655,-26.0785],[-49.294,-26.0845],[-49.2893,-26.1022],[-49.3468,-26.1276],[-49.3698,-26.1555],[-49.4162,-26.1527],[-49.4168,-26.165],[-49.4361,-26.1718],[-49.437,-26.1695],[-49.4393,-26.1637],[-49.4587,-26.1622],[-49.4641,-26.1729],[-49.479,-26.1854],[-49.4864,-26.1801],[-49.4961,-26.2208],[-49.5195,-26.2267],[-49.5397,-26.2133],[-49.5379,-26.2296],[-49.5405,-26.2278],[-49.5452,-26.2246],[-49.5514,-26.2246],[-49.5475,-26.2292],[-49.5489,-26.2307],[-49.5546,-26.2368],[-49.5607,-26.2348],[-49.5668,-26.2328],[-49.5774,-26.2135],[-49.5797,-26.2276],[-49.5903,-26.2297],[-49.5871,-26.217],[-49.5921,-26.2229],[-49.5982,-26.2209],[-49.6018,-26.2272],[-49.6057,-26.2113],[-49.6347,-26.2081],[-49.6332,-26.2069],[-49.6255,-26.2009],[-49.6299,-26.1905],[-49.6452,-26.2091],[-49.6527,-26.1867],[-49.6893,-26.188],[-49.6829,-26.1818],[-49.6763,-26.1755],[-49.6883,-26.1762],[-49.6985,-26.161],[-49.7102,-26.1539],[-49.718,-26.1612],[-49.7273,-26.1699],[-49.7365,-26.1566],[-49.7292,-26.1485],[-49.7244,-26.1432],[-49.7481,-26.1395],[-49.7676,-26.1043],[-49.7756,-26.1013],[-49.7783,-26.1069],[-49.7679,-26.1099],[-49.7722,-26.1165],[-49.7733,-26.1183],[-49.7779,-26.1189],[-49.7818,-26.1113],[-49.7872,-26.1004],[-49.7875,-26.108],[-49.7877,-26.1107],[-49.7925,-26.1127],[-49.7992,-26.1092],[-49.804,-26.1072],[-49.8061,-26.0971],[-49.8079,-26.0877],[-49.8141,-26.0923],[-49.8156,-26.0935],[-49.8242,-26.0925],[-49.8303,-26.0828],[-49.8302,-26.0695],[-49.8302,-26.069],[-49.8304,-26.0692],[-49.8397,-26.0759],[-49.8431,-26.0725],[-49.8333,-26.0667],[-49.8332,-26.0649],[-49.8321,-26.0527],[-49.8352,-26.052],[-49.8395,-26.0595],[-49.8421,-26.0639],[-49.8618,-26.0548],[-49.865,-26.0347],[-49.9348,-26.0317],[-49.9417,-26.0084],[-49.9518,-26.0181],[-49.9527,-26.019],[-49.959,-26.0203],[-49.9475,-26.0305],[-49.9722,-26.0578],[-49.9771,-26.0528],[-49.9658,-26.0401],[-49.9641,-26.0248],[-49.9715,-26.0166],[-49.9906,-26.0118],[-49.9931,-26.0111],[-49.998,-26.0154],[-50.0111,-26.0135],[-50.0058,-26.0448],[-50.0317,-26.0286],[-50.0355,-26.0275],[-50.0393,-26.0265],[-50.0777,-26.0459],[-50.079,-26.0367],[-50.0807,-26.0241],[-50.0843,-26.023],[-50.1206,-26.0639],[-50.1311,-26.0479],[-50.1343,-26.043],[-50.1359,-26.0447],[-50.1491,-26.0579],[-50.152,-26.0508],[-50.1478,-26.0414],[-50.1415,-26.0271],[-50.151,-26.0227],[-50.1637,-26.0265],[-50.1714,-26.0247],[-50.1793,-26.0283],[-50.182,-26.0339],[-50.1554,-26.0416],[-50.182,-26.0785],[-50.2094,-26.0567],[-50.2182,-26.0564],[-50.2184,-26.0566],[-50.2236,-26.0603],[-50.251,-26.0297],[-50.2515,-26.0508],[-50.264,-26.0441],[-50.2678,-26.0421],[-50.3316,-26.0832],[-50.3248,-26.1234],[-50.3327,-26.1222],[-50.3335,-26.1253],[-50.3217,-26.1255],[-50.3231,-26.1344],[-50.367,-26.1117],[-50.3659,-26.1085],[-50.361,-26.0942],[-50.366,-26.0869],[-50.3711,-26.0797],[-50.3991,-26.063],[-50.4029,-26.0572],[-50.4331,-26.0606],[-50.4592,-26.0266],[-50.4681,-26.0271],[-50.471,-26.0208],[-50.4768,-26.0237],[-50.476,-26.0302],[-50.4756,-26.034],[-50.4997,-26.0233],[-50.5491,-26.0389],[-50.5548,-26.0209],[-50.5629,-26.006],[-50.5713,-26.0033],[-50.5912,-26.0216],[-50.5917,-26.0421],[-50.5549,-26.0415],[-50.5505,-26.0442],[-50.5507,-26.045],[-50.5526,-26.0549],[-50.5563,-26.0594],[-50.5861,-26.0692],[-50.5969,-26.07],[-50.6279,-26.0626],[-50.6568,-26.1026],[-50.6513,-26.1166],[-50.6476,-26.126],[-50.7313,-26.2029],[-50.7147,-26.2381],[-50.718,-26.2443],[-50.7318,-26.2493],[-50.745,-26.2459],[-50.7579,-26.2212],[-50.7928,-26.2272],[-50.8255,-26.2459],[-50.8279,-26.2537],[-50.8317,-26.2663],[-50.8385,-26.2708],[-50.8686,-26.2418],[-50.8787,-26.2585],[-50.8801,-26.268],[-50.8815,-26.2776],[-50.8905,-26.2853],[-50.8995,-26.2886],[-50.9005,-26.2882],[-50.9025,-26.2873],[-50.9087,-26.2844],[-50.9076,-26.2511],[-50.9345,-26.2334],[-50.9413,-26.2338],[-50.9433,-26.2417],[-50.9402,-26.2484],[-50.9313,-26.2678],[-50.9372,-26.2789],[-50.9442,-26.282],[-51,-26.23],[-51.0547,-26.2445],[-51.0827,-26.2279],[-51.1045,-26.2749],[-51.2079,-26.2966],[-51.2157,-26.3135],[-51.2197,-26.3171],[-51.2237,-26.3206],[-51.2273,-26.3212],[-51.2428,-26.3236],[-51.2611,-26.3636],[-51.2566,-26.3697],[-51.2522,-26.3759],[-51.2671,-26.3834],[-51.2703,-26.385],[-51.2778,-26.39],[-51.2766,-26.3958],[-51.276,-26.3986],[-51.2763,-26.4015],[-51.2804,-26.4008],[-51.2887,-26.3996],[-51.2973,-26.419],[-51.2912,-26.4366],[-51.2827,-26.441],[-51.2741,-26.4455],[-51.2774,-26.4502],[-51.2799,-26.4537],[-51.2774,-26.4578],[-51.2535,-26.463],[-51.2571,-26.467],[-51.2601,-26.4703],[-51.2551,-26.4721],[-51.2505,-26.4738],[-51.2738,-26.4966],[-51.2466,-26.5382],[-51.2233,-26.5503],[-51.2294,-26.5548],[-51.2282,-26.5617],[-51.2165,-26.569],[-51.2373,-26.604],[-51.236,-26.6057],[-51.2282,-26.6155],[-51.2771,-26.6358],[-51.2829,-26.6535],[-51.3346,-26.6475],[-51.3908,-26.6634],[-51.4054,-26.6757],[-51.3966,-26.682],[-51.3924,-26.685],[-51.3925,-26.6978],[-51.3982,-26.7104],[-51.3982,-26.7104],[-51.411,-26.7168],[-51.4066,-26.7001],[-51.4348,-26.6876],[-51.4637,-26.6266],[-51.4856,-26.6223],[-51.4938,-26.5891],[-51.5096,-26.5817],[-51.5174,-26.5857],[-51.5232,-26.5886],[-51.5297,-26.592],[-51.6146,-26.5905],[-51.6646,-26.5656],[-51.6946,-26.5829],[-51.7341,-26.5743],[-51.79,-26.5885],[-51.7982,-26.5866],[-51.8024,-26.5856],[-51.8181,-26.5796],[-51.8731,-26.5997],[-51.8991,-26.5797],[-51.9278,-26.5844],[-51.9463,-26.5699],[-52.0107,-26.5661],[-52.0323,-26.5404],[-52.0929,-26.5125],[-52.0967,-26.5043],[-52.098,-26.4932],[-52.0992,-26.4823],[-52.1573,-26.4714],[-52.1766,-26.4531],[-52.1851,-26.4449],[-52.2199,-26.4655],[-52.2485,-26.4546],[-52.2823,-26.462],[-52.2837,-26.4584],[-52.2839,-26.4579],[-52.3045,-26.4403],[-52.3762,-26.4401],[-52.3863,-26.4346],[-52.394,-26.4305],[-52.4006,-26.4227],[-52.4025,-26.4277],[-52.4119,-26.4325],[-52.4214,-26.4373],[-52.4608,-26.4394],[-52.5225,-26.4006],[-52.601,-26.4135],[-52.6781,-26.3522],[-52.6998,-26.3564],[-52.7083,-26.3546],[-52.7183,-26.3569],[-52.7213,-26.353],[-52.7251,-26.3478],[-52.7373,-26.3417],[-52.7592,-26.3526],[-52.8475,-26.3435],[-52.8775,-26.36],[-52.95,-26.3618],[-52.9856,-26.347],[-52.9877,-26.3472],[-52.9898,-26.3473],[-53.0052,-26.3563],[-53.0273,-26.3692],[-53.0463,-26.3802],[-53.074,-26.3864],[-53.0901,-26.39],[-53.124,-26.3738],[-53.1453,-26.3452],[-53.184,-26.3434],[-53.2519,-26.2986],[-53.281,-26.2467],[-53.2875,-26.2495],[-53.2997,-26.2562],[-53.3054,-26.2593],[-53.3751,-26.2416],[-53.4607,-26.2947],[-53.4967,-26.3023],[-53.5216,-26.2923],[-53.544,-26.2913],[-53.5512,-26.2923],[-53.5798,-26.2738],[-53.5816,-26.2685],[-53.583,-26.2643],[-53.586,-26.255],[-53.6426,-26.2523],[-53.6506,-26.1935],[-53.7159,-26.1262],[-53.7407,-26.1165],[-53.7263,-26.0662],[-53.7343,-26.0427],[-53.7705,-26.0303],[-53.802,-25.9847],[-53.8165,-25.9891],[-53.8335,-25.9704],[-53.8415,-25.9328],[-53.8374,-25.9315],[-53.8327,-25.9277],[-53.8325,-25.9207],[-53.8289,-25.9243],[-53.8287,-25.9245],[-53.8233,-25.9279],[-53.8226,-25.9174],[-53.8218,-25.9164],[-53.818,-25.9117],[-53.8323,-25.9069],[-53.8296,-25.9061],[-53.8224,-25.9038],[-53.819,-25.8984],[-53.8489,-25.8837],[-53.8232,-25.8719],[-53.8358,-25.8687],[-53.8346,-25.8653],[-53.8322,-25.8587],[-53.8436,-25.8573],[-53.8342,-25.85],[-53.8487,-25.8356],[-53.8378,-25.8159],[-53.8202,-25.816],[-53.8224,-25.7921],[-53.8313,-25.7915],[-53.8314,-25.7915],[-53.8406,-25.7901],[-53.8335,-25.7865],[-53.8334,-25.7864],[-53.8308,-25.7822],[-53.8559,-25.7659],[-53.8335,-25.7503],[-53.8639,-25.7409],[-53.8598,-25.7184],[-53.8766,-25.708],[-53.8644,-25.7047],[-53.8658,-25.6975],[-53.8552,-25.7061],[-53.8418,-25.6876],[-53.8635,-25.659],[-53.8879,-25.6598],[-53.878,-25.6404],[-53.8839,-25.6433],[-53.8858,-25.6442],[-53.8944,-25.6423],[-53.8921,-25.6221],[-53.9119,-25.6355],[-53.9154,-25.616],[-53.9327,-25.6218],[-53.9472,-25.6113],[-53.944,-25.6308],[-53.956,-25.645],[-53.9643,-25.6135],[-53.9742,-25.6145],[-53.9765,-25.6113],[-53.97,-25.5998],[-54.0104,-25.5665],[-54.0496,-25.5845],[-54.0788,-25.5586],[-54.0983,-25.6183],[-54.1226,-25.5708],[-54.096,-25.5187],[-54.0926,-25.5003],[-54.0946,-25.4958],[-54.0992,-25.4949],[-54.1613,-25.5406],[-54.1904,-25.5337],[-54.198,-25.5353],[-54.2061,-25.5424],[-54.2037,-25.5577],[-54.1733,-25.5737],[-54.173,-25.5803],[-54.1754,-25.5825],[-54.178,-25.5843],[-54.23,-25.5624],[-54.2351,-25.593],[-54.2413,-25.5973],[-54.2448,-25.5971],[-54.2494,-25.5967],[-54.2858,-25.5565],[-54.3278,-25.5717],[-54.3459,-25.6069],[-54.3781,-25.5944],[-54.3931,-25.6341],[-54.422,-25.6579],[-54.4291,-25.6948],[-54.4472,-25.6584],[-54.4999,-25.614],[-54.5256,-25.6272],[-54.5403,-25.5946],[-54.5931,-25.5918],[-54.6009,-25.4836],[-54.6173,-25.4525],[-54.5787,-25.3848],[-54.5007,-25.2989],[-54.4662,-25.2013],[-54.4296,-25.1589],[-54.4299,-25.1541],[-54.4312,-25.1365],[-54.4323,-25.1308],[-54.4606,-25.0945],[-54.4413,-24.9486],[-54.3897,-24.7842],[-54.3573,-24.7427],[-54.3249,-24.6607],[-54.317,-24.5901],[-54.3363,-24.5059],[-54.3268,-24.4704],[-54.2576,-24.3624],[-54.2711,-24.3026],[-54.3227,-24.2495],[-54.3409,-24.1287],[-54.2871,-24.0695],[-54.1292,-23.9816],[-54.1099,-23.9608],[-54.1046,-23.9534],[-54.0993,-23.946],[-54.0794,-23.8885],[-54.0838,-23.8647],[-54.0838,-23.8644],[-54.0876,-23.844],[-54.0752,-23.764],[-54.0529,-23.7245],[-53.9823,-23.4595],[-53.7706,-23.3717],[-53.7687,-23.3692],[-53.7614,-23.3593],[-53.7301,-23.3172],[-53.6849,-23.2052],[-53.6361,-23.1246],[-53.6336,-22.998],[-53.6069,-22.9509],[-53.5888,-22.9358],[-53.5795,-22.9319],[-53.5702,-22.928],[-53.5463,-22.8896],[-53.377,-22.8028],[-53.3608,-22.7814],[-53.3574,-22.7792],[-53.354,-22.7769],[-53.3263,-22.7648],[-53.2395,-22.7333],[-53.2014,-22.7283],[-53.1047,-22.6215],[-53.0941,-22.6375],[-53.0873,-22.6579],[-52.9719,-22.57],[-52.9242,-22.5651],[-52.8578,-22.6075],[-52.8443,-22.6087],[-52.8149,-22.5966],[-52.7012,-22.627],[-52.6624,-22.6114],[-52.6027,-22.5707],[-52.5862,-22.566],[-52.5028,-22.6336],[-52.4348,-22.6069],[-52.3043,-22.636],[-52.2499,-22.6149],[-52.2396,-22.6194],[-52.23,-22.6375],[-52.2287,-22.6537],[-52.2277,-22.6648],[-52.223,-22.6738],[-52.1562,-22.6442],[-52.1614,-22.6054],[-52.1611,-22.6014],[-52.1609,-22.5973],[-52.1483,-22.5488],[-52.1349,-22.5274],[-52.1252,-22.5188],[-52.0642,-22.5338]]]]},"alpha2":"BR-PR","centroid":{"lat":-24.89,"lng":-51.55},"isState":true},{"type":"Feature","properties":{"name":"Rio de Janeiro","NAME":"Rio de Janeiro","sigla":"RJ","code":"RJ","POSTAL":"RJ","ISO_A2":"BR-RJ","alpha2":"BR-RJ","region":"Sudeste","capital":"Rio de Janeiro"},"geometry":{"type":"MultiPolygon","coordinates":[[[[-44.5127,-23.2929],[-44.5288,-23.2881],[-44.5405,-23.3054],[-44.5561,-23.3054],[-44.5615,-23.3305],[-44.5911,-23.3622],[-44.5991,-23.3594],[-44.6021,-23.3636],[-44.606,-23.3667],[-44.6065,-23.3524],[-44.6066,-23.3492],[-44.6237,-23.3408],[-44.6267,-23.3466],[-44.6284,-23.35],[-44.6335,-23.3521],[-44.6319,-23.3468],[-44.6316,-23.346],[-44.6293,-23.3386],[-44.6404,-23.3327],[-44.6596,-23.3478],[-44.6757,-23.3356],[-44.6865,-23.3522],[-44.7015,-23.3413],[-44.718,-23.3472],[-44.7311,-23.3592],[-44.73,-23.3605],[-44.724,-23.3676],[-44.7779,-23.3385],[-44.787,-23.2996],[-44.8049,-23.2895],[-44.807,-23.2829],[-44.814,-23.2858],[-44.8262,-23.2907],[-44.8365,-23.2563],[-44.854,-23.2485],[-44.8643,-23.2486],[-44.8746,-23.2487],[-44.8778,-23.2323],[-44.8851,-23.2319],[-44.8885,-23.224],[-44.8726,-23.1838],[-44.8244,-23.161],[-44.8107,-23.1252],[-44.818,-23.0897],[-44.7927,-23.0097],[-44.795,-23.0071],[-44.8022,-22.9986],[-44.7929,-22.9932],[-44.792,-22.9817],[-44.7548,-22.9798],[-44.7434,-22.9471],[-44.7115,-22.9295],[-44.6879,-22.9359],[-44.6776,-22.9229],[-44.6735,-22.9178],[-44.6705,-22.9198],[-44.659,-22.9274],[-44.6066,-22.8852],[-44.5438,-22.8844],[-44.4943,-22.846],[-44.4903,-22.846],[-44.4839,-22.846],[-44.4793,-22.8509],[-44.4666,-22.8846],[-44.413,-22.8477],[-44.3738,-22.8576],[-44.2962,-22.8273],[-44.2695,-22.8298],[-44.2632,-22.8113],[-44.261,-22.8047],[-44.2599,-22.8045],[-44.2451,-22.8021],[-44.2413,-22.7927],[-44.2561,-22.7869],[-44.25,-22.7571],[-44.2268,-22.7335],[-44.2166,-22.7329],[-44.2015,-22.7319],[-44.2033,-22.7157],[-44.1892,-22.7133],[-44.1845,-22.7124],[-44.1779,-22.7072],[-44.1605,-22.6778],[-44.1899,-22.6472],[-44.1866,-22.6415],[-44.1838,-22.6368],[-44.2264,-22.6041],[-44.2853,-22.6092],[-44.3432,-22.5879],[-44.356,-22.6138],[-44.3698,-22.5894],[-44.3617,-22.5827],[-44.3599,-22.5813],[-44.3636,-22.5779],[-44.3712,-22.5796],[-44.384,-22.5732],[-44.3912,-22.5729],[-44.3953,-22.5811],[-44.409,-22.5878],[-44.3981,-22.6025],[-44.4059,-22.6071],[-44.4163,-22.6013],[-44.4247,-22.5993],[-44.4298,-22.598],[-44.4644,-22.6155],[-44.4871,-22.6057],[-44.4855,-22.6095],[-44.4851,-22.6104],[-44.5082,-22.6404],[-44.5145,-22.6297],[-44.5348,-22.637],[-44.537,-22.6319],[-44.5313,-22.6254],[-44.5256,-22.619],[-44.5327,-22.6153],[-44.5367,-22.6168],[-44.5485,-22.6057],[-44.5726,-22.6015],[-44.5766,-22.6102],[-44.5837,-22.6255],[-44.6019,-22.6071],[-44.6043,-22.6139],[-44.6044,-22.614],[-44.6098,-22.6162],[-44.633,-22.6087],[-44.6449,-22.6021],[-44.6467,-22.5841],[-44.6419,-22.5771],[-44.6413,-22.5589],[-44.6473,-22.5523],[-44.6499,-22.5565],[-44.6611,-22.5504],[-44.6659,-22.5535],[-44.677,-22.5605],[-44.6758,-22.5446],[-44.6754,-22.5441],[-44.6705,-22.5392],[-44.68,-22.5257],[-44.7153,-22.5138],[-44.7182,-22.4649],[-44.7269,-22.4467],[-44.7298,-22.4396],[-44.74,-22.4261],[-44.8088,-22.4048],[-44.8036,-22.3933],[-44.7933,-22.3866],[-44.7235,-22.3595],[-44.66,-22.3791],[-44.6257,-22.3356],[-44.6168,-22.3313],[-44.5873,-22.3211],[-44.5328,-22.3299],[-44.4607,-22.2799],[-44.456,-22.2567],[-44.4323,-22.2511],[-44.4235,-22.2552],[-44.414,-22.2537],[-44.3944,-22.2584],[-44.3916,-22.2636],[-44.3914,-22.264],[-44.3872,-22.272],[-44.3605,-22.2526],[-44.3216,-22.2607],[-44.2911,-22.2426],[-44.2638,-22.2437],[-44.2602,-22.2679],[-44.235,-22.2657],[-44.1798,-22.2276],[-44.1637,-22.232],[-44.1488,-22.2132],[-44.1211,-22.2086],[-44.1227,-22.1878],[-44.0997,-22.1728],[-44.0898,-22.1753],[-44.0893,-22.1764],[-44.0866,-22.1831],[-44.0721,-22.1645],[-44.0235,-22.1509],[-44.0175,-22.1544],[-44.0046,-22.1619],[-43.8802,-22.1131],[-43.8799,-22.1083],[-43.8795,-22.1003],[-43.843,-22.0985],[-43.7656,-22.0624],[-43.7601,-22.0805],[-43.7336,-22.0961],[-43.6914,-22.0704],[-43.6815,-22.0711],[-43.6788,-22.0771],[-43.6732,-22.0891],[-43.6522,-22.0666],[-43.6119,-22.0813],[-43.5857,-22.0515],[-43.5841,-22.07],[-43.5622,-22.0873],[-43.5132,-22.0588],[-43.5053,-22.0661],[-43.5057,-22.0678],[-43.5071,-22.074],[-43.462,-22.0722],[-43.3464,-22.0034],[-43.3006,-22.0191],[-43.2461,-22.0065],[-43.222,-22.0311],[-43.2129,-22.0299],[-43.2044,-22.0259],[-43.2026,-22.025],[-43.2028,-22.0258],[-43.2049,-22.0349],[-43.2022,-22.0365],[-43.1979,-22.0349],[-43.1752,-22.0245],[-43.1691,-22.0217],[-43.1307,-22.0295],[-43.1297,-22.035],[-43.1279,-22.0462],[-43.1337,-22.0585],[-43.1501,-22.0711],[-43.1519,-22.0743],[-43.1537,-22.0775],[-43.1446,-22.1001],[-43.1365,-22.1088],[-43.1063,-22.0835],[-43.0891,-22.0874],[-43.0776,-22.0836],[-43.0758,-22.0873],[-43.073,-22.0934],[-43.0322,-22.066],[-43.0382,-22.0466],[-42.9087,-21.99],[-42.8824,-21.9666],[-42.8822,-21.9631],[-42.8821,-21.9596],[-42.5937,-21.8518],[-42.5805,-21.8459],[-42.5813,-21.8412],[-42.582,-21.8372],[-42.3764,-21.748],[-42.3561,-21.7414],[-42.3458,-21.7436],[-42.3354,-21.7458],[-42.2711,-21.7147],[-42.2749,-21.6764],[-42.2787,-21.6783],[-42.283,-21.6804],[-42.3015,-21.6545],[-42.3378,-21.6614],[-42.3463,-21.6425],[-42.3551,-21.647],[-42.3646,-21.6458],[-42.3688,-21.6391],[-42.3605,-21.6307],[-42.3553,-21.6254],[-42.3686,-21.6191],[-42.3255,-21.5695],[-42.3267,-21.5634],[-42.327,-21.5622],[-42.3307,-21.5601],[-42.3181,-21.5548],[-42.31,-21.5514],[-42.3059,-21.529],[-42.2967,-21.5241],[-42.2942,-21.5248],[-42.2857,-21.5272],[-42.2733,-21.5037],[-42.2544,-21.4941],[-42.2523,-21.4898],[-42.2922,-21.4595],[-42.2752,-21.428],[-42.2761,-21.4236],[-42.2787,-21.4101],[-42.2387,-21.4013],[-42.2512,-21.3854],[-42.2295,-21.3661],[-42.2358,-21.3432],[-42.2348,-21.3428],[-42.2237,-21.3375],[-42.2378,-21.3182],[-42.2294,-21.308],[-42.2286,-21.2839],[-42.1893,-21.2494],[-42.2081,-21.1777],[-42.1702,-21.1281],[-42.1702,-21.1141],[-42.1671,-21.1075],[-42.164,-21.101],[-42.1578,-21.1013],[-42.1399,-21.1024],[-42.1007,-21.034],[-42.0933,-21.0368],[-42.093,-21.0367],[-42.0801,-21.0352],[-42.1513,-20.9739],[-42.0932,-20.9358],[-42.023,-20.925],[-41.9763,-20.935],[-41.9543,-20.865],[-41.9258,-20.8376],[-41.935,-20.8281],[-41.9249,-20.8011],[-41.9277,-20.7945],[-41.9156,-20.7923],[-41.9059,-20.7967],[-41.9008,-20.7958],[-41.8745,-20.7663],[-41.8661,-20.7653],[-41.8534,-20.7637],[-41.8281,-20.7961],[-41.8165,-20.8004],[-41.8114,-20.7988],[-41.8066,-20.7971],[-41.8092,-20.8],[-41.8134,-20.8048],[-41.7553,-20.807],[-41.7405,-20.8178],[-41.7413,-20.8714],[-41.7288,-20.8696],[-41.7269,-20.8641],[-41.712,-20.8711],[-41.7186,-20.875],[-41.7226,-20.8835],[-41.7267,-20.8924],[-41.7227,-20.9223],[-41.736,-20.928],[-41.7104,-20.991],[-41.7148,-20.9915],[-41.7157,-20.9916],[-41.7219,-21.0024],[-41.7162,-21.0466],[-41.7286,-21.0501],[-41.7315,-21.0663],[-41.7229,-21.0679],[-41.7213,-21.0731],[-41.7357,-21.1023],[-41.7075,-21.1066],[-41.7176,-21.1233],[-41.6923,-21.1158],[-41.6774,-21.1319],[-41.672,-21.1271],[-41.6712,-21.1265],[-41.6623,-21.1246],[-41.6537,-21.1425],[-41.6131,-21.1551],[-41.6003,-21.1517],[-41.5874,-21.1483],[-41.5653,-21.1822],[-41.558,-21.1724],[-41.548,-21.1824],[-41.5305,-21.1793],[-41.5174,-21.1865],[-41.5137,-21.1788],[-41.5125,-21.1763],[-41.5077,-21.1755],[-41.4788,-21.1818],[-41.4795,-21.1934],[-41.4475,-21.2136],[-41.3771,-21.1952],[-41.3167,-21.2133],[-41.2767,-21.2398],[-41.2409,-21.2207],[-41.1905,-21.248],[-41.1825,-21.2358],[-41.1606,-21.2455],[-41.137,-21.2275],[-41.092,-21.2182],[-41.041,-21.2547],[-41.0329,-21.2502],[-41.0247,-21.2458],[-41.006,-21.2517],[-40.9949,-21.2851],[-40.9852,-21.2865],[-40.9795,-21.2821],[-40.9776,-21.2805],[-40.9572,-21.303],[-40.9602,-21.3609],[-41.064,-21.4869],[-41.0714,-21.5082],[-41.0737,-21.5148],[-41.0562,-21.5851],[-41.01,-21.6115],[-41.0133,-21.6276],[-41.0236,-21.6802],[-41.0257,-21.7206],[-40.9738,-21.9468],[-40.9742,-21.9585],[-40.9746,-21.9701],[-40.9847,-21.9992],[-41.2033,-22.1316],[-41.4827,-22.2115],[-41.6886,-22.2996],[-41.7668,-22.3541],[-41.7675,-22.3884],[-41.8414,-22.4354],[-41.8618,-22.4769],[-41.891,-22.4867],[-41.9324,-22.5375],[-41.9436,-22.5276],[-41.9518,-22.5297],[-41.957,-22.5315],[-41.9604,-22.5342],[-41.9979,-22.6083],[-41.9846,-22.7173],[-41.9554,-22.7321],[-41.9313,-22.7678],[-41.9122,-22.7686],[-41.9096,-22.7619],[-41.9123,-22.7551],[-41.8884,-22.7536],[-41.8735,-22.7373],[-41.8637,-22.754],[-41.8968,-22.7855],[-41.9227,-22.7857],[-41.9297,-22.8129],[-41.9697,-22.821],[-41.97,-22.8216],[-41.9834,-22.8438],[-41.9857,-22.8484],[-41.9809,-22.8724],[-42.0309,-22.9043],[-42.0258,-22.9559],[-41.9966,-22.96],[-42.0188,-22.9708],[-42.0074,-22.9831],[-42.0121,-22.988],[-42.0125,-22.9922],[-42.0129,-22.9973],[-42.0425,-22.9645],[-42.0456,-22.9637],[-42.0763,-22.9552],[-42.5173,-22.9321],[-42.636,-22.9368],[-42.6726,-22.9433],[-42.692,-22.9619],[-42.9941,-22.9692],[-43.0515,-22.9822],[-43.0539,-22.9628],[-43.1353,-22.9383],[-43.1228,-22.923],[-43.1189,-22.927],[-43.1149,-22.9314],[-43.1082,-22.9376],[-43.095,-22.9259],[-43.1168,-22.9052],[-43.1331,-22.9084],[-43.1242,-22.892],[-43.1267,-22.885],[-43.1311,-22.8839],[-43.1347,-22.8828],[-43.114,-22.8805],[-43.0954,-22.827],[-43.0657,-22.8023],[-43.0807,-22.7867],[-43.0697,-22.7791],[-43.0692,-22.7762],[-43.0679,-22.7686],[-43.0264,-22.7418],[-43.0317,-22.692],[-43.0854,-22.6772],[-43.1134,-22.6885],[-43.1269,-22.7138],[-43.1518,-22.7071],[-43.2355,-22.7352],[-43.2777,-22.7804],[-43.2874,-22.8087],[-43.2436,-22.8439],[-43.2375,-22.8767],[-43.2089,-22.8685],[-43.2082,-22.8928],[-43.1958,-22.8897],[-43.1893,-22.8881],[-43.1617,-22.9042],[-43.1802,-22.9475],[-43.15,-22.95],[-43.1907,-22.9904],[-43.2737,-23.0013],[-43.2859,-23.016],[-43.4435,-23.0217],[-43.5357,-23.0514],[-43.5531,-23.0756],[-43.5718,-23.0734],[-43.5596,-23.0459],[-43.5675,-23.0633],[-43.5947,-23.0521],[-43.7114,-23.0556],[-43.6141,-23.0314],[-43.6054,-23.0345],[-43.6027,-23.0398],[-43.5726,-23.0502],[-43.6641,-22.9868],[-43.6771,-22.9806],[-43.6837,-22.9845],[-43.6869,-22.9864],[-43.6898,-22.9919],[-43.7204,-22.9738],[-43.7752,-22.9209],[-43.822,-22.9106],[-43.8193,-22.9207],[-43.8414,-22.9291],[-43.8537,-22.918],[-43.8325,-22.9078],[-43.8364,-22.9031],[-43.8475,-22.9022],[-43.8556,-22.9016],[-43.9098,-22.9301],[-44.0029,-22.9382],[-44.0466,-22.9839],[-44.0526,-22.9813],[-44.0553,-22.98],[-44.0476,-22.9703],[-44.0429,-22.9644],[-44.0416,-22.9627],[-44.0462,-22.9382],[-44.0831,-22.959],[-44.0817,-22.9915],[-44.1097,-23.0229],[-44.1522,-23.0402],[-44.1537,-23.0377],[-44.1566,-23.0329],[-44.1656,-23.0322],[-44.1937,-23.0544],[-44.1998,-23.0383],[-44.237,-23.0564],[-44.2436,-23.0539],[-44.2455,-23.0493],[-44.2502,-23.0499],[-44.2214,-23.0171],[-44.248,-22.9959],[-44.2901,-23.0239],[-44.2982,-23.0257],[-44.3056,-23.023],[-44.304,-23.0022],[-44.3503,-23.03],[-44.3621,-23.0176],[-44.3542,-22.9984],[-44.328,-22.9935],[-44.299,-22.9577],[-44.3358,-22.9639],[-44.3196,-22.9371],[-44.3444,-22.9216],[-44.3636,-22.9234],[-44.3696,-22.9445],[-44.3495,-22.9456],[-44.3836,-22.9718],[-44.3867,-22.9689],[-44.3836,-22.9654],[-44.3781,-22.9592],[-44.3921,-22.95],[-44.4118,-22.9414],[-44.4134,-22.9456],[-44.4224,-22.9502],[-44.4404,-22.9911],[-44.4252,-22.9976],[-44.4459,-23.0115],[-44.4307,-23.0203],[-44.4389,-23.0243],[-44.4446,-23.0269],[-44.4759,-23.0064],[-44.5047,-23.0297],[-44.511,-23.0265],[-44.5193,-23.0266],[-44.5294,-23.0276],[-44.599,-23.0631],[-44.5963,-23.0454],[-44.6676,-23.0536],[-44.6959,-23.1023],[-44.6878,-23.1268],[-44.7049,-23.1555],[-44.6984,-23.1741],[-44.7171,-23.1848],[-44.7122,-23.2334],[-44.6586,-23.2071],[-44.6429,-23.1853],[-44.6432,-23.1899],[-44.6433,-23.1916],[-44.6434,-23.1957],[-44.6167,-23.2043],[-44.6265,-23.2127],[-44.6266,-23.2128],[-44.6241,-23.2211],[-44.6406,-23.2187],[-44.6364,-23.2107],[-44.651,-23.2216],[-44.6624,-23.2143],[-44.6549,-23.2271],[-44.6921,-23.2527],[-44.6132,-23.2341],[-44.6554,-23.2953],[-44.6491,-23.2975],[-44.6454,-23.2987],[-44.6399,-23.3005],[-44.6425,-23.2954],[-44.6455,-23.2904],[-44.5963,-23.2346],[-44.5599,-23.2271],[-44.5837,-23.2663],[-44.5365,-23.2675],[-44.5127,-23.2929]],[[-43.3598,-22.9933],[-43.3015,-23.009],[-43.3635,-22.9736],[-43.3939,-22.9832],[-43.397,-22.9805],[-43.4035,-22.9748],[-43.4056,-22.9794],[-43.4084,-22.9824],[-43.4125,-22.9854],[-43.3889,-22.9931],[-43.3808,-22.9779],[-43.3488,-22.9836],[-43.3598,-22.9933]]],[[[-44.2332,-23.0894],[-44.2093,-23.0924],[-44.2099,-23.0985],[-44.1956,-23.0983],[-44.2159,-23.1093],[-44.197,-23.1218],[-44.1694,-23.1185],[-44.1646,-23.1416],[-44.1271,-23.1196],[-44.1406,-23.1563],[-44.1147,-23.1483],[-44.095,-23.1747],[-44.1318,-23.1873],[-44.1294,-23.1703],[-44.1589,-23.1715],[-44.1707,-23.1846],[-44.1858,-23.1805],[-44.1825,-23.1949],[-44.1925,-23.2011],[-44.1966,-23.2036],[-44.1973,-23.1974],[-44.2035,-23.1941],[-44.2071,-23.1922],[-44.2513,-23.2045],[-44.2563,-23.1891],[-44.2715,-23.1967],[-44.2734,-23.1796],[-44.3021,-23.1776],[-44.3177,-23.1858],[-44.3335,-23.223],[-44.3488,-23.2261],[-44.3416,-23.1814],[-44.3577,-23.1906],[-44.3773,-23.1718],[-44.3268,-23.1544],[-44.2952,-23.1141],[-44.2963,-23.1259],[-44.2968,-23.1317],[-44.291,-23.1316],[-44.29,-23.1368],[-44.2844,-23.1361],[-44.2752,-23.117],[-44.2495,-23.1093],[-44.251,-23.1009],[-44.2511,-23.0998],[-44.2591,-23.0993],[-44.2332,-23.0894]]],[[[-43.8279,-23.0573],[-43.778,-23.0605],[-43.9864,-23.1018],[-44.008,-23.0926],[-44.0082,-23.0886],[-44.0079,-23.0816],[-44.0121,-23.0778],[-43.9548,-23.0396],[-43.8847,-23.067],[-43.8806,-23.0414],[-43.8882,-23.0377],[-43.9025,-23.0308],[-43.9071,-23.0261],[-43.8279,-23.0573]]],[[[-43.1825,-22.781],[-43.1571,-22.7782],[-43.1812,-22.8031],[-43.1642,-22.8225],[-43.1678,-22.8264],[-43.1698,-22.8286],[-43.1721,-22.8303],[-43.2094,-22.8148],[-43.243,-22.8323],[-43.2636,-22.8102],[-43.2438,-22.807],[-43.2289,-22.7827],[-43.1914,-22.7959],[-43.1825,-22.781]]],[[[-43.9134,-22.939],[-43.8677,-22.9256],[-43.8729,-22.9469],[-43.8963,-22.9578],[-43.9055,-22.9578],[-43.9095,-22.9554],[-43.9134,-22.939]]],[[[-43.2379,-22.8616],[-43.2426,-22.8371],[-43.2348,-22.839],[-43.229,-22.8365],[-43.2141,-22.8662],[-43.2379,-22.8616]]],[[[-43.9293,-23.0067],[-43.934,-23.0147],[-43.9369,-23.0045],[-43.9367,-22.9978],[-43.9313,-22.9953],[-43.9277,-22.9889],[-43.92,-22.9873],[-43.9169,-22.9933],[-43.9255,-23],[-43.9293,-23.0067]]],[[[-44.5882,-23.2062],[-44.5838,-23.2037],[-44.5859,-23.209],[-44.5881,-23.211],[-44.5991,-23.2168],[-44.6026,-23.2226],[-44.6131,-23.2237],[-44.6186,-23.2227],[-44.6193,-23.2226],[-44.6188,-23.2223],[-44.6044,-23.2152],[-44.5937,-23.2022],[-44.5882,-23.2062]]],[[[-44.0459,-22.9996],[-44.0393,-22.9975],[-44.0345,-22.9959],[-44.0308,-23.0039],[-44.0295,-23.0069],[-44.0377,-23.0107],[-44.0424,-23.0059],[-44.0471,-23.0107],[-44.0459,-22.9996]]],[[[-44.6874,-23.1642],[-44.6918,-23.1694],[-44.695,-23.1603],[-44.6941,-23.156],[-44.6895,-23.154],[-44.6836,-23.1516],[-44.6817,-23.1572],[-44.6874,-23.1642]]],[[[-41.6983,-22.4101],[-41.6949,-22.4167],[-41.7022,-22.4163],[-41.7054,-22.4104],[-41.7054,-22.4072],[-41.6971,-22.4029],[-41.6936,-22.4073],[-41.6983,-22.4101]]],[[[-44.5127,-23.2929],[-44.5052,-23.2914],[-44.5024,-23.2963],[-44.5093,-23.3014],[-44.5127,-23.2929]]],[[[-43.1105,-22.7615],[-43.1085,-22.7585],[-43.1047,-22.7623],[-43.1028,-22.7647],[-43.1084,-22.7693],[-43.1128,-22.7673],[-43.1105,-22.7615]]],[[[-43.1085,-22.7585],[-43.1118,-22.7533],[-43.1083,-22.7477],[-43.1044,-22.7484],[-43.1029,-22.7527],[-43.105,-22.7552],[-43.1085,-22.7585]]],[[[-43.1774,-22.8956],[-43.1746,-22.8928],[-43.167,-22.895],[-43.1717,-22.8977],[-43.1774,-22.8956]]],[[[-44.6447,-23.0738],[-44.6423,-23.0679],[-44.64,-23.0697],[-44.6356,-23.068],[-44.6416,-23.0745],[-44.6447,-23.0738]]],[[[-43.8612,-22.9524],[-43.8602,-22.9496],[-43.8559,-22.9498],[-43.858,-22.9545],[-43.8634,-22.9553],[-43.8612,-22.9524]]],[[[-41.6868,-22.4017],[-41.6904,-22.4023],[-41.6912,-22.3987],[-41.6857,-22.3966],[-41.6868,-22.4017]]],[[[-44.5838,-23.2037],[-44.5837,-23.2005],[-44.5805,-23.1985],[-44.5791,-23.203],[-44.5838,-23.2037]]],[[[-44.5763,-23.186],[-44.5731,-23.1835],[-44.5728,-23.1889],[-44.5764,-23.1898],[-44.5763,-23.186]]],[[[-43.91,-22.983],[-43.9129,-22.983],[-43.9143,-22.9798],[-43.9081,-22.9794],[-43.91,-22.983]]],[[[-44.6463,-23.2268],[-44.6397,-23.2282],[-44.649,-23.2306],[-44.6463,-23.2268]]],[[[-41.8866,-22.7769],[-41.8838,-22.7801],[-41.8824,-22.7827],[-41.8818,-22.7839],[-41.8837,-22.7842],[-41.885,-22.7843],[-41.8866,-22.7769]]],[[[-44.1292,-23.0354],[-44.1237,-23.0396],[-44.1288,-23.0408],[-44.1292,-23.0354]]],[[[-43.9201,-22.9416],[-43.9134,-22.939],[-43.9161,-22.9421],[-43.9204,-22.9445],[-43.9201,-22.9416]]],[[[-43.5144,-23.0653],[-43.5114,-23.0607],[-43.5084,-23.0645],[-43.5144,-23.0653]]],[[[-43.1482,-23.0599],[-43.1422,-23.0654],[-43.1467,-23.0651],[-43.1482,-23.0599]]],[[[-44.6397,-23.2282],[-44.6365,-23.2238],[-44.6336,-23.2253],[-44.6397,-23.2282]]],[[[-43.9437,-23.0233],[-43.947,-23.0239],[-43.9437,-23.0196],[-43.9437,-23.0233]]],[[[-44.6928,-23.2154],[-44.6894,-23.2144],[-44.6908,-23.218],[-44.6928,-23.2154]]],[[[-43.9538,-23.005],[-43.9502,-23.0057],[-43.9517,-23.0082],[-43.9538,-23.005]]],[[[-43.2079,-23.0405],[-43.2063,-23.038],[-43.2022,-23.0374],[-43.2079,-23.0405]]],[[[-44.6724,-23.0994],[-44.6719,-23.0962],[-44.6691,-23.0977],[-44.6724,-23.0994]]],[[[-43.9537,-23.025],[-43.9527,-23.0221],[-43.9507,-23.0249],[-43.9537,-23.025]]],[[[-43.8612,-22.9469],[-43.8602,-22.9496],[-43.8632,-22.9493],[-43.8612,-22.9469]]],[[[-44.6751,-23.1111],[-44.6724,-23.1119],[-44.6747,-23.114],[-44.6751,-23.1111]]]]},"alpha2":"BR-RJ","centroid":{"lat":-22.181,"lng":-42.66},"isState":true},{"type":"Feature","properties":{"name":"Rio Grande do Norte","NAME":"Rio Grande do Norte","sigla":"RN","code":"RN","POSTAL":"RN","ISO_A2":"BR-RN","alpha2":"BR-RN","region":"Nordeste","capital":"Natal"},"geometry":{"type":"MultiPolygon","coordinates":[[[[-37.1517,-4.9354],[-37.0976,-4.9245],[-37.0384,-4.9507],[-36.9622,-4.9194],[-36.9212,-4.9474],[-36.9009,-4.9505],[-36.8963,-4.9501],[-36.8812,-4.9486],[-36.799,-5.0384],[-36.7324,-5.0595],[-36.7342,-5.0625],[-36.735,-5.0638],[-36.7226,-5.075],[-36.7037,-5.0648],[-36.6895,-5.0919],[-36.6282,-5.0888],[-36.6226,-5.0806],[-36.6215,-5.079],[-36.6194,-5.076],[-36.5584,-5.0835],[-36.4829,-5.0617],[-36.3691,-5.0903],[-36.3443,-5.0819],[-36.308,-5.1025],[-36.297,-5.0936],[-36.2924,-5.0899],[-36.2894,-5.0874],[-36.1513,-5.095],[-36.0361,-5.0505],[-35.9743,-5.0416],[-35.8821,-5.0673],[-35.7836,-5.0754],[-35.6348,-5.1211],[-35.6166,-5.1119],[-35.4886,-5.158],[-35.3886,-5.2567],[-35.3535,-5.3582],[-35.3096,-5.3914],[-35.2882,-5.4598],[-35.2607,-5.4804],[-35.2443,-5.5572],[-35.226,-5.5835],[-35.218,-5.6708],[-35.1927,-5.6982],[-35.1938,-5.7023],[-35.1992,-5.7219],[-35.2043,-5.7405],[-35.1804,-5.8017],[-35.1803,-5.8089],[-35.18,-5.8256],[-35.1792,-5.8678],[-35.1542,-5.8834],[-35.1457,-5.9629],[-35.1382,-5.9648],[-35.1351,-5.9656],[-35.1286,-5.9673],[-35.1068,-6.0059],[-35.094,-6.1818],[-35.0717,-6.2212],[-35.0368,-6.2356],[-35.0297,-6.344],[-35.0218,-6.3621],[-35.0179,-6.3678],[-34.9917,-6.3729],[-34.9691,-6.4878],[-35.028,-6.5051],[-35.0341,-6.5134],[-35.0364,-6.5167],[-35.0572,-6.5274],[-35.095,-6.4973],[-35.1452,-6.5523],[-35.1698,-6.558],[-35.1935,-6.5497],[-35.199,-6.5495],[-35.2225,-6.516],[-35.2318,-6.5314],[-35.2741,-6.5435],[-35.3303,-6.5439],[-35.3355,-6.5411],[-35.3408,-6.5382],[-35.364,-6.5116],[-35.4417,-6.4785],[-35.4767,-6.4864],[-35.5248,-6.4757],[-35.5585,-6.4924],[-35.5643,-6.4914],[-35.5637,-6.4871],[-35.5805,-6.4861],[-35.5997,-6.4602],[-35.6579,-6.4456],[-35.7729,-6.4824],[-35.9772,-6.4885],[-36.0049,-6.4807],[-36.0128,-6.4546],[-36.0796,-6.4048],[-36.1108,-6.4285],[-36.2493,-6.437],[-36.2507,-6.404],[-36.2952,-6.393],[-36.298,-6.3784],[-36.2944,-6.3705],[-36.2781,-6.3454],[-36.2786,-6.3171],[-36.2794,-6.3085],[-36.2949,-6.2932],[-36.3034,-6.2848],[-36.3072,-6.2811],[-36.3435,-6.302],[-36.3585,-6.3081],[-36.3622,-6.3096],[-36.3941,-6.2936],[-36.4299,-6.3619],[-36.4371,-6.3616],[-36.4444,-6.3613],[-36.4994,-6.3578],[-36.5287,-6.4467],[-36.5254,-6.5008],[-36.4822,-6.5191],[-36.4805,-6.5275],[-36.4779,-6.5403],[-36.443,-6.5603],[-36.4407,-6.5996],[-36.4354,-6.6255],[-36.4601,-6.634],[-36.5075,-6.5951],[-36.5134,-6.594],[-36.5241,-6.5993],[-36.5573,-6.7104],[-36.504,-6.7558],[-36.5024,-6.7665],[-36.5009,-6.7772],[-36.5065,-6.8126],[-36.5694,-6.8476],[-36.5675,-6.8744],[-36.6094,-6.9364],[-36.6877,-6.9266],[-36.7111,-6.9775],[-36.7111,-6.9776],[-36.7181,-6.9823],[-36.7658,-6.9352],[-36.7298,-6.836],[-36.769,-6.8384],[-36.7723,-6.7867],[-36.7799,-6.7798],[-36.7875,-6.773],[-36.8346,-6.7307],[-36.896,-6.752],[-36.9096,-6.7567],[-36.9369,-6.7722],[-36.9375,-6.7727],[-36.9567,-6.7901],[-36.9587,-6.7829],[-36.957,-6.7808],[-36.9522,-6.7748],[-36.9613,-6.7739],[-36.9641,-6.7737],[-36.9692,-6.769],[-36.9729,-6.7573],[-36.9714,-6.7402],[-36.9772,-6.7215],[-37.0018,-6.7092],[-37.059,-6.749],[-37.1288,-6.7659],[-37.1903,-6.825],[-37.2342,-6.8242],[-37.2547,-6.8107],[-37.257,-6.78],[-37.2664,-6.7722],[-37.2727,-6.7671],[-37.2706,-6.7629],[-37.2684,-6.7587],[-37.2635,-6.7318],[-37.2795,-6.7238],[-37.2898,-6.7126],[-37.2864,-6.7026],[-37.2833,-6.6935],[-37.4843,-6.7096],[-37.4658,-6.6596],[-37.4725,-6.6485],[-37.4737,-6.6466],[-37.4768,-6.6415],[-37.4827,-6.55],[-37.4758,-6.5424],[-37.4689,-6.5348],[-37.4163,-6.5316],[-37.3965,-6.5138],[-37.3905,-6.4524],[-37.3817,-6.4365],[-37.3957,-6.4008],[-37.3642,-6.3238],[-37.3562,-6.3196],[-37.334,-6.3078],[-37.3278,-6.3028],[-37.3211,-6.2865],[-37.3184,-6.28],[-37.2743,-6.281],[-37.2702,-6.2513],[-37.2511,-6.2261],[-37.233,-6.2139],[-37.2257,-6.2119],[-37.2032,-6.2058],[-37.1939,-6.198],[-37.1925,-6.1827],[-37.1653,-6.17],[-37.1574,-6.1539],[-37.1565,-6.1521],[-37.1747,-6.1418],[-37.1735,-6.0476],[-37.2547,-6.0279],[-37.2632,-6.046],[-37.2676,-6.0506],[-37.2721,-6.0553],[-37.2865,-6.0576],[-37.2919,-6.0541],[-37.2985,-6.0498],[-37.354,-6.0861],[-37.3712,-6.0824],[-37.3784,-6.0847],[-37.3827,-6.0868],[-37.3932,-6.109],[-37.4453,-6.1118],[-37.4535,-6.1197],[-37.4586,-6.1446],[-37.536,-6.1524],[-37.5367,-6.1551],[-37.5396,-6.1655],[-37.5605,-6.1645],[-37.5655,-6.1591],[-37.5692,-6.1551],[-37.6463,-6.189],[-37.7087,-6.1769],[-37.7488,-6.1934],[-37.7745,-6.2312],[-37.7666,-6.2337],[-37.7643,-6.2344],[-37.7613,-6.2384],[-37.7697,-6.2424],[-37.776,-6.2454],[-37.7707,-6.2482],[-37.7601,-6.2537],[-37.7701,-6.2652],[-37.771,-6.2727],[-37.7576,-6.2873],[-37.7573,-6.2904],[-37.81,-6.2913],[-37.8236,-6.3056],[-37.8208,-6.3081],[-37.8143,-6.3137],[-37.8333,-6.3214],[-37.8428,-6.3327],[-37.8409,-6.3347],[-37.8339,-6.342],[-37.8437,-6.354],[-37.8411,-6.3626],[-37.8539,-6.3659],[-37.8594,-6.3745],[-37.8878,-6.364],[-37.8881,-6.3868],[-37.8839,-6.3913],[-37.8859,-6.3966],[-37.9276,-6.4211],[-37.9431,-6.4222],[-37.9464,-6.4181],[-37.9548,-6.4077],[-37.955,-6.3978],[-37.9787,-6.4263],[-37.9837,-6.4264],[-37.9909,-6.4266],[-38.0133,-6.427],[-38.0123,-6.4679],[-38.0402,-6.4727],[-38.0366,-6.4619],[-38.0359,-6.4596],[-38.0435,-6.4516],[-38.0453,-6.4411],[-38.0511,-6.442],[-38.1153,-6.5213],[-38.1351,-6.5181],[-38.1394,-6.5088],[-38.1475,-6.4911],[-38.1871,-6.4988],[-38.2388,-6.4799],[-38.2505,-6.4853],[-38.2561,-6.4828],[-38.2883,-6.5052],[-38.3292,-6.4596],[-38.3733,-6.4554],[-38.3747,-6.437],[-38.4007,-6.4096],[-38.4132,-6.4117],[-38.4257,-6.4137],[-38.4413,-6.406],[-38.4476,-6.403],[-38.451,-6.3925],[-38.4654,-6.396],[-38.4692,-6.3965],[-38.4858,-6.3984],[-38.4895,-6.3648],[-38.4572,-6.3293],[-38.505,-6.3561],[-38.5151,-6.3474],[-38.5172,-6.3456],[-38.5336,-6.342],[-38.564,-6.3558],[-38.5639,-6.3519],[-38.5732,-6.3484],[-38.5767,-6.347],[-38.5812,-6.3307],[-38.581,-6.3232],[-38.5809,-6.3158],[-38.574,-6.3096],[-38.5656,-6.3022],[-38.5782,-6.2798],[-38.5279,-6.237],[-38.5193,-6.2227],[-38.528,-6.2142],[-38.5289,-6.2134],[-38.5268,-6.193],[-38.5154,-6.1919],[-38.5009,-6.1906],[-38.4421,-6.0977],[-38.4436,-6.0938],[-38.4469,-6.0849],[-38.4007,-6.0532],[-38.3827,-6.0526],[-38.3649,-6.0881],[-38.3558,-6.0841],[-38.3507,-6.0819],[-38.347,-6.0803],[-38.3468,-6.076],[-38.3464,-6.0669],[-38.3044,-6.0866],[-38.2904,-6.0728],[-38.2766,-6.0696],[-38.2522,-6.0427],[-38.2441,-5.9991],[-38.1643,-5.9457],[-38.1631,-5.9385],[-38.1635,-5.9299],[-38.1635,-5.9297],[-38.1246,-5.8872],[-38.1159,-5.8476],[-38.1161,-5.8463],[-38.1185,-5.8325],[-38.0467,-5.73],[-38.0886,-5.7277],[-38.0893,-5.7145],[-38.0825,-5.698],[-38.0823,-5.6722],[-38.0339,-5.6368],[-37.9896,-5.5554],[-37.956,-5.5384],[-37.9512,-5.535],[-37.9464,-5.5316],[-37.9438,-5.5263],[-37.9322,-5.5027],[-37.9016,-5.4971],[-37.8601,-5.4063],[-37.8589,-5.3954],[-37.8606,-5.387],[-37.8629,-5.376],[-37.8471,-5.3396],[-37.7827,-5.2944],[-37.7896,-5.2106],[-37.7759,-5.1867],[-37.7646,-5.1392],[-37.733,-5.1003],[-37.7293,-5.0803],[-37.7237,-5.0695],[-37.7116,-5.0617],[-37.6897,-5.0562],[-37.6773,-5.053],[-37.6763,-5.0501],[-37.6753,-5.0472],[-37.6399,-4.926],[-37.2516,-4.832],[-37.21,-4.8945],[-37.1517,-4.9354]]]]},"alpha2":"BR-RN","centroid":{"lat":-5.4026,"lng":-36.9541},"isState":true},{"type":"Feature","properties":{"name":"Rondônia","NAME":"Rondônia","sigla":"RO","code":"RO","POSTAL":"RO","ISO_A2":"BR-RO","alpha2":"BR-RO","region":"Norte","capital":"Porto Velho"},"geometry":{"type":"MultiPolygon","coordinates":[[[[-66.4589,-9.8752],[-66.4805,-9.868],[-66.4906,-9.882],[-66.5284,-9.8848],[-66.5433,-9.877],[-66.581,-9.9045],[-66.806,-9.8141],[-66.7802,-9.791],[-66.7769,-9.7683],[-66.7818,-9.7582],[-66.775,-9.7527],[-66.725,-9.7557],[-66.6091,-9.6645],[-66.5922,-9.6708],[-66.5859,-9.6732],[-66.5002,-9.6332],[-66.4985,-9.6296],[-66.4967,-9.626],[-66.4945,-9.6012],[-66.392,-9.5001],[-66.3896,-9.4552],[-66.4143,-9.4216],[-66.4136,-9.4133],[-66.4085,-9.4066],[-66.3883,-9.418],[-66.3744,-9.426],[-66.3185,-9.4196],[-66.3071,-9.4364],[-66.2913,-9.435],[-66.2838,-9.4318],[-66.2875,-9.4201],[-66.29,-9.4121],[-66.2674,-9.4094],[-66.243,-9.429],[-66.1732,-9.434],[-66.1235,-9.4084],[-66.0593,-9.4178],[-66.0341,-9.4002],[-65.9699,-9.4128],[-65.9122,-9.4834],[-65.8976,-9.4887],[-65.8805,-9.4871],[-65.8462,-9.516],[-65.8466,-9.5206],[-65.8478,-9.5319],[-65.8404,-9.5337],[-65.8367,-9.5328],[-65.8246,-9.5297],[-65.8191,-9.555],[-65.8176,-9.5619],[-65.7911,-9.5853],[-65.7776,-9.5771],[-65.7739,-9.5711],[-65.7703,-9.565],[-65.7611,-9.5673],[-65.7561,-9.5686],[-65.7545,-9.5645],[-65.7499,-9.5532],[-65.7231,-9.5587],[-65.6806,-9.5],[-65.6801,-9.4849],[-65.679,-9.451],[-65.6494,-9.4469],[-65.5963,-9.4135],[-65.5061,-9.4473],[-65.4923,-9.4733],[-65.4765,-9.4723],[-65.4723,-9.4661],[-65.4674,-9.4589],[-65.4601,-9.4662],[-65.4562,-9.4701],[-65.4422,-9.4643],[-65.4343,-9.4659],[-65.4561,-9.4008],[-65.4466,-9.316],[-65.3847,-9.3376],[-65.2462,-9.2573],[-65.2113,-9.2786],[-65.2076,-9.2852],[-65.2085,-9.3093],[-65.2017,-9.3209],[-65.1879,-9.3445],[-65.1924,-9.3562],[-65.1965,-9.3671],[-65.1957,-9.3749],[-65.1771,-9.3832],[-65.1731,-9.3851],[-65.1841,-9.4266],[-65.1424,-9.4464],[-65.0974,-9.4321],[-65.0884,-9.4247],[-65.0906,-9.4147],[-65.0918,-9.409],[-65.0531,-9.4018],[-65.0352,-9.3744],[-65.037,-9.3668],[-65.0388,-9.3592],[-65.0054,-9.3431],[-65.0103,-9.3325],[-65.0122,-9.3283],[-65,-9.3042],[-64.9857,-9.2915],[-64.9765,-9.2919],[-64.9624,-9.2924],[-64.9356,-9.2554],[-64.9192,-9.2199],[-64.9394,-9.1242],[-64.933,-9.12],[-64.9152,-9.0742],[-64.9189,-9.0502],[-64.9168,-9.0428],[-64.9064,-9.0451],[-64.9011,-9.0463],[-64.8936,-9.0433],[-64.8867,-9.0288],[-64.8701,-9.0118],[-64.8388,-8.9937],[-64.816,-8.9863],[-64.799,-8.9851],[-64.7868,-8.9881],[-64.7775,-8.9942],[-64.7736,-9.0002],[-64.7607,-9.0202],[-64.703,-8.9895],[-64.6931,-8.9898],[-64.6829,-8.9932],[-64.6804,-8.9977],[-64.6709,-9.0144],[-64.6572,-9.0078],[-64.6552,-9.0076],[-64.641,-9.0063],[-64.6106,-9.0161],[-64.5496,-8.9779],[-64.4461,-8.9765],[-64.3229,-8.9285],[-64.3151,-8.9292],[-64.3091,-8.9341],[-64.3125,-8.9502],[-64.3142,-8.954],[-64.3256,-8.9795],[-64.3248,-8.9877],[-64.3108,-8.9961],[-64.2972,-8.9958],[-64.2646,-8.988],[-64.2327,-8.9919],[-64.1745,-8.9602],[-64.1489,-8.9586],[-64.1429,-8.9532],[-64.1577,-8.8428],[-64.1289,-8.8048],[-64.1443,-8.7761],[-64.1426,-8.7427],[-64.1304,-8.7218],[-64.1241,-8.7163],[-64.1143,-8.7226],[-64.1107,-8.7248],[-64.0943,-8.728],[-64.0746,-8.7127],[-64.0708,-8.7115],[-64.0669,-8.7103],[-64.0654,-8.7105],[-64.0274,-8.7153],[-64.0312,-8.7042],[-64.035,-8.6932],[-63.9906,-8.617],[-63.9899,-8.6126],[-63.9857,-8.5853],[-63.9797,-8.5803],[-63.972,-8.5821],[-63.9454,-8.6091],[-63.9241,-8.5751],[-63.9227,-8.5589],[-63.9309,-8.5573],[-63.9327,-8.557],[-63.9451,-8.5501],[-63.9442,-8.5382],[-63.9433,-8.5262],[-63.96,-8.5103],[-63.9657,-8.505],[-63.974,-8.4869],[-63.9727,-8.4781],[-63.9584,-8.4665],[-63.9403,-8.4519],[-63.9386,-8.4412],[-63.9532,-8.4276],[-63.9639,-8.4241],[-63.9774,-8.4198],[-63.9769,-8.4146],[-63.9764,-8.4094],[-63.9449,-8.3874],[-63.9438,-8.3472],[-63.9436,-8.3308],[-63.9315,-8.3245],[-63.9154,-8.3273],[-63.9103,-8.3281],[-63.8702,-8.2884],[-63.7907,-8.3328],[-63.7811,-8.3289],[-63.773,-8.3204],[-63.7222,-8.2491],[-63.7426,-8.2163],[-63.748,-8.2075],[-63.7465,-8.1982],[-63.6929,-8.158],[-63.6759,-8.1275],[-63.6726,-8.1244],[-63.6694,-8.1214],[-63.6665,-8.0812],[-63.6213,-8.0292],[-63.6259,-8.0159],[-63.6259,-8.0157],[-63.6203,-7.9689],[-63.5525,-7.9729],[-63.5,-7.9759],[-62.8661,-7.9755],[-62.8323,-7.994],[-62.8205,-8.0141],[-62.815,-8.0195],[-62.8095,-8.025],[-62.7857,-8.026],[-62.7434,-8.0449],[-62.7123,-8.0802],[-62.6917,-8.0925],[-62.6725,-8.1449],[-62.6861,-8.1734],[-62.673,-8.1924],[-62.6662,-8.1958],[-62.6594,-8.1993],[-62.6494,-8.2367],[-62.5614,-8.2836],[-62.551,-8.3578],[-62.5418,-8.3578],[-62.539,-8.3577],[-62.5256,-8.3827],[-62.4649,-8.3394],[-62.4317,-8.3717],[-62.3666,-8.3892],[-62.3655,-8.4932],[-62.3368,-8.5163],[-62.3253,-8.5633],[-62.3406,-8.6025],[-62.3352,-8.6091],[-62.289,-8.6387],[-62.2808,-8.6382],[-62.2927,-8.5956],[-62.2888,-8.5885],[-62.2737,-8.5826],[-62.2684,-8.5754],[-62.1879,-8.5902],[-62.1742,-8.6278],[-62.1761,-8.6365],[-62.1858,-8.6365],[-62.1953,-8.6364],[-62.2,-8.6439],[-62.1809,-8.6575],[-62.179,-8.66],[-62.1646,-8.679],[-62.1688,-8.689],[-62.1712,-8.6947],[-62.1483,-8.7179],[-62.1529,-8.7257],[-62.1565,-8.7318],[-62.1545,-8.7393],[-62.1244,-8.8013],[-62.0305,-8.7993],[-62.0208,-8.8232],[-62.0017,-8.8323],[-61.9847,-8.8782],[-61.9053,-8.8741],[-61.9041,-8.869],[-61.9025,-8.8625],[-61.8595,-8.8527],[-61.8605,-8.8032],[-61.8552,-8.7886],[-61.8493,-8.7841],[-61.8428,-8.779],[-61.8432,-8.7629],[-61.8436,-8.747],[-61.836,-8.7323],[-61.7741,-8.7479],[-61.7439,-8.717],[-61.7413,-8.6948],[-61.7254,-8.6932],[-61.7127,-8.6875],[-61.7086,-8.6977],[-61.7048,-8.7071],[-61.697,-8.7092],[-61.673,-8.7046],[-61.63,-8.7216],[-61.6259,-8.7285],[-61.6284,-8.7479],[-61.629,-8.7526],[-61.6259,-8.7552],[-61.6228,-8.7579],[-61.6055,-8.7943],[-61.5255,-8.8165],[-61.5132,-8.8366],[-61.5121,-8.8499],[-61.5109,-8.8633],[-61.4681,-8.9171],[-61.5105,-8.9758],[-61.5544,-9.0899],[-61.558,-9.1145],[-61.5566,-9.122],[-61.5552,-9.1296],[-61.5231,-9.1786],[-61.5203,-9.1946],[-61.5275,-9.2309],[-61.5259,-9.2437],[-61.5753,-9.2373],[-61.632,-9.2662],[-61.6322,-9.2763],[-61.6264,-9.2829],[-61.6234,-9.2817],[-61.6149,-9.2783],[-61.6119,-9.28],[-61.6254,-9.3626],[-61.6117,-9.3556],[-61.5523,-9.3872],[-61.5562,-9.4352],[-61.5595,-9.4364],[-61.5624,-9.4374],[-61.581,-9.4585],[-61.5735,-9.4625],[-61.5781,-9.4712],[-61.5255,-9.5013],[-61.5373,-9.5065],[-61.5468,-9.5108],[-61.549,-9.5148],[-61.5266,-9.5329],[-61.5184,-9.5301],[-61.5129,-9.5282],[-61.5098,-9.5647],[-61.4946,-9.5784],[-61.4969,-9.5888],[-61.5025,-9.615],[-61.4771,-9.6269],[-61.4804,-9.6397],[-61.4935,-9.659],[-61.4999,-9.6603],[-61.5063,-9.6616],[-61.5035,-9.6724],[-61.5017,-9.6795],[-61.5047,-9.691],[-61.5191,-9.6967],[-61.5319,-9.7114],[-61.5738,-9.7173],[-61.531,-9.7395],[-61.5315,-9.7486],[-61.5321,-9.7576],[-61.5468,-9.7872],[-61.5378,-9.793],[-61.5336,-9.7938],[-61.5244,-9.7953],[-61.5247,-9.8073],[-61.5283,-9.8136],[-61.5316,-9.8194],[-61.5251,-9.8209],[-61.5177,-9.8226],[-61.515,-9.843],[-61.5112,-9.8519],[-61.5074,-9.8607],[-61.5102,-9.8927],[-61.5173,-9.8995],[-61.5244,-9.9062],[-61.5228,-9.9481],[-61.5288,-9.9508],[-61.5319,-9.9523],[-61.5389,-9.9637],[-61.532,-9.9675],[-61.5274,-9.97],[-61.5307,-9.9895],[-61.5551,-10.0379],[-61.5738,-10.0489],[-61.5785,-10.0543],[-61.5832,-10.0598],[-61.58,-10.0719],[-61.5782,-10.0789],[-61.5996,-10.1544],[-61.5594,-10.1753],[-61.5512,-10.1974],[-61.5668,-10.2052],[-61.5735,-10.2086],[-61.5771,-10.2262],[-61.5714,-10.2589],[-61.5541,-10.2792],[-61.5435,-10.3006],[-61.5479,-10.3034],[-61.5528,-10.3066],[-61.5476,-10.316],[-61.5403,-10.3198],[-61.5332,-10.3315],[-61.5267,-10.3309],[-61.5209,-10.3304],[-61.5156,-10.334],[-61.4965,-10.3892],[-61.471,-10.4048],[-61.4746,-10.4084],[-61.4764,-10.4102],[-61.4756,-10.418],[-61.4612,-10.4195],[-61.4803,-10.4874],[-61.4785,-10.5295],[-61.4755,-10.5322],[-61.4658,-10.5408],[-61.489,-10.6294],[-61.4832,-10.6367],[-61.4827,-10.6373],[-61.4784,-10.6427],[-61.4818,-10.653],[-61.4817,-10.6688],[-61.4896,-10.6741],[-61.4913,-10.6752],[-61.498,-10.688],[-61.4983,-10.6995],[-61.4853,-10.7103],[-61.4804,-10.7144],[-61.4718,-10.7146],[-61.4878,-10.736],[-61.4733,-10.7971],[-61.4875,-10.7986],[-61.4921,-10.7886],[-61.4944,-10.7837],[-61.5047,-10.7844],[-61.5049,-10.7891],[-61.51,-10.7939],[-61.5029,-10.8081],[-61.5257,-10.8846],[-61.5144,-10.9068],[-61.519,-10.9493],[-61.5271,-10.9568],[-61.5295,-10.9786],[-61.5497,-10.9857],[-60.4595,-10.9895],[-60.4374,-11.0163],[-60.4415,-11.0283],[-60.4461,-11.0418],[-60.4136,-11.0431],[-60.411,-11.0464],[-60.4129,-11.06],[-60.4138,-11.0671],[-60.391,-11.0934],[-60.3474,-11.1086],[-60.3479,-11.0736],[-60.334,-11.0825],[-60.317,-11.0647],[-60.3087,-11.0636],[-60.3007,-11.0568],[-60.2909,-11.0651],[-60.2818,-11.0636],[-60.2705,-11.0983],[-60.2383,-11.0945],[-60.2043,-11.1117],[-60.1587,-11.0953],[-60.1043,-11.1088],[-60.0837,-11.0965],[-60.0745,-11.1046],[-60.0662,-11.1251],[-60.0435,-11.1239],[-60.0432,-11.1235],[-60.0369,-11.117],[-60.0338,-11.1229],[-60.0315,-11.1274],[-60.0257,-11.1303],[-60.0189,-11.1287],[-60.017,-11.1223],[-60.0152,-11.1159],[-60.0126,-11.1221],[-59.9907,-11.1232],[-59.9898,-11.1215],[-59.9863,-11.1141],[-59.9762,-11.122],[-59.9794,-11.1394],[-59.9972,-11.151],[-59.9635,-11.1887],[-59.9806,-11.2034],[-59.9839,-11.2148],[-59.9827,-11.224],[-59.9815,-11.2331],[-59.9589,-11.2943],[-59.9542,-11.2992],[-59.9495,-11.304],[-59.9272,-11.31],[-59.9201,-11.3976],[-59.9442,-11.4319],[-59.9518,-11.436],[-59.9757,-11.4388],[-59.9849,-11.4689],[-60.0193,-11.4966],[-60.022,-11.4957],[-60.0307,-11.4928],[-60.031,-11.4982],[-60.0288,-11.5039],[-60.0278,-11.5065],[-60.0569,-11.5417],[-60.0902,-11.5545],[-60.0936,-11.5624],[-60.0904,-11.5649],[-60.0867,-11.5677],[-60.1011,-11.577],[-60.0998,-11.5785],[-60.0939,-11.5855],[-60.1032,-11.5836],[-60.1104,-11.5821],[-60.1143,-11.5911],[-60.1211,-11.7117],[-60.1005,-11.7802],[-60.108,-11.7927],[-60.1028,-11.7937],[-60.0977,-11.7947],[-60.0962,-11.7991],[-60.1082,-11.8392],[-60.1006,-11.835],[-60.0974,-11.8395],[-60.0983,-11.8452],[-60.0933,-11.8488],[-60.0957,-11.8585],[-60.0828,-11.8581],[-60.0761,-11.8849],[-60.0728,-11.8841],[-60.06,-11.8946],[-60.0498,-11.8975],[-60.0063,-11.8943],[-59.9949,-11.9089],[-59.9846,-11.9139],[-59.9865,-11.9597],[-59.9783,-11.9648],[-59.9708,-11.9695],[-59.979,-11.9909],[-59.9723,-11.9958],[-59.9701,-11.9974],[-59.966,-12.0068],[-59.9721,-12.0127],[-59.9741,-12.0147],[-59.9788,-12.0291],[-59.9007,-12.115],[-59.9083,-12.192],[-59.8918,-12.2451],[-59.8858,-12.2451],[-59.8313,-12.2915],[-59.7738,-12.3406],[-59.7924,-12.3454],[-59.8187,-12.3783],[-59.8553,-12.4782],[-59.8967,-12.4708],[-59.9347,-12.4867],[-59.9729,-12.53],[-60.0221,-12.5559],[-60.0344,-12.5949],[-60.0682,-12.6156],[-60.0635,-12.6261],[-60.0614,-12.6309],[-60.0624,-12.6404],[-60.0895,-12.7319],[-60.0743,-12.7728],[-60.0786,-12.8807],[-60.1166,-12.9591],[-60.1887,-12.9707],[-60.2147,-13.0266],[-60.2824,-13.0801],[-60.2801,-13.1352],[-60.2758,-13.1385],[-60.268,-13.1446],[-60.3036,-13.1788],[-60.3279,-13.2299],[-60.3278,-13.2306],[-60.3252,-13.2523],[-60.3644,-13.2995],[-60.379,-13.3748],[-60.3785,-13.3907],[-60.3761,-13.3967],[-60.3713,-13.4085],[-60.3874,-13.4543],[-60.411,-13.4612],[-60.4299,-13.4816],[-60.4307,-13.4848],[-60.4315,-13.488],[-60.5061,-13.5016],[-60.5298,-13.5166],[-60.5311,-13.5256],[-60.5325,-13.5358],[-60.5771,-13.5648],[-60.6317,-13.5713],[-60.6406,-13.5961],[-60.6855,-13.6248],[-60.6965,-13.6661],[-60.7163,-13.6818],[-60.7149,-13.6852],[-60.7094,-13.6869],[-60.7078,-13.6925],[-60.7649,-13.6847],[-60.7735,-13.6608],[-60.8098,-13.6534],[-60.8338,-13.6264],[-60.8789,-13.6172],[-60.9201,-13.5685],[-60.9224,-13.5404],[-60.9503,-13.5514],[-60.9573,-13.5484],[-60.9593,-13.546],[-60.9668,-13.5364],[-61.0057,-13.5466],[-61.0104,-13.5293],[-61.0081,-13.5229],[-61.0055,-13.5253],[-61.0002,-13.5304],[-60.9974,-13.5276],[-61.0069,-13.508],[-60.9877,-13.4999],[-61.0143,-13.4871],[-61.0463,-13.4842],[-61.0503,-13.4885],[-61.0504,-13.4929],[-61.0349,-13.4966],[-61.0348,-13.4996],[-61.0348,-13.5005],[-61.0597,-13.5114],[-61.0898,-13.4917],[-61.1055,-13.5312],[-61.1114,-13.5278],[-61.1195,-13.523],[-61.1253,-13.5195],[-61.1386,-13.5272],[-61.1377,-13.512],[-61.1463,-13.5314],[-61.1834,-13.5075],[-61.1936,-13.5359],[-61.2328,-13.5245],[-61.2477,-13.4958],[-61.2797,-13.5052],[-61.2957,-13.4774],[-61.3081,-13.5034],[-61.3357,-13.5051],[-61.3498,-13.5207],[-61.3891,-13.5193],[-61.4034,-13.5381],[-61.4693,-13.5547],[-61.5691,-13.518],[-61.5761,-13.4882],[-61.6072,-13.5111],[-61.6225,-13.4963],[-61.6222,-13.5141],[-61.6283,-13.515],[-61.6406,-13.5085],[-61.6444,-13.5064],[-61.6507,-13.5182],[-61.6944,-13.5008],[-61.7305,-13.5253],[-61.7571,-13.5237],[-61.7567,-13.5401],[-61.7762,-13.5192],[-61.784,-13.5365],[-61.8152,-13.5293],[-61.8106,-13.5397],[-61.8178,-13.5389],[-61.8205,-13.5334],[-61.8254,-13.5357],[-61.8329,-13.5388],[-61.8404,-13.5484],[-61.8397,-13.5265],[-61.8613,-13.5335],[-61.8826,-13.4968],[-61.8923,-13.4305],[-61.9137,-13.4333],[-61.9348,-13.4094],[-61.9698,-13.4057],[-61.9658,-13.3983],[-61.9617,-13.3907],[-61.9765,-13.3876],[-61.9754,-13.385],[-61.9707,-13.3738],[-61.9999,-13.3705],[-62.013,-13.33],[-62.032,-13.3331],[-62.0563,-13.3113],[-62.0563,-13.2877],[-62.0836,-13.2898],[-62.115,-13.258],[-62.1145,-13.1633],[-62.128,-13.1479],[-62.1487,-13.1618],[-62.1698,-13.1135],[-62.1903,-13.1533],[-62.2141,-13.1109],[-62.2394,-13.115],[-62.2453,-13.1447],[-62.2718,-13.1461],[-62.2714,-13.1552],[-62.3159,-13.1339],[-62.3219,-13.1509],[-62.3257,-13.1486],[-62.3287,-13.142],[-62.3298,-13.1396],[-62.3321,-13.1417],[-62.3403,-13.1494],[-62.3449,-13.1367],[-62.3914,-13.1343],[-62.3955,-13.114],[-62.4147,-13.125],[-62.4385,-13.0805],[-62.4568,-13.0862],[-62.4533,-13.0643],[-62.4713,-13.0784],[-62.4783,-13.057],[-62.5017,-13.0826],[-62.5232,-13.0651],[-62.5307,-13.0703],[-62.5343,-13.0728],[-62.5459,-13.0735],[-62.6089,-13.0422],[-62.6135,-13.0261],[-62.6104,-13.0239],[-62.5998,-13.0164],[-62.6014,-13.012],[-62.6262,-13.0153],[-62.6308,-12.9898],[-62.6495,-12.9874],[-62.6502,-12.9651],[-62.6979,-13.0023],[-62.7249,-13.0022],[-62.7291,-13.0203],[-62.7431,-12.9998],[-62.7588,-13.0153],[-62.7784,-13.0091],[-62.7867,-13.0015],[-62.7937,-12.9948],[-62.8062,-12.9676],[-62.8053,-12.9402],[-62.8096,-12.9383],[-62.8223,-12.9333],[-62.8452,-12.9483],[-62.8425,-12.9267],[-62.8696,-12.9102],[-62.8914,-12.8584],[-62.9207,-12.8404],[-62.9763,-12.8587],[-62.9827,-12.8437],[-63.0076,-12.8371],[-63.0079,-12.8103],[-63.0206,-12.805],[-63.0407,-12.7494],[-63.0466,-12.7402],[-63.0534,-12.7304],[-63.0795,-12.7241],[-63.0806,-12.7204],[-63.0806,-12.7148],[-63.0799,-12.7045],[-63.0615,-12.6853],[-63.095,-12.6832],[-63.0928,-12.6575],[-63.139,-12.6447],[-63.1572,-12.6134],[-63.1616,-12.6389],[-63.1924,-12.6232],[-63.1922,-12.651],[-63.2435,-12.6621],[-63.2352,-12.6887],[-63.2949,-12.6814],[-63.3769,-12.6553],[-63.4093,-12.6106],[-63.4389,-12.6059],[-63.426,-12.5968],[-63.4341,-12.5658],[-63.5009,-12.5668],[-63.551,-12.5075],[-63.6214,-12.4724],[-63.7857,-12.4275],[-63.8351,-12.4616],[-63.8883,-12.4491],[-63.9,-12.5055],[-63.9563,-12.5304],[-63.9952,-12.5028],[-63.9998,-12.5026],[-64.002,-12.5109],[-64.0029,-12.5142],[-64.0392,-12.5147],[-64.0594,-12.4905],[-64.0832,-12.5003],[-64.0936,-12.4844],[-64.1221,-12.505],[-64.1344,-12.4762],[-64.1629,-12.5136],[-64.1682,-12.51],[-64.1722,-12.5063],[-64.1732,-12.5036],[-64.1722,-12.4669],[-64.1962,-12.4724],[-64.2312,-12.4552],[-64.2908,-12.5002],[-64.2903,-12.4603],[-64.405,-12.4464],[-64.4594,-12.3867],[-64.5037,-12.3602],[-64.5106,-12.3503],[-64.5123,-12.3466],[-64.4922,-12.2938],[-64.5065,-12.2267],[-64.5473,-12.2416],[-64.5751,-12.2148],[-64.6135,-12.2134],[-64.7118,-12.1737],[-64.7172,-12.142],[-64.6973,-12.0998],[-64.698,-12.0947],[-64.708,-12.0864],[-64.7355,-12.0978],[-64.7359,-12.1381],[-64.7571,-12.1558],[-64.7611,-12.1537],[-64.7684,-12.1435],[-64.7569,-12.1119],[-64.7651,-12.0958],[-64.7844,-12.0871],[-64.7879,-12.0853],[-64.8015,-12.0878],[-64.8259,-12.1214],[-64.8311,-12.1212],[-64.8351,-12.1169],[-64.8409,-12.1051],[-64.8417,-12.1005],[-64.8412,-12.0934],[-64.8084,-12.0536],[-64.8379,-12.0109],[-64.9177,-12.0262],[-64.947,-11.9937],[-64.9745,-12.0182],[-65,-11.9929],[-65.0314,-11.9945],[-65.026,-11.9716],[-65.0405,-11.9607],[-65.0151,-11.8942],[-65.0701,-11.8687],[-65.0592,-11.7903],[-65.0851,-11.7123],[-65.0883,-11.7088],[-65.0958,-11.7049],[-65.1276,-11.72],[-65.1292,-11.72],[-65.1781,-11.7212],[-65.1732,-11.7508],[-65.1771,-11.7545],[-65.1801,-11.7555],[-65.1856,-11.7558],[-65.26,-11.7064],[-65.2174,-11.6518],[-65.2337,-11.5698],[-65.2113,-11.53],[-65.214,-11.5236],[-65.2163,-11.5197],[-65.2244,-11.516],[-65.3044,-11.5009],[-65.3348,-11.3545],[-65.2912,-11.3237],[-65.3428,-11.307],[-65.3456,-11.3034],[-65.3607,-11.2509],[-65.3606,-11.2451],[-65.3606,-11.2394],[-65.3593,-11.2223],[-65.3185,-11.1987],[-65.3209,-11.1886],[-65.3242,-11.1865],[-65.3497,-11.1863],[-65.3621,-11.1375],[-65.3281,-11.105],[-65.284,-11.0885],[-65.2792,-11.0787],[-65.2796,-11.0703],[-65.2803,-11.0631],[-65.2997,-11.0309],[-65.2509,-10.9865],[-65.2837,-10.9261],[-65.2652,-10.9158],[-65.268,-10.8947],[-65.2726,-10.8756],[-65.2753,-10.8702],[-65.3662,-10.7921],[-65.3435,-10.7689],[-65.3441,-10.6904],[-65.3577,-10.6569],[-65.4012,-10.6426],[-65.4135,-10.6236],[-65.3975,-10.5796],[-65.4177,-10.5363],[-65.4092,-10.5113],[-65.4289,-10.4806],[-65.4276,-10.4761],[-65.425,-10.47],[-65.4224,-10.4638],[-65.3898,-10.4472],[-65.3779,-10.4083],[-65.3912,-10.374],[-65.3207,-10.2969],[-65.2882,-10.2194],[-65.3064,-10.1646],[-65.3005,-10.099],[-65.3267,-10.0622],[-65.3196,-10.0002],[-65.3324,-9.9573],[-65.3323,-9.9438],[-65.3319,-9.9366],[-65.3312,-9.9297],[-65.2884,-9.8675],[-65.285,-9.8552],[-65.2855,-9.8451],[-65.2855,-9.8411],[-65.3199,-9.8141],[-65.3742,-9.6989],[-65.4429,-9.6697],[-65.4465,-9.6967],[-65.4564,-9.7035],[-65.4682,-9.7112],[-65.4712,-9.7132],[-65.4814,-9.7134],[-65.4865,-9.7094],[-65.4823,-9.7268],[-65.4999,-9.7295],[-65.5033,-9.7861],[-65.5314,-9.7813],[-65.5387,-9.8015],[-65.5637,-9.8116],[-65.5586,-9.8433],[-65.5676,-9.8389],[-65.5964,-9.841],[-65.6005,-9.8237],[-65.6299,-9.8339],[-65.6357,-9.8056],[-65.6506,-9.8135],[-65.6439,-9.7947],[-65.6685,-9.7807],[-65.6893,-9.8122],[-65.6951,-9.8108],[-65.7005,-9.8091],[-65.7096,-9.8061],[-65.7082,-9.8032],[-65.7061,-9.7996],[-65.6994,-9.7877],[-65.7093,-9.7721],[-65.7073,-9.7656],[-65.6809,-9.7666],[-65.6847,-9.7487],[-65.7214,-9.7565],[-65.7437,-9.7815],[-65.7721,-9.7577],[-65.7706,-9.7502],[-65.7655,-9.7378],[-65.7681,-9.7349],[-65.7739,-9.7342],[-65.7759,-9.7672],[-65.7939,-9.7912],[-65.8119,-9.772],[-65.7996,-9.7562],[-65.8183,-9.7569],[-65.8409,-9.7892],[-65.851,-9.7923],[-65.8596,-9.794],[-65.8625,-9.7933],[-65.8669,-9.7914],[-65.8713,-9.7888],[-65.8616,-9.7677],[-65.8678,-9.7615],[-65.8708,-9.7529],[-65.9021,-9.7657],[-65.919,-9.7533],[-65.9719,-9.7769],[-65.9661,-9.8042],[-65.9991,-9.7943],[-66.023,-9.8111],[-66.0346,-9.787],[-66.0397,-9.7866],[-66.0577,-9.7851],[-66.0644,-9.7845],[-66.0684,-9.785],[-66.0845,-9.791],[-66.0927,-9.8133],[-66.0998,-9.7842],[-66.1516,-9.7852],[-66.1929,-9.8063],[-66.1862,-9.8223],[-66.203,-9.8341],[-66.2377,-9.8154],[-66.255,-9.8328],[-66.2791,-9.8282],[-66.2856,-9.8442],[-66.3154,-9.8311],[-66.3473,-9.8409],[-66.3593,-9.8657],[-66.4031,-9.8641],[-66.4258,-9.8983],[-66.4263,-9.8693],[-66.4589,-9.8752]]],[[[-66.4589,-9.8752],[-66.4541,-9.8773],[-66.4568,-9.8785],[-66.4589,-9.8752]]]]},"alpha2":"BR-RO","centroid":{"lat":-10.83,"lng":-63.34},"isState":true},{"type":"Feature","properties":{"name":"Roraima","NAME":"Roraima","sigla":"RR","code":"RR","POSTAL":"RR","ISO_A2":"BR-RR","alpha2":"BR-RR","region":"Norte","capital":"Boa Vista"},"geometry":{"type":"MultiPolygon","coordinates":[[[[-59.9164,3.1459],[-59.9083,3.1134],[-59.9205,3.1212],[-59.9545,3.0818],[-59.9598,3.0181],[-59.9466,2.9998],[-59.9573,2.9537],[-59.9813,2.9304],[-59.9896,2.6866],[-59.9565,2.6103],[-59.9698,2.5945],[-59.9282,2.5716],[-59.9359,2.5541],[-59.8965,2.4824],[-59.8886,2.4252],[-59.9065,2.3888],[-59.896,2.3633],[-59.879,2.3531],[-59.8775,2.3544],[-59.8762,2.3554],[-59.8706,2.3605],[-59.8417,2.3218],[-59.8348,2.3212],[-59.8325,2.3237],[-59.8276,2.3289],[-59.7852,2.2844],[-59.7387,2.2929],[-59.7219,2.2768],[-59.7187,2.2375],[-59.7395,2.164],[-59.7209,2.1064],[-59.7403,2.0747],[-59.7199,2.0284],[-59.7336,2.0129],[-59.7358,1.966],[-59.7587,1.9009],[-59.7512,1.8617],[-59.7335,1.8506],[-59.6912,1.854],[-59.6779,1.8405],[-59.6623,1.8702],[-59.6538,1.8172],[-59.677,1.8078],[-59.6899,1.7585],[-59.6653,1.7543],[-59.6622,1.7374],[-59.6336,1.7414],[-59.6159,1.7164],[-59.5671,1.7359],[-59.5362,1.7201],[-59.5105,1.6689],[-59.4926,1.674],[-59.4823,1.627],[-59.4474,1.6198],[-59.4223,1.5562],[-59.3953,1.5554],[-59.3813,1.508],[-59.3316,1.514],[-59.3249,1.4643],[-59.2862,1.4527],[-59.2744,1.4184],[-59.2767,1.416],[-59.2817,1.4108],[-59.2524,1.3886],[-59.188,1.3756],[-59.1518,1.3491],[-59.0894,1.3467],[-59.047,1.3234],[-58.9932,1.3275],[-58.9783,1.3021],[-58.918,1.3169],[-58.9218,1.2903],[-58.8863,1.2606],[-58.9115,1.2387],[-58.8949,1.2282],[-58.8949,1.2247],[-58.8954,0.6141],[-58.8949,0.2639],[-59.1918,0.2639],[-59.433,0.2639],[-60.0374,0.2638],[-60.0463,0.2325],[-60.0586,0.1633],[-60.1158,0.1336],[-60.1374,0.103],[-60.123,0.0814],[-60.1349,0.0672],[-60.136,0.0658],[-60.138,0.0291],[-60.1836,0],[-60.1816,-0.0079],[-60.1811,-0.0096],[-60.2027,-0.0333],[-60.2283,-0.1009],[-60.2239,-0.1425],[-60.2322,-0.1461],[-60.2494,-0.1667],[-60.2489,-0.1747],[-60.2553,-0.1735],[-60.2578,-0.1731],[-60.2655,-0.1781],[-60.2644,-0.1857],[-60.2639,-0.1892],[-60.2755,-0.2022],[-60.2989,-0.2114],[-60.2921,-0.2267],[-60.2911,-0.2289],[-60.2989,-0.2559],[-60.3016,-0.2602],[-60.3044,-0.2645],[-60.2997,-0.2735],[-60.2894,-0.2928],[-60.2959,-0.2982],[-60.3025,-0.3036],[-60.3022,-0.3102],[-60.3016,-0.3278],[-60.3124,-0.3294],[-60.318,-0.3303],[-60.3211,-0.3373],[-60.3216,-0.3772],[-60.3494,-0.407],[-60.3442,-0.4403],[-60.3748,-0.4644],[-60.382,-0.47],[-60.3994,-0.5098],[-60.3828,-0.5897],[-60.3737,-0.5887],[-60.3653,-0.5878],[-60.3505,-0.622],[-60.313,-0.6411],[-60.3031,-0.7109],[-60.3455,-0.7456],[-60.351,-0.7432],[-60.353,-0.7422],[-60.3769,-0.7425],[-60.3793,-0.7493],[-60.3828,-0.7595],[-60.3979,-0.7576],[-60.4005,-0.7573],[-60.4186,-0.7639],[-60.42,-0.7691],[-60.4211,-0.7728],[-60.4266,-0.7781],[-60.4786,-0.7706],[-60.4936,-0.7822],[-60.4975,-0.7892],[-60.4983,-0.822],[-60.5025,-0.8215],[-60.5061,-0.8211],[-60.5194,-0.8334],[-60.508,-0.8387],[-60.5028,-0.8411],[-60.5041,-0.8489],[-60.5305,-0.8747],[-60.5908,-0.8531],[-60.5923,-0.8625],[-60.5939,-0.872],[-60.6068,-0.8652],[-60.6091,-0.8639],[-60.62,-0.8631],[-60.6675,-0.8942],[-60.6753,-0.8731],[-60.7522,-0.8609],[-60.7561,-0.7953],[-60.7664,-0.7926],[-60.7733,-0.7909],[-60.7605,-0.7611],[-60.7966,-0.7445],[-60.7972,-0.7006],[-60.8044,-0.6961],[-60.8116,-0.6917],[-60.8428,-0.6903],[-60.8541,-0.6475],[-60.8605,-0.642],[-60.8822,-0.6489],[-60.9078,-0.6236],[-60.9203,-0.555],[-60.975,-0.5623],[-61.0455,-0.5456],[-61.0547,-0.5384],[-61.0633,-0.5128],[-61.0869,-0.4998],[-61.1483,-0.4989],[-61.1547,-0.505],[-61.1549,-0.5059],[-61.1571,-0.515],[-61.2164,-0.4997],[-61.2305,-0.5636],[-61.2978,-0.5759],[-61.3255,-0.5975],[-61.3479,-0.5952],[-61.3564,-0.5981],[-61.4283,-0.6339],[-61.4303,-0.6428],[-61.4288,-0.6462],[-61.4261,-0.6528],[-61.4641,-0.6645],[-61.4827,-0.7172],[-61.5161,-0.7453],[-61.5272,-0.7506],[-61.5383,-0.7559],[-61.5525,-0.8106],[-61.5494,-0.8389],[-61.543,-0.8431],[-61.543,-0.852],[-61.5537,-0.8604],[-61.5578,-0.8636],[-61.5579,-0.8724],[-61.5583,-0.8928],[-61.5682,-0.9013],[-61.578,-0.9097],[-61.5797,-0.93],[-61.5847,-0.9367],[-61.5791,-0.9556],[-61.583,-0.9822],[-61.5755,-0.9878],[-61.5696,-0.9878],[-61.5602,-0.9877],[-61.5436,-1.062],[-61.5761,-1.0789],[-61.5778,-1.0881],[-61.573,-1.0927],[-61.5658,-1.0995],[-61.5723,-1.1034],[-61.5741,-1.1045],[-61.5775,-1.1128],[-61.5724,-1.1181],[-61.5705,-1.12],[-61.5661,-1.1323],[-61.5816,-1.1642],[-61.5781,-1.1728],[-61.5733,-1.1845],[-61.6064,-1.2459],[-61.6067,-1.258],[-61.6072,-1.2778],[-61.6128,-1.2825],[-61.6264,-1.2936],[-61.6283,-1.3011],[-61.6111,-1.3078],[-61.6005,-1.3202],[-61.585,-1.3384],[-61.5816,-1.3531],[-61.6186,-1.3945],[-61.5814,-1.4092],[-61.5773,-1.4188],[-61.5733,-1.4284],[-61.5552,-1.4289],[-61.5475,-1.4292],[-61.5378,-1.4331],[-61.5159,-1.5021],[-61.4808,-1.5175],[-61.4728,-1.5275],[-61.4822,-1.5803],[-61.4905,-1.5745],[-61.5441,-1.5253],[-61.5591,-1.4947],[-61.5654,-1.4863],[-61.5716,-1.4778],[-61.6044,-1.4478],[-61.635,-1.4336],[-61.7897,-1.3786],[-61.8264,-1.4014],[-61.8388,-1.4014],[-61.8689,-1.4014],[-61.8961,-1.395],[-61.9086,-1.3484],[-61.9143,-1.3396],[-61.92,-1.3309],[-61.9494,-1.2967],[-62.0169,-1.1414],[-62.0391,-1.1181],[-62.0616,-1.0995],[-62.0991,-1.0964],[-62.105,-1.0861],[-62.1141,-1.0831],[-62.1178,-1.0761],[-62.1147,-1.0689],[-62.1108,-1.06],[-62.125,-1.037],[-62.1994,-1],[-62.2017,-0.9898],[-62.2033,-0.9825],[-62.2586,-0.9756],[-62.2651,-0.9636],[-62.2717,-0.9517],[-62.2855,-0.9436],[-62.2897,-0.9458],[-62.2933,-0.9478],[-62.3758,-0.8659],[-62.3755,-0.8361],[-62.3936,-0.8286],[-62.3953,-0.82],[-62.4278,-0.812],[-62.4328,-0.8036],[-62.4422,-0.8017],[-62.4443,-0.8047],[-62.4478,-0.8097],[-62.465,-0.7886],[-62.4729,-0.7918],[-62.4803,-0.7947],[-62.5005,-0.7811],[-62.5039,-0.7653],[-62.5097,-0.7586],[-62.5016,-0.7542],[-62.4944,-0.7503],[-62.5078,-0.7139],[-62.495,-0.7036],[-62.4925,-0.6873],[-62.4861,-0.6811],[-62.4764,-0.6883],[-62.4691,-0.6936],[-62.428,-0.6925],[-62.4064,-0.727],[-62.3922,-0.7192],[-62.3912,-0.7149],[-62.39,-0.7092],[-62.3583,-0.7067],[-62.3703,-0.6764],[-62.3408,-0.6756],[-62.3262,-0.6561],[-62.3198,-0.66],[-62.3176,-0.6613],[-62.3087,-0.6605],[-62.3037,-0.6538],[-62.2959,-0.6519],[-62.2903,-0.6463],[-62.3012,-0.6188],[-62.2903,-0.6019],[-62.3178,-0.5522],[-62.3034,-0.5344],[-62.3058,-0.5251],[-62.3087,-0.5138],[-62.2745,-0.4783],[-62.2734,-0.4538],[-62.2267,-0.4255],[-62.2167,-0.3991],[-62.2083,-0.3955],[-62.2017,-0.3927],[-62.1878,-0.3305],[-62.2192,-0.3108],[-62.2233,-0.3145],[-62.2259,-0.3169],[-62.2353,-0.3169],[-62.239,-0.3077],[-62.2478,-0.3016],[-62.245,-0.2941],[-62.2537,-0.2794],[-62.2531,-0.2711],[-62.2474,-0.266],[-62.2412,-0.2605],[-62.2378,-0.2524],[-62.2465,-0.2519],[-62.2492,-0.2449],[-62.2526,-0.2363],[-62.2445,-0.1744],[-62.2581,-0.1649],[-62.2619,-0.1644],[-62.2676,-0.1636],[-62.3192,-0.1022],[-62.3317,-0.0603],[-62.3261,-0.0612],[-62.3228,-0.0617],[-62.3222,-0.0239],[-62.3461,0.0299],[-62.4239,0.0919],[-62.428,0.1739],[-62.4381,0.1952],[-62.4451,0.2015],[-62.4522,0.2077],[-62.4539,0.2439],[-62.4678,0.2761],[-62.4581,0.3138],[-62.4664,0.3333],[-62.4458,0.3794],[-62.4847,0.4544],[-62.5087,0.4402],[-62.5134,0.4421],[-62.5181,0.444],[-62.5325,0.5091],[-62.5272,0.5469],[-62.5178,0.5841],[-62.5378,0.6755],[-62.535,0.6942],[-62.528,0.7105],[-62.5,0.7483],[-62.4625,0.7772],[-62.4598,0.7814],[-62.4572,0.7855],[-62.4855,0.8669],[-62.4424,0.9604],[-62.4772,1.0283],[-62.4711,1.0866],[-62.5291,1.0891],[-62.6368,1.434],[-62.7203,1.4888],[-62.7358,1.5299],[-62.8039,1.5907],[-62.805,1.5975],[-62.8062,1.6044],[-62.7958,1.631],[-62.7232,1.7127],[-62.7305,1.8185],[-62.7036,1.8743],[-62.6982,1.9123],[-62.7055,1.94],[-62.7129,1.9475],[-62.7204,1.955],[-62.742,1.967],[-62.8127,1.992],[-62.8284,2.0136],[-62.8333,2.0152],[-62.8383,2.0168],[-62.9193,2.0253],[-62.948,2.0313],[-62.9803,2.0181],[-63.0233,2.015],[-63.0704,2.0403],[-63.1067,2.0797],[-63.141,2.1728],[-63.1581,2.1746],[-63.1649,2.1806],[-63.1936,2.1815],[-63.2621,2.1574],[-63.2722,2.1558],[-63.2823,2.1542],[-63.3103,2.1653],[-63.3593,2.1974],[-63.3718,2.2121],[-63.3756,2.2165],[-63.4007,2.2459],[-63.4009,2.297],[-63.4047,2.3076],[-63.425,2.3646],[-63.3943,2.4074],[-63.3949,2.4171],[-63.3954,2.4264],[-63.4062,2.4361],[-63.4651,2.4337],[-63.6427,2.3849],[-63.7084,2.3806],[-63.8335,2.4084],[-64,2.4789],[-64.021,2.4678],[-64.0392,2.4947],[-64.0466,2.4961],[-64.0555,2.4981],[-64.0409,2.5767],[-64.0285,2.5764],[-63.9842,2.6534],[-63.9849,2.6864],[-64.0027,2.7077],[-63.9823,2.7177],[-63.9989,2.7403],[-63.9935,2.7701],[-64.0028,2.773],[-64.0039,2.7733],[-64.0088,2.7786],[-64.0127,2.8194],[-64.0572,2.8508],[-64.071,2.938],[-64.1108,2.9608],[-64.1723,3.0584],[-64.2338,3.1141],[-64.2077,3.1892],[-64.2133,3.2467],[-64.2407,3.3153],[-64.2348,3.3851],[-64.2547,3.4114],[-64.1862,3.5],[-64.1851,3.5601],[-64.275,3.6618],[-64.2885,3.7001],[-64.4278,3.7804],[-64.4879,3.7911],[-64.5677,3.8822],[-64.5714,3.8965],[-64.5796,3.9287],[-64.6732,4.0051],[-64.7314,4.1207],[-64.8099,4.1751],[-64.8242,4.2437],[-64.7925,4.2867],[-64.6984,4.2516],[-64.6579,4.2123],[-64.6233,4.1347],[-64.5598,4.1023],[-64.5511,4.111],[-64.5503,4.1117],[-64.5437,4.1145],[-64.4997,4.112],[-64.4301,4.1341],[-64.3348,4.1296],[-64.289,4.1442],[-64.2149,4.1159],[-64.1637,4.1267],[-64.1121,4.0917],[-64.0965,4.0256],[-64.0501,3.9506],[-64.035,3.9347],[-64.0246,3.9338],[-64.0009,3.9318],[-63.9968,3.9035],[-63.9749,3.8936],[-63.9638,3.8685],[-63.9258,3.9263],[-63.859,3.948],[-63.7965,3.9336],[-63.7578,3.9392],[-63.7123,3.9037],[-63.7089,3.9068],[-63.7094,3.9117],[-63.7053,3.9138],[-63.682,3.9079],[-63.6751,3.9133],[-63.6717,3.9152],[-63.663,3.9219],[-63.6998,3.9448],[-63.6802,4.0174],[-63.652,4.0023],[-63.5915,3.9287],[-63.5881,3.8859],[-63.555,3.891],[-63.5545,3.8769],[-63.5545,3.8749],[-63.5512,3.8653],[-63.4982,3.8431],[-63.5023,3.8683],[-63.498,3.8698],[-63.4929,3.8683],[-63.4898,3.8738],[-63.4504,3.8595],[-63.4345,3.8679],[-63.4374,3.8841],[-63.4109,3.9139],[-63.417,3.9342],[-63.4389,3.9376],[-63.4498,3.9549],[-63.4282,3.9776],[-63.4129,3.9756],[-63.4041,3.9781],[-63.3926,3.9809],[-63.3378,3.9583],[-63.3119,3.9613],[-63.3107,3.9819],[-63.2859,3.9731],[-63.2788,3.9571],[-63.2057,3.9518],[-63.2328,3.8816],[-63.2259,3.8359],[-63.2036,3.812],[-63.1026,3.7937],[-63.0591,3.748],[-63.0628,3.7054],[-63.0806,3.6937],[-63.0317,3.6662],[-62.9897,3.6123],[-62.9596,3.6081],[-62.9353,3.6287],[-62.9182,3.6719],[-62.887,3.6835],[-62.8349,3.7378],[-62.8037,3.7301],[-62.7466,3.6735],[-62.7362,3.6895],[-62.7428,3.7875],[-62.7284,3.8051],[-62.7709,3.8349],[-62.7535,3.8504],[-62.7881,3.8937],[-62.7845,3.9286],[-62.7432,3.9741],[-62.762,3.9849],[-62.7679,4.0061],[-62.7472,4.0349],[-62.7014,4.0283],[-62.6086,4.0435],[-62.5797,4.0182],[-62.5721,4.0151],[-62.5617,4.0173],[-62.5564,4.0181],[-62.5616,4.0364],[-62.5331,4.0473],[-62.5416,4.0792],[-62.5571,4.0803],[-62.5453,4.0995],[-62.5476,4.1026],[-62.5503,4.1064],[-62.552,4.1092],[-62.5232,4.1186],[-62.5309,4.1367],[-62.507,4.1287],[-62.4975,4.1425],[-62.4776,4.1312],[-62.4553,4.1569],[-62.4697,4.1639],[-62.4623,4.1783],[-62.4371,4.1834],[-62.3529,4.1656],[-62.3265,4.135],[-62.2915,4.1417],[-62.2185,4.1095],[-62.1965,4.1134],[-62.1929,4.1106],[-62.1931,4.1033],[-62.1932,4.0987],[-62.1451,4.0753],[-62.113,4.0919],[-62.1159,4.1143],[-62.0965,4.1278],[-62.0712,4.1256],[-62.0762,4.1542],[-62.0274,4.1522],[-61.9837,4.1797],[-61.9762,4.1517],[-61.93,4.1037],[-61.9225,4.1559],[-61.8712,4.1543],[-61.8686,4.1732],[-61.8234,4.164],[-61.821,4.2001],[-61.815,4.2013],[-61.8083,4.2028],[-61.8,4.2276],[-61.7631,4.2328],[-61.7744,4.2499],[-61.7229,4.2698],[-61.7244,4.2475],[-61.6656,4.2632],[-61.638,4.2386],[-61.6076,4.2614],[-61.59,4.2445],[-61.5591,4.2546],[-61.5076,4.3215],[-61.5262,4.3415],[-61.5163,4.3496],[-61.5128,4.4066],[-61.4857,4.4109],[-61.4477,4.4394],[-61.4384,4.4249],[-61.4198,4.4334],[-61.344,4.4201],[-61.319,4.4305],[-61.3126,4.458],[-61.2889,4.4582],[-61.2783,4.4784],[-61.321,4.504],[-61.3214,4.5351],[-61.2754,4.5283],[-61.2702,4.5329],[-61.2699,4.5344],[-61.269,4.54],[-61.2516,4.5225],[-61.2434,4.5342],[-61.2203,4.5235],[-61.2165,4.5346],[-61.1461,4.4829],[-61.0921,4.5228],[-60.9956,4.518],[-60.9842,4.5403],[-60.9571,4.5517],[-60.9557,4.584],[-60.9319,4.5867],[-60.9491,4.653],[-60.917,4.6653],[-60.9002,4.7158],[-60.8532,4.7043],[-60.8116,4.7317],[-60.806,4.7486],[-60.7427,4.7617],[-60.7206,4.779],[-60.719,4.8],[-60.6584,4.8502],[-60.6518,4.885],[-60.6282,4.8892],[-60.6154,4.9184],[-60.5913,4.9272],[-60.5835,4.9561],[-60.5987,4.9997],[-60.6416,5.0569],[-60.6403,5.1101],[-60.6546,5.1141],[-60.6561,5.1567],[-60.6861,5.1947],[-60.7356,5.2023],[-60.7242,5.2181],[-60.7226,5.2203],[-60.6504,5.2307],[-60.6243,5.2156],[-60.5955,5.2202],[-60.5701,5.1969],[-60.5649,5.1962],[-60.5451,5.1945],[-60.5276,5.2081],[-60.4531,5.2033],[-60.4337,5.1818],[-60.4119,5.2138],[-60.3845,5.2212],[-60.3664,5.2048],[-60.3276,5.2059],[-60.2704,5.2348],[-60.2696,5.2405],[-60.2692,5.244],[-60.2634,5.2514],[-60.2097,5.2709],[-60.1945,5.2397],[-60.1703,5.2277],[-60.135,5.2493],[-60.0944,5.1419],[-59.9962,5.0849],[-60.0075,5.0594],[-59.9952,5.0489],[-60.0018,5.0129],[-59.9897,4.9866],[-59.9936,4.9323],[-60.0392,4.784],[-60.0266,4.7735],[-60.0411,4.7161],[-60.0295,4.7009],[-60.0781,4.649],[-60.0746,4.609],[-60.1263,4.5966],[-60.1398,4.5565],[-60.1568,4.5659],[-60.1619,4.5083],[-60.1043,4.5015],[-60.1075,4.5171],[-60.0909,4.5237],[-60.0885,4.5104],[-60.067,4.5115],[-60.0704,4.4942],[-60.0028,4.4965],[-59.9733,4.4783],[-59.9652,4.5034],[-59.9337,4.4945],[-59.905,4.4561],[-59.8724,4.4804],[-59.8592,4.4496],[-59.8306,4.4554],[-59.8121,4.4458],[-59.7936,4.4658],[-59.7939,4.4465],[-59.7384,4.4217],[-59.7155,4.3927],[-59.6751,4.3728],[-59.6779,4.3409],[-59.731,4.2845],[-59.7287,4.2822],[-59.7265,4.2789],[-59.7271,4.2713],[-59.7073,4.2684],[-59.729,4.2435],[-59.7296,4.2428],[-59.7351,4.2355],[-59.724,4.1828],[-59.6801,4.147],[-59.6159,4.1325],[-59.6488,4.0718],[-59.615,4.054],[-59.5972,4.0276],[-59.6081,4.0162],[-59.5886,4.0169],[-59.5893,3.996],[-59.5743,4.002],[-59.5843,3.9678],[-59.5478,3.9792],[-59.5256,3.9672],[-59.5175,3.9435],[-59.5279,3.9243],[-59.5345,3.9268],[-59.536,3.929],[-59.5384,3.9326],[-59.5643,3.92],[-59.5688,3.8917],[-59.5758,3.8986],[-59.5769,3.8997],[-59.5939,3.8843],[-59.5782,3.832],[-59.5791,3.8166],[-59.5975,3.815],[-59.5954,3.7962],[-59.6006,3.7963],[-59.6077,3.8009],[-59.6119,3.8036],[-59.6295,3.785],[-59.6329,3.7967],[-59.6788,3.7588],[-59.6638,3.7335],[-59.6678,3.7035],[-59.7431,3.6597],[-59.7657,3.6266],[-59.85,3.6043],[-59.8652,3.5773],[-59.862,3.5758],[-59.8594,3.5746],[-59.8586,3.5706],[-59.87,3.5631],[-59.8424,3.5551],[-59.8346,3.5273],[-59.8031,3.5075],[-59.8013,3.4923],[-59.81,3.4889],[-59.8154,3.4868],[-59.8214,3.4834],[-59.8105,3.4702],[-59.8234,3.4695],[-59.8411,3.4265],[-59.8152,3.4262],[-59.822,3.4095],[-59.8062,3.3548],[-59.8328,3.3529],[-59.8271,3.3343],[-59.8598,3.2788],[-59.8664,3.2787],[-59.8672,3.2786],[-59.8731,3.2777],[-59.8875,3.2422],[-59.8749,3.2239],[-59.9077,3.2105],[-59.8997,3.1546],[-59.9164,3.1459]]]]},"alpha2":"BR-RR","centroid":{"lat":2.7377,"lng":-62.075},"isState":true},{"type":"Feature","properties":{"name":"Rio Grande do Sul","NAME":"Rio Grande do Sul","sigla":"RS","code":"RS","POSTAL":"RS","ISO_A2":"BR-RS","alpha2":"BR-RS","region":"Sul","capital":"Porto Alegre"},"geometry":{"type":"MultiPolygon","coordinates":[[[[-52.0437,-31.5737],[-52.0363,-31.5691],[-52.0376,-31.5649],[-52.0393,-31.5595],[-52.1099,-31.5536],[-52.1161,-31.5821],[-52.1022,-31.6254],[-52.0944,-31.6298],[-52.0743,-31.624],[-52.0569,-31.5985],[-52.054,-31.6371],[-52.0815,-31.6658],[-52.0803,-31.6663],[-52.07,-31.6706],[-52.0686,-31.6761],[-52.1494,-31.6978],[-52.2003,-31.7281],[-52.203,-31.7306],[-52.223,-31.7493],[-52.2252,-31.7514],[-52.2129,-31.8092],[-52.2311,-31.8092],[-52.2247,-31.8163],[-52.2222,-31.8191],[-52.2225,-31.8429],[-52.2562,-31.8486],[-52.2339,-31.8942],[-52.2375,-31.8792],[-52.2346,-31.8763],[-52.2316,-31.8734],[-52.2209,-31.872],[-52.196,-31.8962],[-52.1927,-31.8976],[-52.1602,-31.9114],[-52.1325,-31.9232],[-52.1124,-31.9426],[-52.1125,-31.9609],[-52.1126,-31.9776],[-52.0893,-32.0222],[-52.1083,-32.0269],[-52.0961,-32.0292],[-52.0837,-32.0294],[-52.0679,-32.0296],[-52.0668,-32.0334],[-52.0644,-32.0416],[-52.0631,-32.0461],[-52.0861,-32.0582],[-52.1045,-32.1069],[-52.0982,-32.1615],[-52.1559,-32.1901],[-52.2313,-32.2565],[-52.2619,-32.2946],[-52.3064,-32.361],[-52.4155,-32.6068],[-52.4675,-32.7978],[-52.5115,-32.9027],[-52.6287,-33.1157],[-52.7952,-33.302],[-53.1516,-33.5889],[-53.3727,-33.7446],[-53.416,-33.7483],[-53.4224,-33.7439],[-53.4251,-33.7424],[-53.4324,-33.7377],[-53.4419,-33.6951],[-53.529,-33.6873],[-53.5257,-33.6256],[-53.5279,-33.6229],[-53.5317,-33.6185],[-53.5353,-33.6133],[-53.5122,-33.5976],[-53.5102,-33.5354],[-53.4814,-33.5455],[-53.4805,-33.5617],[-53.4847,-33.5597],[-53.4886,-33.5579],[-53.4789,-33.5728],[-53.4655,-33.5741],[-53.4604,-33.5745],[-53.4498,-33.5696],[-53.4572,-33.5505],[-53.4612,-33.5533],[-53.4645,-33.5549],[-53.434,-33.4994],[-53.427,-33.4341],[-53.4697,-33.2592],[-53.4304,-33.1556],[-53.4124,-33.1631],[-53.3917,-33.1507],[-53.3195,-33.0547],[-53.3181,-33.088],[-53.2769,-33.1086],[-53.261,-33.1072],[-53.2557,-33.1021],[-53.1594,-32.9692],[-53.1649,-32.8793],[-53.1429,-32.8089],[-53.1231,-32.791],[-53.0723,-32.8325],[-52.9822,-32.7341],[-53.0005,-32.793],[-52.8942,-32.8922],[-52.8333,-32.9132],[-52.8102,-32.9073],[-52.8042,-32.9054],[-52.7971,-32.9012],[-52.75,-32.8616],[-52.6192,-32.6373],[-52.5856,-32.5262],[-52.6286,-32.4173],[-52.6931,-32.3176],[-52.6785,-32.2581],[-52.6219,-32.1433],[-52.6727,-32.1644],[-52.7373,-32.1665],[-52.7368,-32.172],[-52.7414,-32.1727],[-52.7448,-32.1747],[-52.7305,-32.1954],[-52.7665,-32.2043],[-52.7363,-32.2016],[-52.7319,-32.2058],[-52.7284,-32.2124],[-52.7538,-32.2118],[-52.7742,-32.2331],[-52.7827,-32.2675],[-52.7858,-32.2688],[-52.7876,-32.2692],[-52.7948,-32.2708],[-52.7872,-32.2794],[-52.8173,-32.3405],[-52.813,-32.3469],[-52.8079,-32.3525],[-52.8005,-32.3511],[-52.8001,-32.351],[-52.7917,-32.3483],[-52.793,-32.3523],[-52.7956,-32.3542],[-52.8008,-32.3581],[-52.7993,-32.3627],[-52.7968,-32.3659],[-52.788,-32.378],[-52.7499,-32.3607],[-52.7217,-32.371],[-52.719,-32.3806],[-52.7216,-32.3846],[-52.7238,-32.3871],[-52.7888,-32.445],[-52.9534,-32.4855],[-52.982,-32.5095],[-53.0002,-32.5973],[-53.0608,-32.6183],[-53.0758,-32.6562],[-53.1278,-32.6379],[-53.1739,-32.6561],[-53.2415,-32.6259],[-53.2428,-32.6225],[-53.2484,-32.6061],[-53.2491,-32.6039],[-53.2867,-32.621],[-53.3317,-32.5857],[-53.354,-32.5908],[-53.3567,-32.5884],[-53.3594,-32.5846],[-53.3696,-32.5705],[-53.3879,-32.5863],[-53.4176,-32.5606],[-53.4313,-32.5654],[-53.463,-32.4848],[-53.5259,-32.4869],[-53.5571,-32.4709],[-53.6123,-32.417],[-53.6162,-32.3954],[-53.621,-32.3933],[-53.632,-32.3885],[-53.6437,-32.3832],[-53.6377,-32.366],[-53.6322,-32.3499],[-53.6552,-32.3179],[-53.6423,-32.2965],[-53.6762,-32.2593],[-53.6947,-32.2035],[-53.7099,-32.199],[-53.7079,-32.1959],[-53.7047,-32.1916],[-53.704,-32.1906],[-53.7226,-32.1731],[-53.7217,-32.1696],[-53.7194,-32.1618],[-53.7168,-32.1533],[-53.7238,-32.1529],[-53.7284,-32.1527],[-53.7338,-32.152],[-53.7262,-32.1379],[-53.743,-32.1154],[-53.725,-32.0973],[-53.7365,-32.0937],[-53.7438,-32.0914],[-53.7453,-32.0783],[-53.8327,-32.0542],[-53.8371,-32.0331],[-53.8416,-32.0319],[-53.8514,-32.0295],[-53.8495,-32.0008],[-53.8903,-31.9936],[-53.9121,-31.9666],[-53.9584,-31.9551],[-53.9717,-31.9183],[-54.0389,-31.8973],[-54.0854,-31.9325],[-54.091,-31.9309],[-54.0963,-31.9288],[-54.0999,-31.9273],[-54.1078,-31.9095],[-54.4539,-31.6521],[-54.467,-31.6122],[-54.4534,-31.5999],[-54.4927,-31.5591],[-54.5131,-31.5139],[-54.5739,-31.4819],[-54.5849,-31.4577],[-54.6298,-31.4559],[-54.6692,-31.4544],[-54.758,-31.4251],[-54.8353,-31.4414],[-54.8895,-31.3756],[-54.9379,-31.3807],[-54.9334,-31.3554],[-54.9584,-31.3513],[-54.9573,-31.3233],[-54.9779,-31.3168],[-55.0059,-31.2678],[-55.0306,-31.2695],[-55.0413,-31.3056],[-55.0593,-31.3311],[-55.0634,-31.3307],[-55.0732,-31.3319],[-55.1069,-31.3093],[-55.1209,-31.3125],[-55.1733,-31.2684],[-55.2379,-31.26],[-55.2491,-31.206],[-55.281,-31.1936],[-55.2701,-31.1764],[-55.288,-31.1634],[-55.2896,-31.143],[-55.3377,-31.1322],[-55.3264,-31.0879],[-55.357,-31.0668],[-55.3498,-31.0374],[-55.3674,-31.0343],[-55.3732,-31.0189],[-55.4039,-31.0269],[-55.436,-31.0039],[-55.4252,-30.9852],[-55.4399,-30.9604],[-55.4855,-30.9469],[-55.4857,-30.9267],[-55.5037,-30.9218],[-55.5084,-30.9023],[-55.5446,-30.8901],[-55.5766,-30.8332],[-55.6036,-30.849],[-55.6361,-30.8471],[-55.6596,-30.8688],[-55.6416,-30.9107],[-55.6647,-30.952],[-55.6916,-30.944],[-55.7087,-30.954],[-55.7106,-30.951],[-55.7163,-30.9425],[-55.7217,-30.9427],[-55.7277,-30.9791],[-55.7702,-30.9974],[-55.7742,-31.0135],[-55.8108,-31.0153],[-55.8292,-31.0433],[-55.8543,-31.0446],[-55.8692,-31.0697],[-55.8818,-31.0764],[-55.8899,-31.0764],[-55.8932,-31.0724],[-55.894,-31.0714],[-55.8982,-31.0662],[-55.9357,-31.0854],[-55.9777,-31.0731],[-56.0094,-31.0808],[-56.018,-31.0379],[-56.005,-30.9728],[-56.014,-30.9435],[-55.989,-30.8585],[-56.0224,-30.7861],[-56.0617,-30.7729],[-56.0659,-30.7483],[-56.0898,-30.7561],[-56.1073,-30.7326],[-56.1277,-30.7381],[-56.1317,-30.7126],[-56.1361,-30.7107],[-56.1368,-30.7104],[-56.1498,-30.7055],[-56.1368,-30.6861],[-56.1661,-30.6631],[-56.1651,-30.6407],[-56.1819,-30.6251],[-56.1792,-30.6227],[-56.1767,-30.6205],[-56.1696,-30.6148],[-56.2192,-30.6071],[-56.2319,-30.5933],[-56.2258,-30.578],[-56.2375,-30.5736],[-56.2595,-30.5855],[-56.258,-30.5615],[-56.2803,-30.5603],[-56.2919,-30.5209],[-56.3276,-30.5294],[-56.3525,-30.493],[-56.3828,-30.4977],[-56.4049,-30.4686],[-56.3967,-30.4505],[-56.4149,-30.4307],[-56.4518,-30.4221],[-56.4485,-30.4188],[-56.4473,-30.4177],[-56.4436,-30.4145],[-56.4582,-30.3852],[-56.4882,-30.3986],[-56.5058,-30.3681],[-56.5445,-30.3584],[-56.5394,-30.314],[-56.5561,-30.3186],[-56.5752,-30.2884],[-56.6162,-30.3008],[-56.6053,-30.2822],[-56.6127,-30.2611],[-56.6265,-30.267],[-56.6366,-30.2558],[-56.6241,-30.2483],[-56.6669,-30.2175],[-56.6449,-30.2044],[-56.6804,-30.1956],[-56.6949,-30.2044],[-56.7052,-30.1761],[-56.7755,-30.1637],[-56.7789,-30.127],[-56.8005,-30.1197],[-56.8066,-30.1037],[-56.8843,-30.0876],[-56.8977,-30.1064],[-56.9033,-30.1119],[-56.9168,-30.0963],[-56.9553,-30.1012],[-56.9923,-30.0861],[-56.9993,-30.0867],[-57.0222,-30.0877],[-57.0436,-30.1051],[-57.0559,-30.0992],[-57.0641,-30.1008],[-57.0669,-30.1003],[-57.0684,-30.0864],[-57.088,-30.1201],[-57.1144,-30.1139],[-57.1047,-30.1351],[-57.1275,-30.1411],[-57.1673,-30.1987],[-57.1605,-30.2422],[-57.2213,-30.2898],[-57.2307,-30.2897],[-57.2469,-30.2901],[-57.2593,-30.267],[-57.2796,-30.2937],[-57.3096,-30.2571],[-57.3496,-30.2836],[-57.3686,-30.2727],[-57.3939,-30.3043],[-57.4094,-30.3003],[-57.4151,-30.3019],[-57.4179,-30.3009],[-57.415,-30.2794],[-57.4648,-30.2648],[-57.4768,-30.2653],[-57.4855,-30.2674],[-57.4885,-30.2693],[-57.4977,-30.2872],[-57.501,-30.2875],[-57.519,-30.2861],[-57.5233,-30.2852],[-57.566,-30.2568],[-57.5565,-30.212],[-57.6088,-30.1891],[-57.6427,-30.1884],[-57.6414,-30.1855],[-57.6355,-30.1757],[-57.6324,-30.1742],[-57.5476,-30.1633],[-57.4816,-30.1233],[-57.4296,-30.0523],[-57.3452,-30.0028],[-57.326,-29.9619],[-57.3271,-29.8798],[-57.2777,-29.8171],[-57.2268,-29.7789],[-57.1692,-29.7803],[-57.1213,-29.7644],[-57.0366,-29.6974],[-57.0045,-29.6545],[-56.9675,-29.6386],[-56.9693,-29.6058],[-56.9671,-29.5997],[-56.9537,-29.583],[-56.8757,-29.5144],[-56.8101,-29.4761],[-56.777,-29.4312],[-56.7656,-29.3771],[-56.7051,-29.3613],[-56.6465,-29.2589],[-56.6434,-29.1966],[-56.5889,-29.1196],[-56.4135,-29.0707],[-56.3957,-29.0177],[-56.3975,-29.0137],[-56.3989,-29.0126],[-56.4142,-28.9998],[-56.413,-28.9903],[-56.409,-28.9766],[-56.3805,-28.9494],[-56.3331,-28.9327],[-56.3034,-28.8996],[-56.2997,-28.8132],[-56.2825,-28.7877],[-56.1829,-28.7681],[-56.1244,-28.6867],[-56.002,-28.5989],[-56,-28.5916],[-55.999,-28.5846],[-56.0019,-28.5749],[-56.0248,-28.5387],[-56.0104,-28.5071],[-55.8855,-28.4796],[-55.8799,-28.4719],[-55.8816,-28.4594],[-55.901,-28.4064],[-55.8716,-28.3585],[-55.7453,-28.3712],[-55.7185,-28.4169],[-55.6995,-28.4256],[-55.6675,-28.3333],[-55.7311,-28.2859],[-55.7725,-28.2723],[-55.7733,-28.2448],[-55.6982,-28.2216],[-55.6307,-28.1759],[-55.6078,-28.1157],[-55.5841,-28.1221],[-55.5858,-28.1466],[-55.557,-28.162],[-55.5401,-28.1241],[-55.5111,-28.1124],[-55.493,-28.0772],[-55.4445,-28.0962],[-55.4146,-28.0562],[-55.3694,-28.0273],[-55.3831,-27.9829],[-55.3424,-27.9706],[-55.316,-27.9247],[-55.2637,-27.9313],[-55.1958,-27.8562],[-55.1689,-27.8616],[-55.1319,-27.8958],[-55.1255,-27.8604],[-55.1066,-27.8463],[-55.0313,-27.8549],[-55.0274,-27.8277],[-55.0804,-27.7975],[-55.0803,-27.7791],[-55.0492,-27.768],[-55.0102,-27.7969],[-54.989,-27.7726],[-54.9361,-27.7721],[-54.9037,-27.7253],[-54.9034,-27.6368],[-54.8497,-27.6232],[-54.8116,-27.5292],[-54.8072,-27.5284],[-54.7995,-27.5292],[-54.7956,-27.5316],[-54.7744,-27.5852],[-54.7417,-27.5613],[-54.682,-27.5743],[-54.6776,-27.5721],[-54.6726,-27.5697],[-54.6714,-27.5659],[-54.6724,-27.5046],[-54.6638,-27.5052],[-54.6566,-27.5114],[-54.6532,-27.5146],[-54.6431,-27.5422],[-54.6213,-27.5409],[-54.5847,-27.4542],[-54.5777,-27.4535],[-54.5738,-27.4533],[-54.5667,-27.4575],[-54.5297,-27.5053],[-54.5029,-27.4805],[-54.4442,-27.4725],[-54.4403,-27.4673],[-54.4414,-27.4602],[-54.4685,-27.4289],[-54.4105,-27.4047],[-54.3462,-27.4666],[-54.3331,-27.4563],[-54.3355,-27.4012],[-54.2799,-27.4455],[-54.2652,-27.4346],[-54.2602,-27.3972],[-54.2112,-27.3787],[-54.21,-27.346],[-54.1721,-27.2544],[-54.1549,-27.2618],[-54.1544,-27.2959],[-54.0775,-27.2968],[-54.0542,-27.2647],[-54.0237,-27.2505],[-54.0113,-27.196],[-53.9596,-27.194],[-53.9494,-27.151],[-53.9027,-27.1742],[-53.8743,-27.1272],[-53.8664,-27.128],[-53.8602,-27.1277],[-53.8416,-27.1619],[-53.8169,-27.1744],[-53.7726,-27.1478],[-53.7637,-27.1538],[-53.7562,-27.1717],[-53.7484,-27.1905],[-53.6661,-27.1617],[-53.6504,-27.1764],[-53.642,-27.2204],[-53.6345,-27.2186],[-53.6214,-27.1937],[-53.6186,-27.1884],[-53.5635,-27.173],[-53.4915,-27.2017],[-53.506,-27.1379],[-53.4942,-27.1327],[-53.4805,-27.1348],[-53.4685,-27.1477],[-53.463,-27.1516],[-53.4575,-27.1556],[-53.4107,-27.1403],[-53.372,-27.0905],[-53.3474,-27.117],[-53.3423,-27.1186],[-53.3101,-27.1182],[-53.2988,-27.1261],[-53.2941,-27.1339],[-53.3183,-27.1947],[-53.3095,-27.2169],[-53.2424,-27.1703],[-53.1882,-27.191],[-53.1579,-27.1384],[-53.1326,-27.1778],[-53.1295,-27.178],[-53.1123,-27.1697],[-53.0718,-27.1571],[-53.0758,-27.1035],[-53.0285,-27.0801],[-53.022,-27.0831],[-53.018,-27.0902],[-53.0426,-27.1455],[-53.0383,-27.1542],[-53.0261,-27.1567],[-53.012,-27.1422],[-53.003,-27.1329],[-52.9933,-27.1378],[-52.9831,-27.1642],[-52.9933,-27.1757],[-52.9977,-27.1807],[-53.0021,-27.1895],[-52.9997,-27.2064],[-52.9897,-27.2173],[-52.9772,-27.2207],[-52.9513,-27.1616],[-52.9251,-27.2019],[-52.85,-27.1685],[-52.8437,-27.2061],[-52.7589,-27.2152],[-52.763,-27.243],[-52.7542,-27.2567],[-52.7146,-27.2364],[-52.6986,-27.282],[-52.6665,-27.2379],[-52.6309,-27.2644],[-52.549,-27.2382],[-52.5448,-27.2399],[-52.5358,-27.2595],[-52.5343,-27.2597],[-52.497,-27.2629],[-52.4792,-27.2644],[-52.4806,-27.2528],[-52.4815,-27.2447],[-52.4781,-27.2349],[-52.4454,-27.2172],[-52.4305,-27.2233],[-52.4402,-27.2597],[-52.4345,-27.2657],[-52.4188,-27.2822],[-52.3953,-27.2922],[-52.3933,-27.2846],[-52.3994,-27.258],[-52.392,-27.2521],[-52.3806,-27.2594],[-52.3833,-27.2844],[-52.3773,-27.2982],[-52.3749,-27.3038],[-52.3646,-27.3033],[-52.3558,-27.2961],[-52.346,-27.288],[-52.2976,-27.3166],[-52.3013,-27.2596],[-52.2534,-27.257],[-52.2345,-27.2703],[-52.2634,-27.2819],[-52.2646,-27.2824],[-52.2772,-27.2965],[-52.2739,-27.3025],[-52.2496,-27.3036],[-52.2447,-27.3052],[-52.2398,-27.3068],[-52.2237,-27.3286],[-52.2126,-27.3303],[-52.2122,-27.3303],[-52.166,-27.2734],[-52.1591,-27.2806],[-52.1653,-27.3074],[-52.1662,-27.3114],[-52.1074,-27.3092],[-52.1065,-27.3411],[-52.1002,-27.3459],[-52.0975,-27.3479],[-52.0726,-27.338],[-52.0484,-27.3444],[-52.0403,-27.3446],[-52.0394,-27.3441],[-52.0178,-27.3313],[-52.0088,-27.3339],[-52.0082,-27.3429],[-52.019,-27.3522],[-52.0219,-27.3546],[-52.0201,-27.3615],[-51.9968,-27.3774],[-51.9505,-27.3808],[-51.9494,-27.3918],[-51.9539,-27.3944],[-51.9581,-27.3939],[-51.9881,-27.3904],[-51.9914,-27.3898],[-52.0023,-27.3941],[-52.0073,-27.4016],[-51.9337,-27.4319],[-51.962,-27.4616],[-51.9633,-27.4674],[-51.9547,-27.4737],[-51.9001,-27.4643],[-51.889,-27.5198],[-51.8767,-27.5185],[-51.8727,-27.513],[-51.8791,-27.4879],[-51.8758,-27.4827],[-51.8569,-27.4752],[-51.8423,-27.4857],[-51.8426,-27.4868],[-51.8538,-27.5179],[-51.8469,-27.5254],[-51.8375,-27.5205],[-51.8373,-27.5205],[-51.8205,-27.5123],[-51.8035,-27.5239],[-51.795,-27.5298],[-51.7868,-27.528],[-51.7859,-27.5233],[-51.7854,-27.5212],[-51.7979,-27.4906],[-51.7529,-27.4869],[-51.7238,-27.513],[-51.6866,-27.479],[-51.6565,-27.5197],[-51.6311,-27.4888],[-51.6193,-27.5006],[-51.6209,-27.5056],[-51.6314,-27.5378],[-51.6223,-27.546],[-51.5798,-27.5241],[-51.5793,-27.5387],[-51.586,-27.5605],[-51.5776,-27.5762],[-51.5686,-27.5835],[-51.5477,-27.5597],[-51.4899,-27.5596],[-51.4773,-27.5696],[-51.4756,-27.5901],[-51.4749,-27.5979],[-51.4351,-27.6326],[-51.4357,-27.639],[-51.4365,-27.6496],[-51.4322,-27.6545],[-51.3862,-27.6234],[-51.3698,-27.637],[-51.3736,-27.6504],[-51.3767,-27.6616],[-51.3692,-27.672],[-51.3161,-27.6742],[-51.3107,-27.6938],[-51.3015,-27.7021],[-51.3082,-27.719],[-51.2755,-27.7235],[-51.2731,-27.7491],[-51.2465,-27.7607],[-51.2418,-27.7731],[-51.2348,-27.7789],[-51.2275,-27.7734],[-51.2235,-27.7707],[-51.2216,-27.7695],[-51.1904,-27.7767],[-51.1576,-27.8027],[-51.1333,-27.8059],[-51.132,-27.8184],[-51.1318,-27.8204],[-51.1308,-27.8296],[-51.0816,-27.8344],[-51.0767,-27.8409],[-51.0784,-27.8518],[-51.0794,-27.8581],[-51.0723,-27.8652],[-51.0646,-27.8666],[-51.0538,-27.8674],[-51.0558,-27.901],[-51.0171,-27.9252],[-51.0188,-27.9549],[-51.0101,-27.9626],[-50.9844,-27.9418],[-50.9284,-27.9686],[-50.9223,-28.0112],[-50.8927,-28.0203],[-50.8765,-28.0409],[-50.8751,-28.0533],[-50.8749,-28.0548],[-50.8814,-28.0676],[-50.9014,-28.0867],[-50.8897,-28.0888],[-50.8811,-28.0903],[-50.8756,-28.0943],[-50.8687,-28.1372],[-50.828,-28.1187],[-50.8226,-28.1303],[-50.818,-28.14],[-50.8043,-28.1394],[-50.7919,-28.1389],[-50.786,-28.1428],[-50.7882,-28.1979],[-50.7774,-28.1999],[-50.7722,-28.1949],[-50.7655,-28.1884],[-50.7489,-28.2472],[-50.7113,-28.2651],[-50.6978,-28.2663],[-50.6941,-28.288],[-50.6736,-28.3031],[-50.6608,-28.3192],[-50.6589,-28.3216],[-50.6595,-28.3233],[-50.6645,-28.3375],[-50.6497,-28.345],[-50.648,-28.3459],[-50.6278,-28.3635],[-50.6304,-28.3723],[-50.6322,-28.3787],[-50.6246,-28.391],[-50.5912,-28.3817],[-50.5364,-28.4286],[-50.5271,-28.4036],[-50.4554,-28.4104],[-50.4488,-28.4192],[-50.4455,-28.4236],[-50.4333,-28.4306],[-50.4227,-28.4311],[-50.4104,-28.4317],[-50.3962,-28.4324],[-50.3937,-28.4357],[-50.3878,-28.4436],[-50.3792,-28.4455],[-50.3718,-28.429],[-50.3696,-28.424],[-50.3567,-28.4204],[-50.3453,-28.4628],[-50.3278,-28.4338],[-50.2711,-28.4562],[-50.2512,-28.4484],[-50.2621,-28.4457],[-50.2626,-28.4444],[-50.2632,-28.4425],[-50.2466,-28.4287],[-50.2226,-28.4625],[-50.2156,-28.4567],[-50.2003,-28.4439],[-50.1765,-28.4523],[-50.1565,-28.4972],[-50.139,-28.4937],[-50.1452,-28.4769],[-50.1492,-28.4719],[-50.159,-28.4596],[-50.1263,-28.4289],[-50.1111,-28.4447],[-50.1241,-28.4738],[-50.1074,-28.4726],[-50.0996,-28.4848],[-50.0914,-28.4774],[-50.0859,-28.4724],[-50.0357,-28.4774],[-50.0181,-28.4518],[-49.9871,-28.4554],[-49.971,-28.4386],[-49.9666,-28.4541],[-49.9575,-28.4493],[-49.9509,-28.4501],[-49.9502,-28.4657],[-49.9501,-28.4662],[-49.943,-28.4815],[-49.9273,-28.4511],[-49.9092,-28.4598],[-49.9029,-28.4628],[-49.8981,-28.4627],[-49.8881,-28.4576],[-49.8899,-28.4542],[-49.8959,-28.4431],[-49.8575,-28.4431],[-49.8551,-28.4451],[-49.8751,-28.4534],[-49.8769,-28.4541],[-49.8732,-28.4563],[-49.8631,-28.4621],[-49.8635,-28.4711],[-49.8636,-28.4735],[-49.869,-28.4801],[-49.8418,-28.4835],[-49.8449,-28.4928],[-49.8393,-28.4957],[-49.8254,-28.4777],[-49.8105,-28.4833],[-49.8094,-28.4675],[-49.7829,-28.4958],[-49.7813,-28.4717],[-49.7725,-28.4666],[-49.7684,-28.4595],[-49.7647,-28.4597],[-49.765,-28.4823],[-49.7697,-28.4938],[-49.7445,-28.4938],[-49.7278,-28.518],[-49.7383,-28.5271],[-49.7462,-28.5339],[-49.7475,-28.5462],[-49.7111,-28.5729],[-49.7094,-28.6042],[-49.6984,-28.6062],[-49.6911,-28.6184],[-49.7079,-28.63],[-49.7541,-28.6285],[-49.7556,-28.6232],[-49.7577,-28.6152],[-49.7654,-28.6221],[-49.7716,-28.6275],[-49.7804,-28.6298],[-49.7812,-28.6282],[-49.7846,-28.6222],[-49.7821,-28.6108],[-49.8168,-28.6401],[-49.8123,-28.658],[-49.8373,-28.6666],[-49.8207,-28.6932],[-49.8416,-28.7135],[-49.8716,-28.704],[-49.8752,-28.7444],[-49.8881,-28.7462],[-49.8817,-28.7196],[-49.8845,-28.7178],[-49.8924,-28.7233],[-49.8939,-28.7242],[-49.9019,-28.7157],[-49.9048,-28.7126],[-49.9036,-28.7066],[-49.9133,-28.7151],[-49.925,-28.7184],[-49.9349,-28.7276],[-49.9308,-28.7392],[-49.9305,-28.7401],[-49.9215,-28.7456],[-49.9531,-28.7597],[-49.9585,-28.7788],[-49.9464,-28.8057],[-49.9549,-28.8025],[-49.9594,-28.8008],[-49.9635,-28.8217],[-49.9628,-28.8261],[-49.9554,-28.8259],[-49.9537,-28.8259],[-49.955,-28.8334],[-49.9583,-28.8521],[-49.954,-28.851],[-49.945,-28.8487],[-49.9662,-28.8734],[-49.9286,-28.8709],[-49.9652,-28.9217],[-49.9617,-28.9241],[-49.951,-28.9236],[-49.9435,-28.9232],[-49.9559,-28.9613],[-49.9373,-28.9649],[-49.9339,-28.974],[-49.92,-28.9782],[-49.9345,-28.9843],[-49.938,-28.9782],[-49.9414,-29.0008],[-49.9643,-29.022],[-49.9381,-29.0231],[-49.9587,-29.0489],[-50.007,-29.0716],[-49.9636,-29.0642],[-49.954,-29.085],[-49.9622,-29.084],[-49.967,-29.0835],[-49.9677,-29.1156],[-49.9906,-29.1188],[-49.9883,-29.1225],[-49.9838,-29.1296],[-49.9864,-29.1361],[-50.0135,-29.1278],[-50.0054,-29.1342],[-50.0051,-29.1405],[-50.0047,-29.1504],[-50.0276,-29.1706],[-50.0195,-29.1743],[-50.0211,-29.1785],[-50.0164,-29.1809],[-50.0653,-29.191],[-50.0625,-29.1828],[-50.0604,-29.1765],[-50.0665,-29.1815],[-50.0763,-29.1894],[-50.0919,-29.1671],[-50.0766,-29.1609],[-50.0788,-29.156],[-50.0816,-29.1598],[-50.0989,-29.1632],[-50.0852,-29.1932],[-50.0923,-29.1991],[-50.0864,-29.2001],[-50.0927,-29.2219],[-50.1106,-29.2372],[-50.1081,-29.23],[-50.111,-29.2234],[-50.1009,-29.2247],[-50.0933,-29.2129],[-50.1396,-29.1934],[-50.1514,-29.2026],[-50.1402,-29.2014],[-50.1371,-29.2046],[-50.1334,-29.2084],[-50.1499,-29.2288],[-50.147,-29.2291],[-50.1419,-29.2297],[-50.1385,-29.2339],[-50.1408,-29.2384],[-50.1487,-29.2412],[-50.166,-29.2473],[-50.1552,-29.2484],[-50.1565,-29.252],[-50.1498,-29.2493],[-50.1471,-29.2877],[-50.1414,-29.2879],[-50.1423,-29.2918],[-50.1288,-29.3027],[-50.1305,-29.2884],[-50.1308,-29.2858],[-50.123,-29.2814],[-50.0859,-29.3228],[-50.0573,-29.3272],[-50.0575,-29.3284],[-50.0588,-29.3363],[-50.0645,-29.3409],[-50.0494,-29.3389],[-50.0487,-29.3395],[-50.0369,-29.3508],[-50.0627,-29.3116],[-50.108,-29.2803],[-50.1142,-29.2588],[-49.9463,-29.2],[-49.8685,-29.224],[-49.8405,-29.2771],[-49.7487,-29.2966],[-49.7299,-29.3173],[-49.7363,-29.3187],[-49.743,-29.3202],[-49.7443,-29.3279],[-49.7113,-29.3254],[-49.9226,-29.6065],[-50.0175,-29.7718],[-50.1174,-29.9752],[-50.333,-30.5003],[-50.7688,-31.1096],[-50.8476,-31.1953],[-50.8695,-31.2179],[-50.887,-31.2359],[-51.1733,-31.4723],[-51.1913,-31.4955],[-51.2214,-31.5364],[-51.2498,-31.5667],[-51.4699,-31.7259],[-51.7177,-31.8546],[-51.8846,-31.9577],[-52.0811,-32.1569],[-52.0783,-32.1373],[-52.0817,-32.1324],[-52.0883,-32.1287],[-52.0485,-32.0728],[-52.04,-32.0364],[-52.0541,-31.9818],[-52.0479,-31.9744],[-52.0328,-31.9714],[-52.0223,-31.9693],[-52.0133,-31.9388],[-52.0916,-31.8609],[-52.0976,-31.8354],[-52.062,-31.8157],[-52.0479,-31.8135],[-52.0035,-31.8186],[-51.9079,-31.8686],[-51.8517,-31.867],[-51.8478,-31.8645],[-51.8078,-31.8382],[-51.8124,-31.8168],[-51.7866,-31.8058],[-51.8124,-31.8168],[-51.8646,-31.7989],[-51.6641,-31.7704],[-51.5929,-31.7054],[-51.4908,-31.5688],[-51.4839,-31.5648],[-51.4741,-31.5592],[-51.4696,-31.5892],[-51.4476,-31.6063],[-51.4358,-31.6243],[-51.4363,-31.6162],[-51.4548,-31.5902],[-51.4645,-31.5641],[-51.4623,-31.5603],[-51.4499,-31.5393],[-51.4483,-31.5273],[-51.4557,-31.5362],[-51.4621,-31.5439],[-51.4604,-31.534],[-51.4588,-31.5284],[-51.4289,-31.4803],[-51.4158,-31.4729],[-51.4094,-31.5121],[-51.36,-31.5286],[-51.2378,-31.4576],[-51.1788,-31.3629],[-51.1586,-31.2811],[-51.1797,-31.1339],[-51.1681,-31.0668],[-51.1556,-31.0812],[-51.1429,-31.0897],[-51.1407,-31.0912],[-51.1031,-31.0989],[-51.048,-31.0611],[-50.98,-31.0405],[-50.954,-31.0027],[-50.9509,-30.959],[-50.9662,-30.8956],[-50.9108,-30.9052],[-50.8187,-30.84],[-50.7531,-30.8183],[-50.7015,-30.7458],[-50.679,-30.6086],[-50.7,-30.4242],[-50.7289,-30.3677],[-50.7212,-30.3628],[-50.717,-30.3515],[-50.7079,-30.3533],[-50.7051,-30.3472],[-50.6986,-30.3457],[-50.6474,-30.3949],[-50.6235,-30.3916],[-50.6373,-30.3783],[-50.6268,-30.3273],[-50.5926,-30.3998],[-50.6478,-30.4119],[-50.6558,-30.4256],[-50.6539,-30.4424],[-50.6106,-30.4852],[-50.5744,-30.4814],[-50.5669,-30.3952],[-50.5448,-30.3554],[-50.5546,-30.3197],[-50.5374,-30.2734],[-50.5384,-30.2682],[-50.5421,-30.252],[-50.5741,-30.2394],[-50.5969,-30.1941],[-50.6584,-30.1994],[-50.6683,-30.2542],[-50.6544,-30.2809],[-50.6556,-30.2852],[-50.6617,-30.2892],[-50.6727,-30.2961],[-50.7715,-30.2958],[-50.7728,-30.2881],[-50.7812,-30.2844],[-50.7879,-30.2908],[-50.792,-30.3044],[-50.7943,-30.312],[-50.7885,-30.3326],[-50.7753,-30.3334],[-50.7856,-30.3356],[-50.7933,-30.3372],[-50.7964,-30.3379],[-50.8435,-30.3202],[-50.9216,-30.3316],[-50.938,-30.3746],[-50.9295,-30.4353],[-51.0125,-30.3891],[-51.0547,-30.3914],[-51.0408,-30.3659],[-51.0682,-30.3545],[-51.0393,-30.3424],[-51.0341,-30.3363],[-51.032,-30.3321],[-51.0292,-30.3268],[-51.0335,-30.3259],[-51.0397,-30.3247],[-51.0301,-30.3221],[-51.0253,-30.3208],[-51.0241,-30.3161],[-51.0203,-30.3002],[-51.0193,-30.296],[-51.0289,-30.2765],[-51.0302,-30.274],[-51.0642,-30.2757],[-51.0687,-30.2706],[-51.0628,-30.2632],[-51.0672,-30.2502],[-51.0784,-30.2447],[-51.0859,-30.241],[-51.1021,-30.2539],[-51.1277,-30.248],[-51.1328,-30.2566],[-51.1362,-30.2623],[-51.1334,-30.2689],[-51.1369,-30.2683],[-51.1578,-30.262],[-51.1553,-30.2554],[-51.1544,-30.253],[-51.1513,-30.2461],[-51.1834,-30.2342],[-51.1807,-30.228],[-51.1798,-30.2258],[-51.1769,-30.2194],[-51.1987,-30.2101],[-51.1985,-30.2095],[-51.1937,-30.1995],[-51.1977,-30.1939],[-51.2481,-30.1858],[-51.2261,-30.1764],[-51.2253,-30.1444],[-51.2612,-30.1201],[-51.2657,-30.1026],[-51.2607,-30.0964],[-51.2501,-30.0947],[-51.2299,-30.0432],[-51.242,-30.0431],[-51.2416,-30.0349],[-51.2501,-30.0345],[-51.2527,-30.0405],[-51.255,-30.0456],[-51.2624,-30.0538],[-51.2596,-30.034],[-51.2791,-30.0373],[-51.2673,-30.0285],[-51.2676,-30.016],[-51.2771,-30.0104],[-51.2821,-30.0214],[-51.2952,-30.0012],[-51.3018,-30.0094],[-51.3037,-30.027],[-51.2997,-30.0338],[-51.2918,-30.0471],[-51.2997,-30.0413],[-51.3138,-30.0823],[-51.3056,-30.1351],[-51.3235,-30.1699],[-51.309,-30.1825],[-51.328,-30.2263],[-51.3128,-30.2393],[-51.3097,-30.2381],[-51.3026,-30.2354],[-51.2916,-30.231],[-51.2981,-30.2395],[-51.2947,-30.2457],[-51.2943,-30.2464],[-51.2895,-30.2489],[-51.2868,-30.2503],[-51.2729,-30.2493],[-51.2974,-30.2591],[-51.299,-30.2835],[-51.2964,-30.2924],[-51.2931,-30.3035],[-51.2566,-30.3053],[-51.2468,-30.3279],[-51.2102,-30.2974],[-51.2068,-30.3403],[-51.1842,-30.382],[-51.0972,-30.357],[-51.0941,-30.3642],[-51.0943,-30.369],[-51.0948,-30.3811],[-51.1028,-30.376],[-51.1113,-30.3852],[-51.1179,-30.3927],[-51.1214,-30.3966],[-51.1423,-30.4705],[-51.1414,-30.4261],[-51.182,-30.4074],[-51.2286,-30.4233],[-51.258,-30.4663],[-51.3028,-30.588],[-51.2955,-30.7505],[-51.316,-30.7034],[-51.3171,-30.6476],[-51.3289,-30.6376],[-51.3341,-30.6333],[-51.3636,-30.6327],[-51.3765,-30.6399],[-51.3864,-30.6545],[-51.4037,-30.7824],[-51.39,-30.8398],[-51.3812,-30.8604],[-51.3686,-30.8737],[-51.4471,-30.8729],[-51.4648,-30.8824],[-51.4761,-30.8886],[-51.4961,-30.9149],[-51.4994,-30.9514],[-51.4994,-30.9552],[-51.499,-30.9723],[-51.4934,-30.9942],[-51.4875,-31.017],[-51.4852,-31.0258],[-51.4595,-31.0747],[-51.4402,-31.0872],[-51.6176,-31.1392],[-51.6256,-31.1492],[-51.6281,-31.1524],[-51.6389,-31.1802],[-51.639,-31.1826],[-51.6392,-31.1849],[-51.642,-31.2252],[-51.6277,-31.2649],[-51.6235,-31.2659],[-51.6162,-31.2672],[-51.7061,-31.2651],[-51.7565,-31.2855],[-51.767,-31.2822],[-51.7682,-31.2778],[-51.7899,-31.2727],[-51.8587,-31.3316],[-51.8695,-31.2943],[-51.8785,-31.3237],[-51.9189,-31.3103],[-51.9212,-31.3122],[-51.9279,-31.3177],[-51.9311,-31.3204],[-51.9224,-31.3313],[-51.9597,-31.3528],[-51.9514,-31.3749],[-51.9818,-31.3855],[-51.9931,-31.413],[-52.0174,-31.5398],[-52.0095,-31.6135],[-52.0322,-31.6946],[-52.0581,-31.6787],[-52.0421,-31.6649],[-52.0432,-31.6439],[-52.039,-31.6449],[-52.0337,-31.6461],[-52.0282,-31.6472],[-52.0544,-31.5967],[-52.0525,-31.5872],[-52.0396,-31.575],[-52.0437,-31.5737]]],[[[-51.2955,-30.7505],[-51.2817,-30.7973],[-51.2806,-30.8011],[-51.2814,-30.8078],[-51.2819,-30.812],[-51.2898,-30.817],[-51.2978,-30.8157],[-51.2846,-30.8065],[-51.2868,-30.797],[-51.3234,-30.7804],[-51.3144,-30.7817],[-51.3142,-30.7817],[-51.3049,-30.7838],[-51.2955,-30.7505]]],[[[-50.0982,-29.2361],[-50.0927,-29.2219],[-50.0849,-29.2152],[-50.0982,-29.2361]]],[[[-51.1481,-30.473],[-51.1423,-30.4705],[-51.1521,-30.4997],[-51.1566,-30.4984],[-51.1481,-30.473]]],[[[-49.9561,-29.067],[-49.9563,-29.0617],[-49.9456,-29.0551],[-49.9396,-29.0567],[-49.9561,-29.067]]],[[[-51.2945,-30.0536],[-51.2892,-30.0569],[-51.2684,-30.0554],[-51.2918,-30.0643],[-51.2945,-30.0536]]],[[[-52.1017,-31.8015],[-52.1062,-31.8016],[-52.1105,-31.7927],[-52.0935,-31.7927],[-52.1017,-31.8015]]],[[[-53.4186,-33.1296],[-53.4214,-33.1314],[-53.4201,-33.1246],[-53.4167,-33.1182],[-53.4134,-33.1126],[-53.4104,-33.1077],[-53.4061,-33.1075],[-53.4094,-33.1134],[-53.4128,-33.118],[-53.4152,-33.1226],[-53.4186,-33.1296]]],[[[-49.9685,-29.1205],[-49.9677,-29.1156],[-49.9638,-29.1142],[-49.9624,-29.1175],[-49.9685,-29.1205]]],[[[-51.4647,-31.5497],[-51.4621,-31.5439],[-51.4627,-31.5481],[-51.4639,-31.5573],[-51.466,-31.5542],[-51.4649,-31.55],[-51.4647,-31.5497]]],[[[-51.169,-30.2641],[-51.1578,-30.262],[-51.1635,-30.2661],[-51.169,-30.2641]]],[[[-51.105,-30.2593],[-51.1021,-30.2539],[-51.1003,-30.2589],[-51.105,-30.2593]]],[[[-52.0445,-31.5676],[-52.0437,-31.5737],[-52.047,-31.5718],[-52.0445,-31.5676]]],[[[-51.1915,-30.2346],[-51.1878,-30.2337],[-51.1909,-30.2383],[-51.1915,-30.2346]]]]},"alpha2":"BR-RS","centroid":{"lat":-30.17,"lng":-53.5},"isState":true},{"type":"Feature","properties":{"name":"Santa Catarina","NAME":"Santa Catarina","sigla":"SC","code":"SC","POSTAL":"SC","ISO_A2":"BR-SC","alpha2":"BR-SC","region":"Sul","capital":"Florianópolis"},"geometry":{"type":"MultiPolygon","coordinates":[[[[-53.7205,-26.5599],[-53.7241,-26.5617],[-53.7298,-26.5651],[-53.734,-26.5639],[-53.7341,-26.5605],[-53.7253,-26.5584],[-53.7236,-26.5536],[-53.7262,-26.5495],[-53.7344,-26.5471],[-53.74,-26.5448],[-53.7191,-26.5371],[-53.7248,-26.5001],[-53.7039,-26.5066],[-53.6942,-26.4897],[-53.7029,-26.4413],[-53.6874,-26.4425],[-53.7074,-26.3872],[-53.6445,-26.2871],[-53.6426,-26.2523],[-53.586,-26.255],[-53.583,-26.2643],[-53.5816,-26.2685],[-53.5798,-26.2738],[-53.5512,-26.2923],[-53.544,-26.2913],[-53.5216,-26.2923],[-53.4967,-26.3023],[-53.42,-26.2747],[-53.3751,-26.2416],[-53.3054,-26.2593],[-53.2997,-26.2562],[-53.2875,-26.2495],[-53.281,-26.2467],[-53.2519,-26.2986],[-53.184,-26.3434],[-53.1453,-26.3452],[-53.124,-26.3738],[-53.0901,-26.39],[-53.074,-26.3864],[-53.0463,-26.3802],[-53.0273,-26.3692],[-53.0052,-26.3563],[-52.9898,-26.3473],[-52.9877,-26.3472],[-52.9856,-26.347],[-52.95,-26.3618],[-52.8775,-26.36],[-52.8475,-26.3435],[-52.7592,-26.3526],[-52.7373,-26.3417],[-52.7251,-26.3478],[-52.7213,-26.353],[-52.7183,-26.3569],[-52.7083,-26.3546],[-52.6998,-26.3564],[-52.6781,-26.3522],[-52.601,-26.4135],[-52.5225,-26.4006],[-52.4608,-26.4394],[-52.4214,-26.4373],[-52.4119,-26.4325],[-52.4025,-26.4277],[-52.4006,-26.4227],[-52.394,-26.4305],[-52.3863,-26.4346],[-52.3762,-26.4401],[-52.3045,-26.4403],[-52.2839,-26.4579],[-52.2837,-26.4584],[-52.2823,-26.462],[-52.2485,-26.4546],[-52.2199,-26.4655],[-52.1851,-26.4449],[-52.1766,-26.4531],[-52.1573,-26.4714],[-52.0992,-26.4823],[-52.098,-26.4932],[-52.0967,-26.5043],[-52.0929,-26.5125],[-52.0323,-26.5404],[-52.0107,-26.5661],[-51.9463,-26.5699],[-51.9278,-26.5844],[-51.8991,-26.5797],[-51.8731,-26.5997],[-51.8181,-26.5796],[-51.8024,-26.5856],[-51.7982,-26.5866],[-51.79,-26.5885],[-51.7341,-26.5743],[-51.6946,-26.5829],[-51.6646,-26.5656],[-51.6146,-26.5905],[-51.5297,-26.592],[-51.5232,-26.5886],[-51.5174,-26.5857],[-51.5096,-26.5817],[-51.4938,-26.5891],[-51.4856,-26.6223],[-51.4637,-26.6266],[-51.4348,-26.6876],[-51.4066,-26.7001],[-51.411,-26.7168],[-51.3982,-26.7104],[-51.3982,-26.7104],[-51.3925,-26.6978],[-51.3924,-26.685],[-51.3966,-26.682],[-51.4054,-26.6757],[-51.3908,-26.6634],[-51.3346,-26.6475],[-51.2829,-26.6535],[-51.2771,-26.6358],[-51.2282,-26.6155],[-51.236,-26.6057],[-51.2373,-26.604],[-51.2165,-26.569],[-51.2282,-26.5617],[-51.2294,-26.5548],[-51.2233,-26.5503],[-51.2466,-26.5382],[-51.2738,-26.4966],[-51.2505,-26.4738],[-51.2551,-26.4721],[-51.2601,-26.4703],[-51.2571,-26.467],[-51.2535,-26.463],[-51.2774,-26.4578],[-51.2799,-26.4537],[-51.2774,-26.4502],[-51.2741,-26.4455],[-51.2827,-26.441],[-51.2912,-26.4366],[-51.2973,-26.419],[-51.2887,-26.3996],[-51.2804,-26.4008],[-51.2763,-26.4015],[-51.276,-26.3986],[-51.2766,-26.3958],[-51.2778,-26.39],[-51.2703,-26.385],[-51.2671,-26.3834],[-51.2522,-26.3759],[-51.2566,-26.3697],[-51.2611,-26.3636],[-51.2428,-26.3236],[-51.2273,-26.3212],[-51.2237,-26.3206],[-51.2197,-26.3171],[-51.2157,-26.3135],[-51.2079,-26.2966],[-51.1045,-26.2749],[-51.0827,-26.2279],[-51.0547,-26.2445],[-51,-26.23],[-50.9442,-26.282],[-50.9372,-26.2789],[-50.9313,-26.2678],[-50.9402,-26.2484],[-50.9433,-26.2417],[-50.9413,-26.2338],[-50.9345,-26.2334],[-50.9076,-26.2511],[-50.9087,-26.2844],[-50.9025,-26.2873],[-50.9005,-26.2882],[-50.8995,-26.2886],[-50.8905,-26.2853],[-50.8815,-26.2776],[-50.8801,-26.268],[-50.8787,-26.2585],[-50.8686,-26.2418],[-50.8385,-26.2708],[-50.8317,-26.2663],[-50.8279,-26.2537],[-50.8255,-26.2459],[-50.7928,-26.2272],[-50.7579,-26.2212],[-50.745,-26.2459],[-50.7318,-26.2493],[-50.718,-26.2443],[-50.7147,-26.2381],[-50.7313,-26.2029],[-50.6476,-26.126],[-50.6513,-26.1166],[-50.6568,-26.1026],[-50.6279,-26.0626],[-50.5969,-26.07],[-50.5861,-26.0692],[-50.5563,-26.0594],[-50.5526,-26.0549],[-50.5507,-26.045],[-50.5505,-26.0442],[-50.5549,-26.0415],[-50.5917,-26.0421],[-50.5912,-26.0216],[-50.5713,-26.0033],[-50.5629,-26.006],[-50.5548,-26.0209],[-50.5491,-26.0389],[-50.4997,-26.0233],[-50.4756,-26.034],[-50.476,-26.0302],[-50.4768,-26.0237],[-50.471,-26.0208],[-50.4681,-26.0271],[-50.4592,-26.0266],[-50.4331,-26.0606],[-50.4029,-26.0572],[-50.3991,-26.063],[-50.3711,-26.0797],[-50.366,-26.0869],[-50.361,-26.0942],[-50.3659,-26.1085],[-50.367,-26.1117],[-50.3231,-26.1344],[-50.3217,-26.1255],[-50.3335,-26.1253],[-50.3327,-26.1222],[-50.3248,-26.1234],[-50.3316,-26.0832],[-50.2678,-26.0421],[-50.264,-26.0441],[-50.2515,-26.0508],[-50.251,-26.0297],[-50.2236,-26.0603],[-50.2184,-26.0566],[-50.2182,-26.0564],[-50.2094,-26.0567],[-50.182,-26.0785],[-50.1554,-26.0416],[-50.182,-26.0339],[-50.1793,-26.0283],[-50.1714,-26.0247],[-50.1637,-26.0265],[-50.151,-26.0227],[-50.1415,-26.0271],[-50.1478,-26.0414],[-50.152,-26.0508],[-50.1491,-26.0579],[-50.1359,-26.0447],[-50.1343,-26.043],[-50.1311,-26.0479],[-50.1206,-26.0639],[-50.0843,-26.023],[-50.0807,-26.0241],[-50.079,-26.0367],[-50.0777,-26.0459],[-50.0393,-26.0265],[-50.0355,-26.0275],[-50.0317,-26.0286],[-50.0058,-26.0448],[-50.0111,-26.0135],[-49.998,-26.0154],[-49.9931,-26.0111],[-49.9906,-26.0118],[-49.9715,-26.0166],[-49.9641,-26.0248],[-49.9658,-26.0401],[-49.9771,-26.0528],[-49.9722,-26.0578],[-49.9475,-26.0305],[-49.959,-26.0203],[-49.9527,-26.019],[-49.9518,-26.0181],[-49.9417,-26.0084],[-49.9348,-26.0317],[-49.865,-26.0347],[-49.8618,-26.0548],[-49.8421,-26.0639],[-49.8395,-26.0595],[-49.8352,-26.052],[-49.8321,-26.0527],[-49.8332,-26.0649],[-49.8333,-26.0667],[-49.8431,-26.0725],[-49.8397,-26.0759],[-49.8304,-26.0692],[-49.8302,-26.069],[-49.8302,-26.0695],[-49.8303,-26.0828],[-49.8242,-26.0925],[-49.8156,-26.0935],[-49.8141,-26.0923],[-49.8079,-26.0877],[-49.8061,-26.0971],[-49.804,-26.1072],[-49.7992,-26.1092],[-49.7925,-26.1127],[-49.7877,-26.1107],[-49.7875,-26.108],[-49.7872,-26.1004],[-49.7818,-26.1113],[-49.7779,-26.1189],[-49.7733,-26.1183],[-49.7722,-26.1165],[-49.7679,-26.1099],[-49.7783,-26.1069],[-49.7756,-26.1013],[-49.7676,-26.1043],[-49.7481,-26.1395],[-49.7244,-26.1432],[-49.7292,-26.1485],[-49.7365,-26.1566],[-49.7273,-26.1699],[-49.718,-26.1612],[-49.7102,-26.1539],[-49.6985,-26.161],[-49.6883,-26.1762],[-49.6763,-26.1755],[-49.6829,-26.1818],[-49.6893,-26.188],[-49.6527,-26.1867],[-49.6452,-26.2091],[-49.6299,-26.1905],[-49.6255,-26.2009],[-49.6332,-26.2069],[-49.6347,-26.2081],[-49.6057,-26.2113],[-49.6018,-26.2272],[-49.5982,-26.2209],[-49.5921,-26.2229],[-49.5871,-26.217],[-49.5903,-26.2297],[-49.5797,-26.2276],[-49.5774,-26.2135],[-49.5668,-26.2328],[-49.5607,-26.2348],[-49.5546,-26.2368],[-49.5489,-26.2307],[-49.5475,-26.2292],[-49.5514,-26.2246],[-49.5452,-26.2246],[-49.5405,-26.2278],[-49.5379,-26.2296],[-49.5397,-26.2133],[-49.5195,-26.2267],[-49.4961,-26.2208],[-49.4864,-26.1801],[-49.479,-26.1854],[-49.4641,-26.1729],[-49.4587,-26.1622],[-49.4393,-26.1637],[-49.437,-26.1695],[-49.4361,-26.1718],[-49.4168,-26.165],[-49.4162,-26.1527],[-49.3698,-26.1555],[-49.3468,-26.1276],[-49.2893,-26.1022],[-49.294,-26.0845],[-49.2655,-26.0785],[-49.2375,-26.0309],[-49.1748,-26.0013],[-49.1408,-26.0151],[-49.1251,-25.9957],[-49.0938,-26.0094],[-49.0706,-25.9992],[-49.0691,-26.0055],[-49.0682,-26.009],[-49.0547,-26.02],[-49.0404,-26.0035],[-49.0292,-26.0034],[-49.022,-26.013],[-49.0201,-26.0156],[-48.9977,-26.0113],[-48.978,-25.9888],[-48.9502,-25.9897],[-48.9534,-25.9863],[-48.9603,-25.9793],[-48.6802,-25.9806],[-48.6429,-25.9558],[-48.633,-25.977],[-48.5939,-25.9766],[-48.606,-26.0663],[-48.5805,-26.1648],[-48.5299,-26.1635],[-48.5156,-26.2225],[-48.4924,-26.2187],[-48.5918,-26.4063],[-48.5931,-26.4535],[-48.6643,-26.5797],[-48.6866,-26.669],[-48.6798,-26.7264],[-48.6612,-26.77],[-48.6469,-26.7613],[-48.6198,-26.7886],[-48.6057,-26.7885],[-48.5988,-26.7715],[-48.5951,-26.7827],[-48.585,-26.783],[-48.6021,-26.8266],[-48.6099,-26.8264],[-48.6205,-26.8258],[-48.6277,-26.8352],[-48.6427,-26.9015],[-48.64,-26.9127],[-48.6401,-26.9153],[-48.6404,-26.9196],[-48.6347,-26.9246],[-48.6306,-26.9283],[-48.6212,-26.9253],[-48.6335,-26.9776],[-48.6208,-26.9993],[-48.5869,-26.9914],[-48.5669,-27.0074],[-48.5917,-27.0613],[-48.5868,-27.0803],[-48.6118,-27.0998],[-48.6021,-27.1246],[-48.5966,-27.1309],[-48.5964,-27.1311],[-48.584,-27.1452],[-48.5488,-27.1571],[-48.5069,-27.111],[-48.5043,-27.1155],[-48.511,-27.1296],[-48.5121,-27.1317],[-48.5015,-27.1454],[-48.4921,-27.1472],[-48.484,-27.1487],[-48.48,-27.1451],[-48.4791,-27.1383],[-48.4787,-27.1348],[-48.4767,-27.1412],[-48.4751,-27.1465],[-48.4652,-27.1447],[-48.4965,-27.1666],[-48.5,-27.1836],[-48.4998,-27.1841],[-48.495,-27.1988],[-48.4803,-27.2075],[-48.517,-27.2205],[-48.4999,-27.2003],[-48.503,-27.197],[-48.5145,-27.1847],[-48.5297,-27.1809],[-48.6066,-27.2196],[-48.613,-27.2482],[-48.6161,-27.2507],[-48.5958,-27.3161],[-48.5594,-27.3148],[-48.5397,-27.2979],[-48.5395,-27.3028],[-48.5392,-27.3092],[-48.5385,-27.3237],[-48.5324,-27.3326],[-48.5238,-27.3336],[-48.5368,-27.3569],[-48.5362,-27.3588],[-48.5309,-27.3739],[-48.5258,-27.3757],[-48.5561,-27.3664],[-48.5662,-27.423],[-48.6259,-27.4337],[-48.6467,-27.4825],[-48.6308,-27.5295],[-48.6119,-27.5471],[-48.6128,-27.5494],[-48.6165,-27.5583],[-48.5672,-27.5954],[-48.5878,-27.6189],[-48.597,-27.6028],[-48.6204,-27.6028],[-48.6279,-27.636],[-48.6435,-27.6427],[-48.6011,-27.6613],[-48.6011,-27.7204],[-48.5988,-27.732],[-48.5953,-27.7382],[-48.5882,-27.7509],[-48.6013,-27.7769],[-48.5753,-27.8443],[-48.602,-27.867],[-48.5913,-27.8847],[-48.5744,-27.8768],[-48.5742,-27.8799],[-48.574,-27.8828],[-48.5735,-27.8896],[-48.623,-27.9508],[-48.6298,-28.0106],[-48.5983,-28.0302],[-48.6312,-28.0834],[-48.6363,-28.1387],[-48.663,-28.1812],[-48.667,-28.2151],[-48.646,-28.2334],[-48.6522,-28.2381],[-48.6585,-28.2429],[-48.6767,-28.2565],[-48.7013,-28.2978],[-48.7021,-28.3008],[-48.7029,-28.3037],[-48.7096,-28.3272],[-48.7082,-28.331],[-48.7055,-28.3364],[-48.698,-28.337],[-48.7406,-28.3863],[-48.7397,-28.423],[-48.7667,-28.4643],[-48.7662,-28.468],[-48.7655,-28.4726],[-48.7624,-28.4926],[-48.7425,-28.5076],[-48.7832,-28.569],[-48.8102,-28.585],[-48.8093,-28.605],[-48.8547,-28.6148],[-48.908,-28.6377],[-48.9961,-28.6844],[-49.1837,-28.7998],[-49.2906,-28.8825],[-49.5135,-29.0925],[-49.7113,-29.3254],[-49.7443,-29.3279],[-49.743,-29.3202],[-49.7363,-29.3187],[-49.7299,-29.3173],[-49.7487,-29.2966],[-49.8405,-29.2771],[-49.8685,-29.224],[-49.9625,-29.1984],[-50.0001,-29.2268],[-50.1142,-29.2588],[-50.108,-29.2803],[-50.0349,-29.347],[-50.0645,-29.3409],[-50.0588,-29.3363],[-50.0575,-29.3284],[-50.0573,-29.3272],[-50.0859,-29.3228],[-50.123,-29.2814],[-50.1308,-29.2858],[-50.1305,-29.2884],[-50.1288,-29.3027],[-50.1423,-29.2918],[-50.1414,-29.2879],[-50.1471,-29.2877],[-50.1453,-29.2563],[-50.166,-29.2473],[-50.1487,-29.2412],[-50.1408,-29.2384],[-50.1473,-29.2195],[-50.1453,-29.219],[-50.1328,-29.2154],[-50.1514,-29.2026],[-50.1396,-29.1934],[-50.0933,-29.2129],[-50.1009,-29.2247],[-50.111,-29.2234],[-50.1081,-29.23],[-50.1106,-29.2372],[-50.0927,-29.2219],[-50.0982,-29.2361],[-50.0934,-29.2372],[-50.0852,-29.1932],[-50.0989,-29.1632],[-50.0816,-29.1598],[-50.0788,-29.156],[-50.0766,-29.1609],[-50.0919,-29.1671],[-50.0763,-29.1894],[-50.0665,-29.1815],[-50.0604,-29.1765],[-50.0625,-29.1828],[-50.0653,-29.191],[-50.0164,-29.1809],[-50.0211,-29.1785],[-50.0195,-29.1743],[-50.0276,-29.1706],[-50.0047,-29.1504],[-50.0051,-29.1405],[-50.0054,-29.1342],[-50.0135,-29.1278],[-49.9864,-29.1361],[-49.9838,-29.1296],[-49.9883,-29.1225],[-49.9906,-29.1188],[-49.9624,-29.1175],[-49.967,-29.0835],[-49.9622,-29.084],[-49.954,-29.085],[-49.9536,-29.0758],[-49.9576,-29.0723],[-49.9598,-29.0704],[-49.9396,-29.0567],[-50.007,-29.0716],[-49.9587,-29.0489],[-49.9381,-29.0231],[-49.9643,-29.022],[-49.9414,-29.0008],[-49.938,-28.9782],[-49.9345,-28.9843],[-49.92,-28.9782],[-49.9339,-28.974],[-49.9373,-28.9649],[-49.9559,-28.9613],[-49.9435,-28.9232],[-49.951,-28.9236],[-49.9617,-28.9241],[-49.9652,-28.9217],[-49.9286,-28.8709],[-49.9662,-28.8734],[-49.945,-28.8487],[-49.954,-28.851],[-49.9583,-28.8521],[-49.955,-28.8334],[-49.9537,-28.8259],[-49.9554,-28.8259],[-49.9628,-28.8261],[-49.9635,-28.8217],[-49.9594,-28.8008],[-49.9549,-28.8025],[-49.9464,-28.8057],[-49.9585,-28.7788],[-49.9531,-28.7597],[-49.9215,-28.7456],[-49.9305,-28.7401],[-49.9308,-28.7392],[-49.9349,-28.7276],[-49.925,-28.7184],[-49.9133,-28.7151],[-49.9036,-28.7066],[-49.9048,-28.7126],[-49.9019,-28.7157],[-49.8939,-28.7242],[-49.8924,-28.7233],[-49.8845,-28.7178],[-49.8817,-28.7196],[-49.8881,-28.7462],[-49.8752,-28.7444],[-49.8716,-28.704],[-49.8416,-28.7135],[-49.8207,-28.6932],[-49.8373,-28.6666],[-49.8123,-28.658],[-49.8168,-28.6401],[-49.7821,-28.6108],[-49.7846,-28.6222],[-49.7812,-28.6282],[-49.7804,-28.6298],[-49.7716,-28.6275],[-49.7654,-28.6221],[-49.7577,-28.6152],[-49.7556,-28.6232],[-49.7541,-28.6285],[-49.6918,-28.6247],[-49.7094,-28.6042],[-49.7111,-28.5729],[-49.7475,-28.5462],[-49.7462,-28.5339],[-49.7383,-28.5271],[-49.7278,-28.518],[-49.7445,-28.4938],[-49.7697,-28.4938],[-49.765,-28.4823],[-49.7647,-28.4597],[-49.7684,-28.4595],[-49.7725,-28.4666],[-49.7813,-28.4717],[-49.7829,-28.4958],[-49.8094,-28.4675],[-49.8105,-28.4833],[-49.8254,-28.4777],[-49.8393,-28.4957],[-49.8449,-28.4928],[-49.8418,-28.4835],[-49.869,-28.4801],[-49.8636,-28.4735],[-49.8635,-28.4711],[-49.8631,-28.4621],[-49.8732,-28.4563],[-49.8769,-28.4541],[-49.8751,-28.4534],[-49.8551,-28.4451],[-49.8575,-28.4431],[-49.8959,-28.4431],[-49.8899,-28.4542],[-49.8881,-28.4576],[-49.8981,-28.4627],[-49.9029,-28.4628],[-49.9092,-28.4598],[-49.9273,-28.4511],[-49.943,-28.4815],[-49.9501,-28.4662],[-49.9502,-28.4657],[-49.9509,-28.4501],[-49.9575,-28.4493],[-49.9666,-28.4541],[-49.971,-28.4386],[-49.9871,-28.4554],[-50.0181,-28.4518],[-50.0357,-28.4774],[-50.0859,-28.4724],[-50.0914,-28.4774],[-50.0996,-28.4848],[-50.1074,-28.4726],[-50.1241,-28.4738],[-50.1111,-28.4447],[-50.1263,-28.4289],[-50.159,-28.4596],[-50.1492,-28.4719],[-50.1452,-28.4769],[-50.139,-28.4937],[-50.1565,-28.4972],[-50.1765,-28.4523],[-50.2003,-28.4439],[-50.2156,-28.4567],[-50.2226,-28.4625],[-50.2466,-28.4287],[-50.2632,-28.4425],[-50.2626,-28.4444],[-50.2621,-28.4457],[-50.2512,-28.4484],[-50.2711,-28.4562],[-50.3278,-28.4338],[-50.3453,-28.4628],[-50.3567,-28.4204],[-50.3696,-28.424],[-50.3718,-28.429],[-50.3792,-28.4455],[-50.3878,-28.4436],[-50.3937,-28.4357],[-50.3962,-28.4324],[-50.4104,-28.4317],[-50.4227,-28.4311],[-50.4333,-28.4306],[-50.4455,-28.4236],[-50.4488,-28.4192],[-50.4554,-28.4104],[-50.5271,-28.4036],[-50.5364,-28.4286],[-50.5912,-28.3817],[-50.6246,-28.391],[-50.6322,-28.3787],[-50.6304,-28.3723],[-50.6278,-28.3635],[-50.648,-28.3459],[-50.6497,-28.345],[-50.6645,-28.3375],[-50.6595,-28.3233],[-50.6589,-28.3216],[-50.6608,-28.3192],[-50.6736,-28.3031],[-50.6941,-28.288],[-50.6978,-28.2663],[-50.7113,-28.2651],[-50.7489,-28.2472],[-50.7655,-28.1884],[-50.7722,-28.1949],[-50.7774,-28.1999],[-50.7882,-28.1979],[-50.786,-28.1428],[-50.7919,-28.1389],[-50.8043,-28.1394],[-50.818,-28.14],[-50.8226,-28.1303],[-50.828,-28.1187],[-50.8687,-28.1372],[-50.8756,-28.0943],[-50.8811,-28.0903],[-50.8897,-28.0888],[-50.9014,-28.0867],[-50.8814,-28.0676],[-50.8749,-28.0548],[-50.8751,-28.0533],[-50.8765,-28.0409],[-50.8927,-28.0203],[-50.9223,-28.0112],[-50.9284,-27.9686],[-50.9844,-27.9418],[-51.0101,-27.9626],[-51.0188,-27.9549],[-51.0171,-27.9252],[-51.0558,-27.901],[-51.0538,-27.8674],[-51.0646,-27.8666],[-51.0723,-27.8652],[-51.0794,-27.8581],[-51.0784,-27.8518],[-51.0767,-27.8409],[-51.0816,-27.8344],[-51.1308,-27.8296],[-51.1318,-27.8204],[-51.132,-27.8184],[-51.1333,-27.8059],[-51.1576,-27.8027],[-51.1904,-27.7767],[-51.2216,-27.7695],[-51.2235,-27.7707],[-51.2275,-27.7734],[-51.2348,-27.7789],[-51.2418,-27.7731],[-51.2465,-27.7607],[-51.2731,-27.7491],[-51.2755,-27.7235],[-51.3082,-27.719],[-51.3015,-27.7021],[-51.3107,-27.6938],[-51.3161,-27.6742],[-51.3692,-27.672],[-51.3767,-27.6616],[-51.3736,-27.6504],[-51.3698,-27.637],[-51.3862,-27.6234],[-51.4322,-27.6545],[-51.4365,-27.6496],[-51.4357,-27.639],[-51.4351,-27.6326],[-51.4749,-27.5979],[-51.4756,-27.5901],[-51.4773,-27.5696],[-51.4899,-27.5596],[-51.5477,-27.5597],[-51.5686,-27.5835],[-51.5776,-27.5762],[-51.586,-27.5605],[-51.5793,-27.5387],[-51.5798,-27.5241],[-51.6223,-27.546],[-51.6314,-27.5378],[-51.6209,-27.5056],[-51.6193,-27.5006],[-51.6311,-27.4888],[-51.6565,-27.5197],[-51.6866,-27.479],[-51.7238,-27.513],[-51.7529,-27.4869],[-51.7979,-27.4906],[-51.7854,-27.5212],[-51.7859,-27.5233],[-51.7868,-27.528],[-51.795,-27.5298],[-51.8035,-27.5239],[-51.8205,-27.5123],[-51.8373,-27.5205],[-51.8375,-27.5205],[-51.8469,-27.5254],[-51.8538,-27.5179],[-51.8426,-27.4868],[-51.8423,-27.4857],[-51.8569,-27.4752],[-51.8758,-27.4827],[-51.8791,-27.4879],[-51.8727,-27.513],[-51.8767,-27.5185],[-51.889,-27.5198],[-51.9001,-27.4643],[-51.9547,-27.4737],[-51.9633,-27.4674],[-51.962,-27.4616],[-51.9337,-27.4319],[-52.0073,-27.4016],[-52.0023,-27.3941],[-51.9914,-27.3898],[-51.9881,-27.3904],[-51.9581,-27.3939],[-51.9539,-27.3944],[-51.9494,-27.3918],[-51.9505,-27.3808],[-51.9968,-27.3774],[-52.0201,-27.3615],[-52.0219,-27.3546],[-52.019,-27.3522],[-52.0082,-27.3429],[-52.0088,-27.3339],[-52.0178,-27.3313],[-52.0394,-27.3441],[-52.0403,-27.3446],[-52.0484,-27.3444],[-52.0726,-27.338],[-52.0975,-27.3479],[-52.1002,-27.3459],[-52.1065,-27.3411],[-52.1074,-27.3092],[-52.1662,-27.3114],[-52.1653,-27.3074],[-52.1591,-27.2806],[-52.166,-27.2734],[-52.2122,-27.3303],[-52.2126,-27.3303],[-52.2237,-27.3286],[-52.2398,-27.3068],[-52.2447,-27.3052],[-52.2496,-27.3036],[-52.2739,-27.3025],[-52.2772,-27.2965],[-52.2646,-27.2824],[-52.2634,-27.2819],[-52.2345,-27.2703],[-52.2534,-27.257],[-52.3013,-27.2596],[-52.2976,-27.3166],[-52.346,-27.288],[-52.3558,-27.2961],[-52.3646,-27.3033],[-52.3749,-27.3038],[-52.3773,-27.2982],[-52.3833,-27.2844],[-52.3806,-27.2594],[-52.392,-27.2521],[-52.3994,-27.258],[-52.3933,-27.2846],[-52.3953,-27.2922],[-52.4188,-27.2822],[-52.4345,-27.2657],[-52.4402,-27.2597],[-52.4305,-27.2233],[-52.4454,-27.2172],[-52.4781,-27.2349],[-52.4815,-27.2447],[-52.4806,-27.2528],[-52.4792,-27.2644],[-52.497,-27.2629],[-52.5343,-27.2597],[-52.5358,-27.2595],[-52.5448,-27.2399],[-52.549,-27.2382],[-52.6309,-27.2644],[-52.6665,-27.2379],[-52.6986,-27.282],[-52.7146,-27.2364],[-52.7542,-27.2567],[-52.763,-27.243],[-52.7589,-27.2152],[-52.8437,-27.2061],[-52.85,-27.1685],[-52.9251,-27.2019],[-52.9513,-27.1616],[-52.9772,-27.2207],[-52.9897,-27.2173],[-52.9997,-27.2064],[-53.0021,-27.1895],[-52.9977,-27.1807],[-52.9933,-27.1757],[-52.9831,-27.1642],[-52.9933,-27.1378],[-53.003,-27.1329],[-53.012,-27.1422],[-53.0261,-27.1567],[-53.0383,-27.1542],[-53.0426,-27.1455],[-53.018,-27.0902],[-53.022,-27.0831],[-53.0285,-27.0801],[-53.0758,-27.1035],[-53.0718,-27.1571],[-53.1123,-27.1697],[-53.1295,-27.178],[-53.1326,-27.1778],[-53.1579,-27.1384],[-53.1882,-27.191],[-53.2424,-27.1703],[-53.3095,-27.2169],[-53.3183,-27.1947],[-53.2941,-27.1339],[-53.2988,-27.1261],[-53.3101,-27.1182],[-53.3423,-27.1186],[-53.3474,-27.117],[-53.372,-27.0905],[-53.4107,-27.1403],[-53.4575,-27.1556],[-53.463,-27.1516],[-53.4685,-27.1477],[-53.4805,-27.1348],[-53.4942,-27.1327],[-53.506,-27.1379],[-53.4915,-27.2017],[-53.5635,-27.173],[-53.6186,-27.1884],[-53.6214,-27.1937],[-53.6345,-27.2186],[-53.642,-27.2204],[-53.6504,-27.1764],[-53.6661,-27.1617],[-53.7364,-27.1912],[-53.7424,-27.1908],[-53.7484,-27.1905],[-53.7562,-27.1717],[-53.7637,-27.1538],[-53.7726,-27.1478],[-53.7787,-27.1496],[-53.8024,-27.1688],[-53.8103,-27.1727],[-53.8338,-27.1693],[-53.8263,-27.1458],[-53.8121,-27.145],[-53.8059,-27.1448],[-53.7979,-27.1445],[-53.8237,-27.1308],[-53.8044,-27.1175],[-53.8056,-27.1114],[-53.8059,-27.1101],[-53.8176,-27.1021],[-53.7773,-27.1009],[-53.7946,-27.0883],[-53.7994,-27.0848],[-53.8033,-27.082],[-53.8034,-27.0783],[-53.8029,-27.0754],[-53.7971,-27.0659],[-53.7711,-27.0725],[-53.7962,-27.0587],[-53.797,-27.0558],[-53.7983,-27.0501],[-53.799,-27.0442],[-53.758,-27.0616],[-53.7833,-27.0255],[-53.7641,-27.0424],[-53.7465,-27.0305],[-53.7588,-27.0103],[-53.7405,-27.0129],[-53.7317,-27.0052],[-53.7359,-26.9985],[-53.7383,-26.9957],[-53.74,-26.9937],[-53.7163,-26.9877],[-53.7351,-26.9739],[-53.725,-26.958],[-53.7014,-26.9556],[-53.7072,-26.9324],[-53.6702,-26.9414],[-53.695,-26.9281],[-53.6722,-26.9123],[-53.671,-26.893],[-53.6933,-26.8863],[-53.6902,-26.8757],[-53.6793,-26.8693],[-53.6949,-26.8576],[-53.66,-26.8591],[-53.6692,-26.853],[-53.6736,-26.8467],[-53.6762,-26.8427],[-53.6938,-26.8453],[-53.6934,-26.8409],[-53.6882,-26.8373],[-53.6873,-26.8367],[-53.7057,-26.8138],[-53.6996,-26.7968],[-53.7149,-26.7834],[-53.6989,-26.7688],[-53.7286,-26.7729],[-53.7318,-26.7707],[-53.7427,-26.7622],[-53.7364,-26.7634],[-53.73,-26.7646],[-53.7234,-26.7625],[-53.7168,-26.7574],[-53.7145,-26.7482],[-53.7296,-26.7311],[-53.7354,-26.7404],[-53.742,-26.7405],[-53.7482,-26.7396],[-53.7471,-26.7365],[-53.7452,-26.7343],[-53.7419,-26.7304],[-53.7481,-26.7249],[-53.7526,-26.7196],[-53.7538,-26.7136],[-53.733,-26.7155],[-53.7418,-26.6841],[-53.7284,-26.6912],[-53.7153,-26.6822],[-53.7173,-26.6792],[-53.721,-26.678],[-53.7292,-26.6762],[-53.7198,-26.6518],[-53.7545,-26.6422],[-53.7407,-26.6413],[-53.7296,-26.6216],[-53.7309,-26.5861],[-53.724,-26.5881],[-53.7229,-26.5825],[-53.7205,-26.5599],[-53.7172,-26.5604],[-53.7077,-26.5618],[-53.7059,-26.5593],[-53.7205,-26.5599]]],[[[-48.4103,-27.3894],[-48.3891,-27.437],[-48.3711,-27.4444],[-48.3689,-27.4405],[-48.365,-27.4335],[-48.3594,-27.4482],[-48.4253,-27.5419],[-48.4285,-27.5652],[-48.4128,-27.5729],[-48.4193,-27.5833],[-48.4192,-27.593],[-48.5006,-27.7142],[-48.5061,-27.7449],[-48.4754,-27.7692],[-48.4991,-27.7935],[-48.5065,-27.7903],[-48.5066,-27.7826],[-48.5262,-27.7859],[-48.544,-27.83],[-48.559,-27.8386],[-48.5603,-27.8343],[-48.5696,-27.8357],[-48.5597,-27.792],[-48.5802,-27.7617],[-48.5697,-27.7585],[-48.5595,-27.7506],[-48.5637,-27.7174],[-48.5503,-27.6982],[-48.5644,-27.6964],[-48.5711,-27.6729],[-48.5532,-27.6495],[-48.5238,-27.6501],[-48.5256,-27.6326],[-48.5268,-27.6225],[-48.528,-27.6141],[-48.5352,-27.6096],[-48.5408,-27.6135],[-48.5449,-27.6162],[-48.5639,-27.5932],[-48.5363,-27.5707],[-48.5327,-27.5713],[-48.5262,-27.5723],[-48.5172,-27.5737],[-48.5165,-27.5679],[-48.5201,-27.5645],[-48.5231,-27.5615],[-48.5081,-27.5476],[-48.5217,-27.5445],[-48.5253,-27.5421],[-48.5301,-27.539],[-48.515,-27.5143],[-48.539,-27.4904],[-48.533,-27.4707],[-48.5181,-27.4654],[-48.5195,-27.4616],[-48.5231,-27.452],[-48.5472,-27.4584],[-48.5194,-27.4291],[-48.5113,-27.4321],[-48.4987,-27.4367],[-48.4831,-27.4379],[-48.4282,-27.4166],[-48.4348,-27.3929],[-48.416,-27.3813],[-48.4103,-27.3843],[-48.4103,-27.3894]]],[[[-48.5654,-27.4772],[-48.5621,-27.4739],[-48.5636,-27.4795],[-48.5654,-27.4772]]]]},"alpha2":"BR-SC","centroid":{"lat":-27.45,"lng":-50.95},"isState":true},{"type":"Feature","properties":{"name":"Sergipe","NAME":"Sergipe","sigla":"SE","code":"SE","POSTAL":"SE","ISO_A2":"BR-SE","alpha2":"BR-SE","region":"Nordeste","capital":"Aracaju"},"geometry":{"type":"MultiPolygon","coordinates":[[[[-37.9601,-9.5328],[-37.9167,-9.5485],[-37.8936,-9.54],[-37.8327,-9.5945],[-37.8254,-9.5917],[-37.8234,-9.5909],[-37.8178,-9.5925],[-37.7848,-9.6382],[-37.7441,-9.6257],[-37.7114,-9.6309],[-37.5814,-9.7335],[-37.4665,-9.7491],[-37.3505,-9.7916],[-37.3453,-9.7966],[-37.3207,-9.82],[-37.3022,-9.8255],[-37.2968,-9.8271],[-37.285,-9.8305],[-37.2371,-9.8939],[-37.1525,-9.9004],[-37.1327,-9.9139],[-37.0751,-9.9659],[-37.0493,-9.9862],[-36.9916,-9.9768],[-36.9667,-9.9936],[-36.954,-10.0702],[-36.9105,-10.1375],[-36.8504,-10.1617],[-36.8366,-10.2017],[-36.7519,-10.2354],[-36.7527,-10.2485],[-36.7199,-10.2645],[-36.7028,-10.2695],[-36.6831,-10.2733],[-36.6427,-10.2523],[-36.6288,-10.2549],[-36.6233,-10.2577],[-36.5714,-10.3185],[-36.5638,-10.4159],[-36.5539,-10.4229],[-36.5513,-10.4247],[-36.5451,-10.4291],[-36.5425,-10.4264],[-36.5381,-10.4219],[-36.5107,-10.4212],[-36.5189,-10.4243],[-36.521,-10.4305],[-36.5218,-10.4327],[-36.5112,-10.4324],[-36.5096,-10.4324],[-36.4557,-10.4072],[-36.4343,-10.4209],[-36.4311,-10.4239],[-36.3934,-10.4981],[-36.3934,-10.5035],[-36.3994,-10.5115],[-36.3995,-10.5192],[-36.4925,-10.5355],[-36.62,-10.589],[-36.8538,-10.7431],[-36.9936,-10.9028],[-37.1305,-11.1048],[-37.1514,-11.1623],[-37.2601,-11.2876],[-37.3295,-11.4447],[-37.3584,-11.4452],[-37.4439,-11.5161],[-37.5051,-11.5254],[-37.5175,-11.5476],[-37.5526,-11.5469],[-37.5558,-11.5514],[-37.5621,-11.5425],[-37.5699,-11.5402],[-37.5746,-11.5437],[-37.5721,-11.548],[-37.5782,-11.551],[-37.5884,-11.5282],[-37.601,-11.5384],[-37.6027,-11.5398],[-37.6316,-11.518],[-37.6506,-11.5183],[-37.6699,-11.5636],[-37.6996,-11.562],[-37.698,-11.5548],[-37.696,-11.545],[-37.703,-11.5402],[-37.7267,-11.5524],[-37.7291,-11.5418],[-37.73,-11.5377],[-37.8133,-11.5139],[-37.8184,-11.5034],[-37.8087,-11.4964],[-37.8628,-11.4648],[-37.8487,-11.4447],[-37.8803,-11.433],[-37.8767,-11.4299],[-37.8751,-11.4287],[-37.8655,-11.428],[-37.8985,-11.4365],[-37.9047,-11.4109],[-37.9102,-11.4104],[-37.9155,-11.404],[-37.9288,-11.403],[-37.9435,-11.4232],[-37.9524,-11.3955],[-37.9775,-11.3931],[-37.9692,-11.3735],[-37.9994,-11.3401],[-37.9876,-11.3313],[-38.003,-11.2891],[-37.986,-11.2694],[-37.9932,-11.2402],[-37.974,-11.1948],[-38.0476,-11.177],[-38.0626,-11.1634],[-38.0626,-11.1586],[-38.072,-11.1525],[-38.0701,-11.1206],[-38.0839,-11.1162],[-38.086,-11.1155],[-38.0953,-11.1026],[-38.0786,-11.074],[-38.1053,-11.0397],[-38.1061,-11.0154],[-38.1112,-11.0095],[-38.1261,-11.0042],[-38.1289,-11.0108],[-38.1302,-11.014],[-38.138,-11.0124],[-38.1756,-10.9849],[-38.1884,-10.9641],[-38.1823,-10.947],[-38.184,-10.9419],[-38.2291,-10.9155],[-38.2404,-10.8763],[-38.2318,-10.8472],[-38.2394,-10.8274],[-38.2408,-10.8262],[-38.2453,-10.8223],[-38.2389,-10.8133],[-38.2415,-10.8002],[-38.2126,-10.7586],[-38.2115,-10.7087],[-38.1793,-10.7021],[-38.1251,-10.7184],[-38.0924,-10.7019],[-38.0579,-10.7081],[-38.0523,-10.7097],[-38.0431,-10.7186],[-38.0284,-10.7377],[-38.0229,-10.7626],[-38.0188,-10.7635],[-37.9995,-10.7639],[-37.8135,-10.6906],[-37.83,-10.5843],[-37.8255,-10.5799],[-37.8402,-10.5491],[-37.8196,-10.5389],[-37.8219,-10.5305],[-37.8167,-10.5179],[-37.8126,-10.5081],[-37.8587,-10.426],[-37.853,-10.4061],[-37.8444,-10.4031],[-37.837,-10.4005],[-37.8386,-10.3787],[-37.7362,-10.3316],[-37.7411,-10.3172],[-37.7424,-10.3103],[-37.7653,-10.1958],[-37.7701,-10.193],[-37.7798,-10.1874],[-37.7825,-10.1802],[-37.7764,-10.1357],[-37.7775,-10.1343],[-37.7979,-10.1086],[-37.8206,-10.0569],[-37.8314,-10.0005],[-37.927,-9.9652],[-37.9364,-9.9657],[-37.9511,-9.9708],[-37.9597,-9.9699],[-37.9973,-9.9163],[-37.9663,-9.8156],[-37.9749,-9.8129],[-37.9973,-9.803],[-38.0167,-9.787],[-38.0375,-9.749],[-38.0422,-9.7156],[-38.0416,-9.6907],[-38.0395,-9.6862],[-38.0328,-9.6845],[-38.0246,-9.6825],[-38.0066,-9.6513],[-37.9967,-9.65],[-37.9916,-9.6563],[-37.9875,-9.647],[-38.0349,-9.6122],[-38.04,-9.5727],[-38.0186,-9.5634],[-38.0215,-9.5406],[-38.0135,-9.5345],[-38.0127,-9.5279],[-38.003,-9.5146],[-37.9975,-9.5194],[-37.9889,-9.5269],[-37.9601,-9.5328]]]]},"alpha2":"BR-SE","centroid":{"lat":-10.5741,"lng":-37.3857},"isState":true},{"type":"Feature","properties":{"name":"São Paulo","NAME":"São Paulo","sigla":"SP","code":"SP","POSTAL":"SP","ISO_A2":"BR-SP","alpha2":"BR-SP","region":"Sudeste","capital":"São Paulo"},"geometry":{"type":"MultiPolygon","coordinates":[[[[-46.1377,-23.8589],[-46.1241,-23.8594],[-46.1381,-23.8908],[-46.1793,-23.9239],[-46.166,-23.9443],[-46.1868,-23.9719],[-46.1868,-23.9723],[-46.1853,-23.9864],[-46.1814,-23.99],[-46.1891,-23.9891],[-46.1995,-23.9944],[-46.2029,-23.9998],[-46.2114,-23.9852],[-46.2441,-23.9909],[-46.287,-24.044],[-46.2944,-24.0161],[-46.3041,-24.0194],[-46.3081,-24.024],[-46.3112,-24.0275],[-46.3237,-24.0217],[-46.3211,-23.9988],[-46.305,-23.9923],[-46.3126,-23.9807],[-46.3452,-23.9684],[-46.3683,-23.9806],[-46.3842,-23.9699],[-46.3746,-23.9858],[-46.3791,-23.9923],[-46.3852,-23.9941],[-46.392,-23.996],[-46.3832,-24.0172],[-46.3895,-24.0161],[-46.3898,-24.0226],[-46.3989,-24.0331],[-46.4015,-24.0317],[-46.3997,-24.021],[-46.3991,-24.0178],[-46.4019,-24.0171],[-46.4166,-24.0133],[-46.4978,-24.0399],[-46.6048,-24.0892],[-46.7092,-24.1434],[-46.9404,-24.28],[-46.9846,-24.3164],[-46.9923,-24.3227],[-47.0002,-24.3293],[-47.0002,-24.3546],[-47.0182,-24.3754],[-47.0009,-24.3968],[-47.0092,-24.4136],[-47.0775,-24.4428],[-47.1375,-24.4858],[-47.2276,-24.5582],[-47.2267,-24.5602],[-47.2246,-24.5649],[-47.2263,-24.5693],[-47.6163,-24.7917],[-47.8415,-24.9745],[-47.8665,-25.0041],[-47.8731,-25.0119],[-47.8877,-25.0532],[-47.8983,-25.053],[-47.9009,-25.053],[-47.9095,-25.0529],[-47.8943,-25.1064],[-47.9184,-25.1452],[-47.9125,-25.158],[-48.0286,-25.2423],[-48.0985,-25.3109],[-48.0858,-25.2851],[-48.0231,-25.2305],[-48.0569,-25.2179],[-48.0616,-25.2395],[-48.1144,-25.2502],[-48.1867,-25.1984],[-48.1929,-25.1894],[-48.1564,-25.1441],[-48.1665,-25.1433],[-48.1763,-25.1366],[-48.1812,-25.1333],[-48.2117,-25.0849],[-48.2091,-25.0282],[-48.2145,-25.0292],[-48.2203,-25.0261],[-48.2311,-25.0203],[-48.2315,-25.0149],[-48.2262,-25.0111],[-48.2229,-25.0086],[-48.2512,-24.9782],[-48.2778,-25.0326],[-48.2989,-25.0239],[-48.3332,-25.0701],[-48.3237,-25.0362],[-48.3507,-25.036],[-48.3794,-24.9954],[-48.3943,-24.9905],[-48.4106,-24.9796],[-48.4736,-25.012],[-48.4837,-25.0401],[-48.4828,-25.0527],[-48.5281,-25.1003],[-48.5559,-25.0838],[-48.5686,-25.0507],[-48.5715,-25.0508],[-48.5822,-25.0511],[-48.5975,-25.0028],[-48.567,-24.9717],[-48.5716,-24.8945],[-48.5632,-24.8944],[-48.5625,-24.8955],[-48.5588,-24.9007],[-48.5464,-24.8733],[-48.5662,-24.8635],[-48.564,-24.8557],[-48.5673,-24.847],[-48.5553,-24.8057],[-48.5163,-24.7796],[-48.4988,-24.7385],[-48.5313,-24.7363],[-48.5814,-24.6711],[-48.5866,-24.6774],[-48.5888,-24.68],[-48.6161,-24.6682],[-48.6577,-24.6916],[-48.6608,-24.706],[-48.6745,-24.7013],[-48.6767,-24.6979],[-48.6765,-24.6711],[-48.6878,-24.6687],[-48.6936,-24.6702],[-48.6878,-24.677],[-48.6895,-24.6901],[-48.6899,-24.6929],[-48.6933,-24.6896],[-48.7033,-24.6801],[-48.7533,-24.6937],[-48.7531,-24.6892],[-48.7526,-24.6819],[-48.7568,-24.6794],[-48.7652,-24.6903],[-48.7686,-24.6948],[-48.7782,-24.6962],[-48.8283,-24.6551],[-48.8327,-24.6587],[-48.8399,-24.6645],[-48.8434,-24.6621],[-48.8528,-24.6557],[-48.858,-24.6572],[-48.8528,-24.6651],[-48.8483,-24.6719],[-48.851,-24.6741],[-48.8649,-24.6668],[-48.8783,-24.6679],[-48.9016,-24.6698],[-48.9148,-24.6824],[-48.9219,-24.6747],[-48.9323,-24.6741],[-48.9451,-24.6734],[-48.9481,-24.6761],[-48.958,-24.6848],[-48.9896,-24.6571],[-48.995,-24.656],[-48.9964,-24.6558],[-49.0093,-24.6577],[-49.0042,-24.6339],[-49.0179,-24.6421],[-49.0329,-24.634],[-49.0418,-24.64],[-49.0394,-24.6434],[-49.0324,-24.6414],[-49.0369,-24.6599],[-49.045,-24.6656],[-49.0508,-24.679],[-49.0553,-24.6821],[-49.0827,-24.6717],[-49.1085,-24.6761],[-49.1095,-24.6809],[-49.1111,-24.6878],[-49.1852,-24.6722],[-49.2084,-24.7003],[-49.2755,-24.6931],[-49.2939,-24.6742],[-49.3048,-24.6721],[-49.3047,-24.6684],[-49.3114,-24.6631],[-49.3036,-24.6576],[-49.2991,-24.6545],[-49.3159,-24.6385],[-49.3033,-24.5963],[-49.3115,-24.5906],[-49.316,-24.5875],[-49.3155,-24.555],[-49.2921,-24.5525],[-49.2918,-24.5438],[-49.2809,-24.5367],[-49.295,-24.5009],[-49.2467,-24.4687],[-49.2522,-24.4336],[-49.235,-24.4105],[-49.2534,-24.4073],[-49.2003,-24.344],[-49.283,-24.3075],[-49.3049,-24.2509],[-49.3554,-24.2115],[-49.3477,-24.2067],[-49.3411,-24.2026],[-49.3368,-24.1372],[-49.3704,-24.1139],[-49.3888,-24.1189],[-49.3931,-24.1145],[-49.4086,-24.1078],[-49.4044,-24.0954],[-49.4172,-24.0911],[-49.4298,-24.0869],[-49.4293,-24.0682],[-49.453,-24.0527],[-49.4624,-24.0374],[-49.4624,-24.0374],[-49.463,-24.0269],[-49.4867,-24.0241],[-49.4801,-24.0057],[-49.4975,-23.9933],[-49.4954,-23.9853],[-49.4932,-23.9771],[-49.5157,-23.9695],[-49.5132,-23.964],[-49.5072,-23.9617],[-49.4994,-23.9588],[-49.5206,-23.9456],[-49.5111,-23.9254],[-49.5138,-23.9233],[-49.5225,-23.9165],[-49.5302,-23.922],[-49.5315,-23.9286],[-49.5565,-23.9222],[-49.5766,-23.8957],[-49.5757,-23.8908],[-49.5731,-23.8775],[-49.5817,-23.8851],[-49.5856,-23.8885],[-49.6102,-23.8512],[-49.595,-23.8463],[-49.6006,-23.843],[-49.603,-23.8416],[-49.6075,-23.8389],[-49.5981,-23.8364],[-49.5953,-23.8377],[-49.5866,-23.8416],[-49.5921,-23.8365],[-49.5921,-23.8357],[-49.5925,-23.8298],[-49.5619,-23.8181],[-49.5696,-23.7781],[-49.566,-23.7773],[-49.5633,-23.7637],[-49.5602,-23.7609],[-49.5715,-23.7546],[-49.5635,-23.7494],[-49.5669,-23.74],[-49.5636,-23.7317],[-49.5603,-23.7334],[-49.5519,-23.7377],[-49.5486,-23.736],[-49.5541,-23.7228],[-49.554,-23.7209],[-49.5494,-23.7032],[-49.6166,-23.6391],[-49.6085,-23.634],[-49.6078,-23.6336],[-49.6058,-23.6245],[-49.6206,-23.6066],[-49.6015,-23.5822],[-49.5997,-23.5351],[-49.6287,-23.5117],[-49.6212,-23.5055],[-49.6189,-23.5062],[-49.6141,-23.5077],[-49.6144,-23.4717],[-49.5981,-23.4767],[-49.5952,-23.4399],[-49.5725,-23.4434],[-49.5685,-23.4398],[-49.5712,-23.4345],[-49.5666,-23.4267],[-49.5803,-23.4311],[-49.5798,-23.4146],[-49.6032,-23.4073],[-49.6049,-23.3939],[-49.6189,-23.3965],[-49.5899,-23.3823],[-49.5954,-23.3747],[-49.5948,-23.3664],[-49.6117,-23.3542],[-49.6371,-23.3492],[-49.6212,-23.3314],[-49.6253,-23.2861],[-49.6778,-23.1646],[-49.73,-23.141],[-49.7266,-23.1079],[-49.7409,-23.0988],[-49.7899,-23.1018],[-49.8332,-23.0655],[-49.8496,-23.0726],[-49.8501,-23.0728],[-49.8669,-23.0712],[-49.9111,-23.0506],[-49.901,-22.9987],[-49.9303,-22.9825],[-49.9541,-22.9779],[-49.9647,-22.9663],[-49.9717,-22.9587],[-49.9609,-22.9304],[-49.9628,-22.9232],[-49.9646,-22.916],[-49.9857,-22.897],[-49.9973,-22.901],[-49.9936,-22.913],[-49.9902,-22.9239],[-49.9958,-22.929],[-50.0461,-22.902],[-50.0516,-22.907],[-50.067,-22.927],[-50.151,-22.9347],[-50.1581,-22.9405],[-50.1653,-22.9463],[-50.1828,-22.9533],[-50.2382,-22.9526],[-50.2412,-22.9506],[-50.2427,-22.9469],[-50.2461,-22.938],[-50.2677,-22.932],[-50.2703,-22.9312],[-50.2729,-22.9305],[-50.3397,-22.9476],[-50.3799,-22.9044],[-50.3876,-22.9055],[-50.3953,-22.9066],[-50.4164,-22.9128],[-50.4275,-22.9445],[-50.4872,-22.9369],[-50.4938,-22.9403],[-50.5044,-22.9458],[-50.5409,-22.9116],[-50.5444,-22.9115],[-50.5539,-22.9112],[-50.5765,-22.9035],[-50.6084,-22.9233],[-50.6618,-22.8952],[-50.6755,-22.9],[-50.7093,-22.9529],[-50.7293,-22.962],[-50.7411,-22.9609],[-50.8056,-22.9398],[-50.7928,-22.9052],[-50.7926,-22.9046],[-50.7925,-22.8939],[-50.796,-22.8898],[-50.8042,-22.8855],[-50.8165,-22.8791],[-50.8419,-22.8309],[-50.8904,-22.7953],[-50.9446,-22.8036],[-50.9611,-22.7857],[-51.0036,-22.7922],[-51.0571,-22.7656],[-51.1131,-22.7604],[-51.1544,-22.7524],[-51.2348,-22.7082],[-51.2407,-22.6965],[-51.2466,-22.6847],[-51.2633,-22.6686],[-51.3058,-22.6739],[-51.3215,-22.6699],[-51.3328,-22.667],[-51.3732,-22.6577],[-51.4014,-22.6674],[-51.4242,-22.653],[-51.4458,-22.6528],[-51.4714,-22.6766],[-51.4984,-22.69],[-51.5591,-22.6967],[-51.6281,-22.658],[-51.7177,-22.6685],[-51.7254,-22.6609],[-51.7309,-22.6397],[-51.7347,-22.6249],[-51.7528,-22.6173],[-51.873,-22.6278],[-51.94,-22.5669],[-52.1071,-22.5162],[-52.1102,-22.5166],[-52.1252,-22.5188],[-52.1349,-22.5274],[-52.1483,-22.5488],[-52.1609,-22.5973],[-52.1611,-22.6014],[-52.1614,-22.6054],[-52.1562,-22.6442],[-52.223,-22.6738],[-52.2277,-22.6648],[-52.2287,-22.6537],[-52.23,-22.6375],[-52.2396,-22.6194],[-52.2499,-22.6149],[-52.3043,-22.636],[-52.4348,-22.6069],[-52.5028,-22.6336],[-52.5862,-22.566],[-52.6027,-22.5707],[-52.6624,-22.6114],[-52.7012,-22.627],[-52.8149,-22.5966],[-52.8443,-22.6087],[-52.8578,-22.6075],[-52.9242,-22.5651],[-52.9719,-22.57],[-53.0873,-22.6579],[-53.1078,-22.5968],[-53.0809,-22.5578],[-53.0554,-22.5354],[-53.0131,-22.5193],[-53.0073,-22.5089],[-53.0041,-22.5034],[-52.9981,-22.4927],[-52.9477,-22.4729],[-52.8853,-22.4524],[-52.8573,-22.441],[-52.7978,-22.3778],[-52.5787,-22.2515],[-52.4925,-22.2195],[-52.4077,-22.1412],[-52.3449,-22.0615],[-52.3186,-21.9719],[-52.3134,-21.9617],[-52.3083,-21.9514],[-52.1901,-21.8457],[-52.1608,-21.7703],[-52.1534,-21.766],[-52.1395,-21.7553],[-52.1024,-21.7448],[-52.0979,-21.7374],[-52.0933,-21.73],[-52.076,-21.7144],[-52.0493,-21.6609],[-52.0492,-21.6517],[-52.049,-21.6426],[-52.1028,-21.5586],[-52.0927,-21.5376],[-52.0773,-21.5147],[-52.066,-21.5041],[-52.0566,-21.5031],[-51.9977,-21.5152],[-51.9674,-21.5013],[-51.9282,-21.4553],[-51.9056,-21.3848],[-51.8672,-21.3512],[-51.848,-21.2662],[-51.8788,-21.1974],[-51.8754,-21.1357],[-51.865,-21.1301],[-51.8441,-21.131],[-51.8231,-21.1264],[-51.7892,-21.1016],[-51.7751,-21.0726],[-51.7716,-21.0483],[-51.7528,-21.0139],[-51.7247,-20.9797],[-51.7189,-20.9753],[-51.7132,-20.971],[-51.6656,-20.9701],[-51.6262,-20.9459],[-51.6223,-20.9389],[-51.6185,-20.9319],[-51.613,-20.8896],[-51.6188,-20.8813],[-51.6247,-20.8729],[-51.6299,-20.8514],[-51.6233,-20.7789],[-51.6344,-20.7544],[-51.5865,-20.6343],[-51.4997,-20.5677],[-51.4971,-20.5604],[-51.4944,-20.553],[-51.4633,-20.501],[-51.4088,-20.4591],[-51.3429,-20.3553],[-51.2952,-20.328],[-51.1506,-20.3014],[-51.1272,-20.2921],[-51.1005,-20.2736],[-51.0687,-20.2496],[-51,-20.0849],[-50.9969,-20.0803],[-50.966,-20.0341],[-50.9076,-19.9938],[-50.8713,-19.9881],[-50.7831,-19.9368],[-50.7246,-19.9264],[-50.6829,-19.9148],[-50.6564,-19.9049],[-50.5755,-19.8156],[-50.4714,-19.7792],[-50.454,-19.7856],[-50.414,-19.8033],[-50.3523,-19.8641],[-50.1023,-19.8754],[-50.0117,-19.9262],[-49.9596,-19.9204],[-49.9045,-19.9386],[-49.8908,-19.9432],[-49.8811,-19.9441],[-49.8551,-19.9463],[-49.782,-19.924],[-49.7491,-19.9248],[-49.7117,-19.9308],[-49.6407,-19.9314],[-49.551,-19.9054],[-49.5236,-19.9114],[-49.5133,-19.9154],[-49.503,-19.9194],[-49.487,-19.9548],[-49.4577,-19.9755],[-49.4488,-19.9779],[-49.4399,-19.9803],[-49.4113,-19.9823],[-49.356,-19.9862],[-49.2971,-19.9601],[-49.2647,-19.9616],[-49.2502,-19.9703],[-49.2465,-19.9821],[-49.2479,-19.9992],[-49.2961,-20.0164],[-49.3072,-20.0733],[-49.3081,-20.1015],[-49.3053,-20.1165],[-49.2988,-20.1666],[-49.2384,-20.2866],[-49.1791,-20.3097],[-49.1203,-20.2688],[-49.0892,-20.2113],[-49.0674,-20.154],[-49.0281,-20.1507],[-49.0234,-20.1519],[-49.0186,-20.153],[-48.9918,-20.1649],[-48.9613,-20.2628],[-48.9625,-20.273],[-48.9637,-20.2832],[-48.9684,-20.3933],[-48.9655,-20.398],[-48.9626,-20.4026],[-48.8989,-20.4407],[-48.8781,-20.4292],[-48.8686,-20.4065],[-48.8671,-20.3982],[-48.885,-20.2687],[-48.8717,-20.2414],[-48.8579,-20.2294],[-48.8552,-20.1816],[-48.8496,-20.1772],[-48.844,-20.1728],[-48.8227,-20.1614],[-48.7291,-20.1498],[-48.6464,-20.1661],[-48.5807,-20.1317],[-48.4906,-20.1376],[-48.4053,-20.113],[-48.3765,-20.122],[-48.3688,-20.1223],[-48.3193,-20.113],[-48.2836,-20.1376],[-48.2758,-20.14],[-48.268,-20.1424],[-48.2459,-20.1405],[-48.2243,-20.1331],[-48.2182,-20.1259],[-48.253,-20.0774],[-48.2437,-20.0469],[-48.247,-20.0354],[-48.2405,-20.0289],[-48.2252,-20.0288],[-48.2136,-20.0349],[-48.1784,-20.0953],[-48.1116,-20.1434],[-48.0941,-20.146],[-48.07,-20.1461],[-48.0489,-20.1368],[-48.0463,-20.1319],[-48.0377,-20.1165],[-48.0252,-20.1187],[-48.0194,-20.1197],[-48.0029,-20.1042],[-47.9901,-20.0745],[-47.9901,-20.0444],[-47.9755,-20.0349],[-47.948,-20.0553],[-47.943,-20.0915],[-47.9383,-20.0994],[-47.9336,-20.1074],[-47.9114,-20.1181],[-47.9013,-20.123],[-47.8939,-20.1234],[-47.8598,-20.0529],[-47.8754,-20.0295],[-47.8749,-20.02],[-47.8593,-19.9925],[-47.7038,-19.9794],[-47.6355,-20.0479],[-47.5943,-20.0253],[-47.5931,-20.0157],[-47.5921,-20.0065],[-47.5806,-19.9954],[-47.5081,-19.9825],[-47.4733,-19.9615],[-47.4252,-20.0123],[-47.4251,-20.0172],[-47.4381,-20.0257],[-47.4434,-20.0292],[-47.4387,-20.0492],[-47.4178,-20.0642],[-47.4142,-20.0685],[-47.4055,-20.0809],[-47.4027,-20.0823],[-47.3741,-20.0832],[-47.2674,-20.1568],[-47.2307,-20.2186],[-47.2978,-20.348],[-47.2854,-20.4048],[-47.2913,-20.4488],[-47.211,-20.5018],[-47.1539,-20.5192],[-47.0961,-20.6586],[-47.1145,-20.7053],[-47.1654,-20.7014],[-47.1858,-20.7306],[-47.1825,-20.733],[-47.1747,-20.7388],[-47.1819,-20.7409],[-47.1884,-20.7701],[-47.2243,-20.7996],[-47.2146,-20.8253],[-47.2265,-20.8551],[-47.2273,-20.8568],[-47.2396,-20.8848],[-47.1433,-20.9819],[-47.1565,-21.0185],[-47.1418,-21.0877],[-47.1127,-21.1044],[-47.133,-21.133],[-47.1169,-21.1532],[-47.1183,-21.1853],[-47.1031,-21.1994],[-47.102,-21.2025],[-47.0982,-21.213],[-47.0623,-21.2095],[-47.0769,-21.2393],[-47.0626,-21.2388],[-47.0602,-21.2405],[-47.0518,-21.2461],[-47.0347,-21.3105],[-46.9976,-21.3503],[-47.015,-21.3958],[-47.0108,-21.4218],[-46.9203,-21.4266],[-46.8417,-21.3886],[-46.8323,-21.3673],[-46.8183,-21.3659],[-46.8001,-21.3708],[-46.7913,-21.3732],[-46.7643,-21.3596],[-46.7551,-21.3798],[-46.7055,-21.4044],[-46.6652,-21.3612],[-46.6592,-21.3633],[-46.6467,-21.3638],[-46.6471,-21.3925],[-46.618,-21.4207],[-46.6148,-21.441],[-46.5761,-21.4265],[-46.5713,-21.434],[-46.5698,-21.4363],[-46.561,-21.4413],[-46.5198,-21.448],[-46.5191,-21.4615],[-46.5088,-21.4694],[-46.5237,-21.5214],[-46.4997,-21.5541],[-46.5214,-21.5842],[-46.5171,-21.6114],[-46.5525,-21.6376],[-46.5654,-21.6789],[-46.6211,-21.675],[-46.6256,-21.7657],[-46.6535,-21.7787],[-46.6905,-21.8365],[-46.6663,-21.8485],[-46.6569,-21.8688],[-46.6567,-21.8768],[-46.6471,-21.88],[-46.672,-21.9087],[-46.6646,-21.9201],[-46.6668,-21.9321],[-46.613,-22.0091],[-46.6519,-22.0102],[-46.6815,-22.0281],[-46.685,-22.0369],[-46.6801,-22.0449],[-46.6759,-22.0549],[-46.6641,-22.0581],[-46.6579,-22.0598],[-46.6611,-22.0641],[-46.6644,-22.0684],[-46.7228,-22.0765],[-46.7,-22.0947],[-46.6511,-22.0908],[-46.6001,-22.1343],[-46.6398,-22.1572],[-46.6428,-22.1692],[-46.6455,-22.1799],[-46.6732,-22.1756],[-46.6881,-22.2482],[-46.6917,-22.2469],[-46.6936,-22.2462],[-46.7104,-22.2635],[-46.705,-22.2954],[-46.7152,-22.306],[-46.7172,-22.306],[-46.7228,-22.3061],[-46.7007,-22.321],[-46.6751,-22.3687],[-46.6688,-22.3674],[-46.6605,-22.3655],[-46.6661,-22.4139],[-46.5722,-22.4526],[-46.5718,-22.4524],[-46.5644,-22.4469],[-46.5544,-22.4462],[-46.5491,-22.4685],[-46.5488,-22.4684],[-46.5425,-22.4673],[-46.5302,-22.4704],[-46.5336,-22.4809],[-46.5356,-22.4873],[-46.5417,-22.4939],[-46.5065,-22.5065],[-46.5048,-22.5166],[-46.4968,-22.5127],[-46.4907,-22.5099],[-46.4541,-22.5219],[-46.4259,-22.5471],[-46.4067,-22.54],[-46.411,-22.5538],[-46.4162,-22.5584],[-46.4333,-22.5734],[-46.4282,-22.5834],[-46.4196,-22.5844],[-46.4122,-22.5852],[-46.4149,-22.5886],[-46.4191,-22.5937],[-46.4226,-22.5981],[-46.4171,-22.6048],[-46.4043,-22.6204],[-46.4139,-22.6225],[-46.4226,-22.6243],[-46.4242,-22.6331],[-46.3959,-22.6455],[-46.3919,-22.6526],[-46.3925,-22.6611],[-46.3926,-22.6625],[-46.4693,-22.673],[-46.4802,-22.6778],[-46.4781,-22.6854],[-46.4725,-22.6911],[-46.4699,-22.6938],[-46.474,-22.6965],[-46.4775,-22.6989],[-46.4577,-22.7067],[-46.4534,-22.7227],[-46.4523,-22.7271],[-46.3348,-22.7597],[-46.3764,-22.8273],[-46.3722,-22.8593],[-46.3764,-22.8615],[-46.3804,-22.8635],[-46.3837,-22.8695],[-46.3592,-22.8956],[-46.348,-22.9023],[-46.347,-22.9029],[-46.3448,-22.9042],[-46.342,-22.9016],[-46.3356,-22.8955],[-46.3152,-22.8868],[-46.3051,-22.892],[-46.295,-22.8971],[-46.2885,-22.8895],[-46.2786,-22.8778],[-46.2664,-22.8752],[-46.2622,-22.878],[-46.2597,-22.8853],[-46.2581,-22.8901],[-46.2463,-22.8896],[-46.2377,-22.8937],[-46.2337,-22.8813],[-46.1994,-22.8704],[-46.1917,-22.8647],[-46.1442,-22.8578],[-46.1417,-22.8805],[-46.1364,-22.89],[-46.146,-22.9054],[-46.1473,-22.9073],[-46.1535,-22.9119],[-46.1386,-22.9223],[-46.0948,-22.8939],[-46.008,-22.8887],[-45.9094,-22.8168],[-45.8906,-22.8442],[-45.8885,-22.8753],[-45.8634,-22.8682],[-45.8477,-22.8373],[-45.8385,-22.8325],[-45.8291,-22.8344],[-45.8229,-22.8294],[-45.8024,-22.8334],[-45.8002,-22.8468],[-45.7955,-22.8522],[-45.7908,-22.8576],[-45.7657,-22.8419],[-45.7672,-22.836],[-45.7705,-22.8054],[-45.7586,-22.8005],[-45.7545,-22.7924],[-45.7131,-22.8143],[-45.7295,-22.7984],[-45.7121,-22.7686],[-45.7278,-22.7232],[-45.7567,-22.7208],[-45.7964,-22.7383],[-45.8194,-22.7221],[-45.8153,-22.7102],[-45.8112,-22.6983],[-45.7424,-22.6587],[-45.6935,-22.6512],[-45.737,-22.6081],[-45.7165,-22.5781],[-45.6604,-22.5785],[-45.6626,-22.5862],[-45.6584,-22.5976],[-45.6806,-22.6358],[-45.6693,-22.6481],[-45.6646,-22.6502],[-45.6472,-22.6477],[-45.6177,-22.6374],[-45.5763,-22.6019],[-45.5549,-22.6259],[-45.5839,-22.6512],[-45.5395,-22.6521],[-45.4884,-22.6283],[-45.4745,-22.5985],[-45.4769,-22.5956],[-45.4808,-22.5907],[-45.4739,-22.5902],[-45.4713,-22.59],[-45.4125,-22.6217],[-45.4127,-22.628],[-45.4084,-22.633],[-45.41,-22.6512],[-45.4018,-22.6523],[-45.3995,-22.6526],[-45.3325,-22.6171],[-45.2934,-22.6132],[-45.2742,-22.6157],[-45.2657,-22.61],[-45.261,-22.6066],[-45.2594,-22.5824],[-45.1776,-22.5494],[-45.1596,-22.5164],[-45.1497,-22.5068],[-45.1434,-22.5061],[-45.128,-22.4966],[-45.028,-22.4627],[-44.9654,-22.4747],[-44.9585,-22.4654],[-44.9396,-22.4522],[-44.8985,-22.4523],[-44.8893,-22.4316],[-44.8749,-22.4281],[-44.871,-22.4238],[-44.8329,-22.4304],[-44.8088,-22.4048],[-44.74,-22.4261],[-44.7298,-22.4396],[-44.7269,-22.4467],[-44.7182,-22.4649],[-44.7153,-22.5138],[-44.68,-22.5257],[-44.6705,-22.5392],[-44.6754,-22.5441],[-44.6758,-22.5446],[-44.677,-22.5605],[-44.6659,-22.5535],[-44.6611,-22.5504],[-44.6499,-22.5565],[-44.6473,-22.5523],[-44.6413,-22.5589],[-44.6419,-22.5771],[-44.6467,-22.5841],[-44.6449,-22.6021],[-44.633,-22.6087],[-44.6098,-22.6162],[-44.6044,-22.614],[-44.6043,-22.6139],[-44.6019,-22.6071],[-44.5837,-22.6255],[-44.5766,-22.6102],[-44.5726,-22.6015],[-44.5485,-22.6057],[-44.5367,-22.6168],[-44.5327,-22.6153],[-44.5256,-22.619],[-44.5313,-22.6254],[-44.537,-22.6319],[-44.5348,-22.637],[-44.5145,-22.6297],[-44.5082,-22.6404],[-44.4851,-22.6104],[-44.4855,-22.6095],[-44.4871,-22.6057],[-44.4644,-22.6155],[-44.4298,-22.598],[-44.4247,-22.5993],[-44.4163,-22.6013],[-44.4059,-22.6071],[-44.3981,-22.6025],[-44.409,-22.5878],[-44.3953,-22.5811],[-44.3912,-22.5729],[-44.384,-22.5732],[-44.3712,-22.5796],[-44.3636,-22.5779],[-44.3599,-22.5813],[-44.3617,-22.5827],[-44.3698,-22.5894],[-44.356,-22.6138],[-44.3432,-22.5879],[-44.2853,-22.6092],[-44.2264,-22.6041],[-44.22,-22.6148],[-44.2187,-22.6172],[-44.2161,-22.6165],[-44.2076,-22.6143],[-44.2037,-22.6149],[-44.1617,-22.6741],[-44.1779,-22.7072],[-44.1845,-22.7124],[-44.1892,-22.7133],[-44.2033,-22.7157],[-44.2015,-22.7319],[-44.2166,-22.7329],[-44.2268,-22.7335],[-44.25,-22.7571],[-44.2561,-22.7869],[-44.2413,-22.7927],[-44.2451,-22.8021],[-44.2599,-22.8045],[-44.261,-22.8047],[-44.2632,-22.8113],[-44.2695,-22.8298],[-44.2962,-22.8273],[-44.3738,-22.8576],[-44.413,-22.8477],[-44.4666,-22.8846],[-44.4793,-22.8509],[-44.4839,-22.846],[-44.4903,-22.846],[-44.4943,-22.846],[-44.5438,-22.8844],[-44.6066,-22.8852],[-44.659,-22.9274],[-44.6705,-22.9198],[-44.6735,-22.9178],[-44.6776,-22.9229],[-44.6879,-22.9359],[-44.7115,-22.9295],[-44.7434,-22.9471],[-44.7548,-22.9798],[-44.792,-22.9817],[-44.8244,-23.161],[-44.8726,-23.1838],[-44.8885,-23.224],[-44.8851,-23.2319],[-44.8778,-23.2323],[-44.8746,-23.2487],[-44.8643,-23.2486],[-44.854,-23.2485],[-44.8365,-23.2563],[-44.8262,-23.2907],[-44.814,-23.2858],[-44.807,-23.2829],[-44.8049,-23.2895],[-44.787,-23.2996],[-44.7779,-23.3385],[-44.724,-23.3676],[-44.784,-23.3782],[-44.785,-23.3738],[-44.7857,-23.3711],[-44.7917,-23.3697],[-44.8438,-23.3869],[-44.8382,-23.3693],[-44.8535,-23.361],[-44.8911,-23.3725],[-44.8854,-23.3415],[-44.9074,-23.3332],[-44.9786,-23.4001],[-45.0436,-23.4253],[-45.0609,-23.4196],[-45.0687,-23.4352],[-45.067,-23.4466],[-45.0601,-23.4555],[-45.0593,-23.4566],[-45.055,-23.4589],[-45.0496,-23.4554],[-45.0379,-23.4478],[-45.0187,-23.4613],[-45.0634,-23.4686],[-45.0816,-23.5213],[-45.0836,-23.4953],[-45.1065,-23.4886],[-45.1112,-23.4959],[-45.1182,-23.4994],[-45.124,-23.5022],[-45.1079,-23.5073],[-45.1136,-23.5254],[-45.1464,-23.4966],[-45.1712,-23.4931],[-45.162,-23.5418],[-45.1855,-23.541],[-45.1951,-23.5197],[-45.213,-23.5253],[-45.2278,-23.5376],[-45.2111,-23.5825],[-45.2631,-23.5967],[-45.2812,-23.573],[-45.286,-23.5738],[-45.2931,-23.5751],[-45.2972,-23.5716],[-45.3365,-23.5919],[-45.358,-23.6243],[-45.3895,-23.6334],[-45.4061,-23.6228],[-45.4297,-23.6553],[-45.4323,-23.6837],[-45.4204,-23.7259],[-45.3968,-23.725],[-45.411,-23.7497],[-45.3963,-23.7798],[-45.4046,-23.8196],[-45.4308,-23.8318],[-45.4647,-23.8182],[-45.513,-23.84],[-45.5131,-23.831],[-45.5217,-23.8304],[-45.537,-23.8291],[-45.5355,-23.8242],[-45.5338,-23.8191],[-45.5336,-23.8185],[-45.5435,-23.8084],[-45.5495,-23.8089],[-45.5542,-23.8093],[-45.5543,-23.7972],[-45.5612,-23.7911],[-45.6231,-23.8036],[-45.6426,-23.7777],[-45.6645,-23.7853],[-45.6709,-23.7745],[-45.6928,-23.782],[-45.6951,-23.7777],[-45.6961,-23.7757],[-45.6977,-23.7726],[-45.844,-23.7576],[-45.978,-23.787],[-46.0317,-23.8088],[-46.0441,-23.8304],[-46.0513,-23.8156],[-46.0595,-23.813],[-46.0754,-23.8165],[-46.0845,-23.8204],[-46.0935,-23.8243],[-46.1183,-23.8351],[-46.1377,-23.8589]]],[[[-45.3209,-23.9149],[-45.4274,-23.9404],[-45.4597,-23.915],[-45.4601,-23.9089],[-45.4611,-23.8956],[-45.4617,-23.8878],[-45.3659,-23.8096],[-45.3466,-23.7387],[-45.341,-23.7271],[-45.3351,-23.7249],[-45.3288,-23.721],[-45.2612,-23.7425],[-45.2582,-23.7587],[-45.2296,-23.7763],[-45.2482,-23.8244],[-45.2279,-23.8382],[-45.2722,-23.8383],[-45.2897,-23.8659],[-45.2878,-23.8723],[-45.2719,-23.8741],[-45.2689,-23.8745],[-45.2718,-23.8915],[-45.2244,-23.9025],[-45.2381,-23.908],[-45.2357,-23.9419],[-45.2268,-23.9408],[-45.2505,-23.9655],[-45.2549,-23.965],[-45.2623,-23.9639],[-45.2673,-23.9633],[-45.2854,-23.9415],[-45.2902,-23.9102],[-45.3209,-23.9149]]],[[[-45.0778,-23.5353],[-45.0721,-23.5383],[-45.0648,-23.538],[-45.0613,-23.533],[-45.0591,-23.5262],[-45.0437,-23.5326],[-45.0394,-23.5344],[-45.0792,-23.5638],[-45.0805,-23.5254],[-45.0767,-23.53],[-45.0778,-23.5353]]],[[[-45.1398,-23.7999],[-45.1149,-23.8072],[-45.1183,-23.8145],[-45.1197,-23.8173],[-45.1323,-23.8125],[-45.1462,-23.8209],[-45.1564,-23.8129],[-45.1583,-23.8052],[-45.1486,-23.7945],[-45.1383,-23.7927],[-45.1392,-23.7968],[-45.1398,-23.7999]]],[[[-45.1634,-23.5667],[-45.1563,-23.5593],[-45.1517,-23.5631],[-45.1476,-23.5664],[-45.1458,-23.5702],[-45.1634,-23.5667]]],[[[-45.0197,-23.7587],[-45.0186,-23.7542],[-45.0093,-23.7522],[-45.0197,-23.7587]]],[[[-45.779,-23.8676],[-45.7846,-23.8584],[-45.7788,-23.8573],[-45.7755,-23.8587],[-45.779,-23.8676]]],[[[-45.2936,-23.5961],[-45.2923,-23.5932],[-45.286,-23.5931],[-45.2808,-23.5931],[-45.2936,-23.5961]]],[[[-45.0186,-23.7542],[-45.0243,-23.7519],[-45.0227,-23.7436],[-45.0186,-23.7542]]],[[[-45.7259,-23.8006],[-45.7191,-23.7978],[-45.7145,-23.803],[-45.7174,-23.8042],[-45.724,-23.803],[-45.7259,-23.8006]]],[[[-45.526,-23.8493],[-45.5228,-23.8457],[-45.5202,-23.8486],[-45.5222,-23.8544],[-45.5252,-23.854],[-45.526,-23.8493]]],[[[-46.9067,-24.3897],[-46.9031,-24.3872],[-46.9018,-24.3942],[-46.9034,-24.3966],[-46.9063,-24.3944],[-46.9067,-24.3897]]],[[[-46.9094,-24.3738],[-46.9045,-24.3738],[-46.9045,-24.3774],[-46.9086,-24.3805],[-46.9107,-24.3774],[-46.9094,-24.3738]]],[[[-45.0333,-23.5487],[-45.028,-23.5451],[-45.0247,-23.544],[-45.0258,-23.5493],[-45.0333,-23.5487]]],[[[-44.8514,-23.3992],[-44.8534,-23.4032],[-44.855,-23.398],[-44.8494,-23.3949],[-44.8514,-23.3992]]],[[[-44.9485,-23.3862],[-44.945,-23.3834],[-44.9405,-23.3835],[-44.9445,-23.3874],[-44.9485,-23.3862]]],[[[-46.9799,-24.371],[-46.979,-24.3679],[-46.9749,-24.3696],[-46.977,-24.3723],[-46.9799,-24.371]]],[[[-47.9135,-25.1668],[-47.9114,-25.1629],[-47.9084,-25.1669],[-47.9135,-25.1668]]],[[[-45.2286,-23.8132],[-45.2252,-23.8137],[-45.2282,-23.8171],[-45.2286,-23.8132]]],[[[-45.3252,-23.9159],[-45.3209,-23.9149],[-45.323,-23.9174],[-45.3241,-23.9186],[-45.3246,-23.9174],[-45.3252,-23.9159]]],[[[-45.714,-23.7902],[-45.7126,-23.7873],[-45.7091,-23.7882],[-45.714,-23.7902]]],[[[-45.2768,-23.8531],[-45.2786,-23.8549],[-45.2798,-23.8521],[-45.277,-23.8523],[-45.2761,-23.8524],[-45.2768,-23.8531]]],[[[-45.2972,-23.9206],[-45.297,-23.917],[-45.2945,-23.9188],[-45.2972,-23.9206]]],[[[-45.1564,-23.8308],[-45.1539,-23.8286],[-45.1531,-23.8316],[-45.1564,-23.8308]]],[[[-45.6717,-23.8047],[-45.6703,-23.802],[-45.6688,-23.8049],[-45.6717,-23.8047]]]]},"alpha2":"BR-SP","centroid":{"lat":-22.19,"lng":-48.79},"isState":true},{"type":"Feature","properties":{"name":"Tocantins","NAME":"Tocantins","sigla":"TO","code":"TO","POSTAL":"TO","ISO_A2":"BR-TO","alpha2":"BR-TO","region":"Norte","capital":"Palmas"},"geometry":{"type":"MultiPolygon","coordinates":[[[[-47.033,-8.9823],[-47.031,-8.9855],[-47.0384,-9.0006],[-47.0436,-9.0065],[-47.0481,-9.0067],[-47.0617,-9.0073],[-47.0681,-9.0116],[-47.0431,-9.0261],[-47.0683,-9.0635],[-47.0098,-9.0699],[-47.012,-9.075],[-47.0132,-9.0777],[-47.0069,-9.0818],[-46.9222,-9.0663],[-46.9117,-9.0823],[-46.9185,-9.0868],[-46.9274,-9.0843],[-46.9294,-9.0837],[-46.9259,-9.1345],[-46.8941,-9.1226],[-46.8899,-9.1263],[-46.8899,-9.1308],[-46.8899,-9.1405],[-46.8692,-9.1451],[-46.8603,-9.1471],[-46.852,-9.154],[-46.8503,-9.1914],[-46.8224,-9.1986],[-46.8192,-9.2112],[-46.8264,-9.2229],[-46.8285,-9.2397],[-46.8185,-9.2597],[-46.8466,-9.292],[-46.8431,-9.3008],[-46.8349,-9.3078],[-46.8251,-9.305],[-46.8183,-9.303],[-46.8125,-9.3055],[-46.7987,-9.3384],[-46.7679,-9.3651],[-46.7582,-9.3808],[-46.7654,-9.4018],[-46.7629,-9.4085],[-46.7456,-9.414],[-46.7229,-9.396],[-46.6655,-9.3915],[-46.6324,-9.4112],[-46.6491,-9.4437],[-46.6272,-9.4653],[-46.5605,-9.4836],[-46.5753,-9.5171],[-46.5374,-9.5574],[-46.5789,-9.5837],[-46.5812,-9.5842],[-46.5911,-9.5866],[-46.6126,-9.6654],[-46.6529,-9.693],[-46.6452,-9.7162],[-46.647,-9.7299],[-46.6424,-9.7411],[-46.6271,-9.7483],[-46.5957,-9.7468],[-46.5757,-9.7576],[-46.5766,-9.8048],[-46.562,-9.8103],[-46.542,-9.8099],[-46.5117,-9.7986],[-46.4932,-9.827],[-46.4944,-9.8359],[-46.4955,-9.8448],[-46.4902,-9.8483],[-46.4799,-9.8548],[-46.4912,-9.8697],[-46.4817,-9.8734],[-46.4725,-9.877],[-46.4782,-9.9235],[-46.4736,-9.9281],[-46.4653,-9.9367],[-46.4772,-9.9879],[-46.4567,-10.0176],[-46.456,-10.0495],[-46.4549,-10.0524],[-46.4537,-10.0553],[-46.4435,-10.0772],[-46.431,-10.0798],[-46.4185,-10.0824],[-46.3835,-10.12],[-46.3675,-10.1684],[-46.3576,-10.1705],[-46.3478,-10.1727],[-46.3271,-10.1833],[-46.3207,-10.1784],[-46.3127,-10.1724],[-46.301,-10.1779],[-46.2726,-10.1812],[-46.2404,-10.1715],[-46.2105,-10.1693],[-46.2017,-10.1735],[-46.1941,-10.1822],[-46.1642,-10.2125],[-46.1355,-10.2059],[-46.0993,-10.2125],[-46.0504,-10.1813],[-46.0386,-10.1763],[-46.0279,-10.1765],[-46.0031,-10.2605],[-45.9958,-10.2499],[-45.9735,-10.248],[-45.946,-10.2582],[-45.9357,-10.254],[-45.9254,-10.2499],[-45.8774,-10.2389],[-45.8428,-10.2588],[-45.7933,-10.2673],[-45.7436,-10.2395],[-45.7385,-10.2339],[-45.7334,-10.2282],[-45.7264,-10.2067],[-45.7346,-10.1718],[-45.7262,-10.1564],[-45.6989,-10.1664],[-45.7055,-10.1879],[-45.6977,-10.215],[-45.6971,-10.2632],[-45.738,-10.342],[-45.8243,-10.3656],[-45.8273,-10.4355],[-45.8876,-10.4491],[-45.9708,-10.5282],[-46.0246,-10.5424],[-46.0274,-10.5667],[-46.0595,-10.5741],[-46.0592,-10.5851],[-46.0591,-10.593],[-46.0657,-10.6029],[-46.1559,-10.6295],[-46.1619,-10.6249],[-46.1688,-10.6196],[-46.1875,-10.6261],[-46.1888,-10.6314],[-46.2105,-10.6493],[-46.209,-10.6553],[-46.2074,-10.6613],[-46.1876,-10.6846],[-46.1921,-10.7193],[-46.2043,-10.7256],[-46.2164,-10.732],[-46.251,-10.7567],[-46.2495,-10.7618],[-46.2385,-10.7641],[-46.2272,-10.7664],[-46.2291,-10.794],[-46.2313,-10.7992],[-46.2334,-10.8044],[-46.2755,-10.8232],[-46.2896,-10.8475],[-46.2924,-10.8589],[-46.2953,-10.8704],[-46.283,-10.9063],[-46.3985,-10.994],[-46.4461,-11.0895],[-46.4529,-11.1558],[-46.4719,-11.1908],[-46.6092,-11.2555],[-46.5992,-11.265],[-46.6087,-11.2843],[-46.6167,-11.289],[-46.6012,-11.3468],[-46.5489,-11.3803],[-46.5485,-11.408],[-46.5277,-11.4221],[-46.5196,-11.4831],[-46.4789,-11.516],[-46.4451,-11.5142],[-46.4266,-11.5256],[-46.4109,-11.5415],[-46.313,-11.5391],[-46.2359,-11.5649],[-46.2179,-11.5807],[-46.2131,-11.5952],[-46.2023,-11.6022],[-46.1266,-11.6039],[-46.0906,-11.6181],[-46.0862,-11.6217],[-46.0866,-11.6422],[-46.1536,-11.6566],[-46.2213,-11.6443],[-46.2558,-11.6208],[-46.3145,-11.6318],[-46.295,-11.6945],[-46.3063,-11.7021],[-46.3085,-11.7036],[-46.3289,-11.7369],[-46.3657,-11.7453],[-46.373,-11.7507],[-46.3223,-11.7703],[-46.3375,-11.816],[-46.345,-11.8201],[-46.3512,-11.8236],[-46.3505,-11.8257],[-46.3471,-11.8355],[-46.373,-11.8362],[-46.3709,-11.854],[-46.3742,-11.8682],[-46.365,-11.884],[-46.3175,-11.8981],[-46.3106,-11.8954],[-46.2846,-11.8855],[-46.2748,-11.8899],[-46.2649,-11.8943],[-46.2377,-11.9022],[-46.1889,-11.8835],[-46.1797,-11.8865],[-46.1708,-11.9006],[-46.1747,-11.9096],[-46.1921,-11.9291],[-46.3253,-11.9581],[-46.3974,-12.0399],[-46.3907,-12.0453],[-46.3817,-12.0526],[-46.3852,-12.092],[-46.3778,-12.0947],[-46.3681,-12.0981],[-46.3659,-12.1108],[-46.3893,-12.1665],[-46.384,-12.1738],[-46.3836,-12.1743],[-46.3803,-12.179],[-46.3835,-12.1835],[-46.385,-12.1856],[-46.3906,-12.1935],[-46.3766,-12.1971],[-46.3682,-12.1994],[-46.3598,-12.2246],[-46.3661,-12.2411],[-46.373,-12.2446],[-46.38,-12.2481],[-46.3717,-12.2586],[-46.3657,-12.2662],[-46.3664,-12.2754],[-46.3696,-12.2796],[-46.3746,-12.2864],[-46.3241,-12.3021],[-46.3511,-12.3204],[-46.3514,-12.3264],[-46.352,-12.337],[-46.2852,-12.3786],[-46.3006,-12.4153],[-46.2645,-12.4122],[-46.256,-12.4239],[-46.2486,-12.4366],[-46.2474,-12.4467],[-46.2497,-12.4521],[-46.2532,-12.4598],[-46.2543,-12.4928],[-46.2274,-12.4979],[-46.1826,-12.4768],[-46.1587,-12.4749],[-46.1535,-12.4828],[-46.1602,-12.5282],[-46.2548,-12.5466],[-46.2659,-12.5719],[-46.2795,-12.5845],[-46.2752,-12.5903],[-46.2728,-12.5935],[-46.2898,-12.6313],[-46.2564,-12.6557],[-46.2928,-12.6924],[-46.2645,-12.7165],[-46.2825,-12.7837],[-46.2619,-12.8312],[-46.2674,-12.839],[-46.2729,-12.8467],[-46.2923,-12.859],[-46.2841,-12.878],[-46.2858,-12.8948],[-46.3044,-12.9494],[-46.2663,-12.9319],[-46.2201,-12.9401],[-46.1977,-12.9249],[-46.184,-12.9234],[-46.1385,-12.909],[-46.1253,-12.9095],[-46.1139,-12.9175],[-46.1195,-12.9254],[-46.1766,-12.9392],[-46.1795,-12.9469],[-46.1874,-12.9493],[-46.1941,-12.9562],[-46.3634,-12.9908],[-46.3758,-12.9623],[-46.3603,-12.9084],[-46.3658,-12.8644],[-46.4069,-12.8459],[-46.4172,-12.823],[-46.4186,-12.8333],[-46.4226,-12.8616],[-46.4323,-12.9296],[-46.437,-12.9351],[-46.4425,-12.9355],[-46.4456,-12.9358],[-46.4509,-12.9573],[-46.4526,-12.964],[-46.4542,-12.9707],[-46.7502,-12.9687],[-46.8193,-13.002],[-46.8545,-13.0665],[-46.8925,-13.0528],[-46.9784,-13.1311],[-47,-13.1212],[-47.019,-13.1453],[-47.0804,-13.1615],[-47.0869,-13.182],[-47.1085,-13.1706],[-47.1178,-13.1774],[-47.1322,-13.1781],[-47.1348,-13.2021],[-47.1526,-13.2095],[-47.1837,-13.204],[-47.1805,-13.2006],[-47.1748,-13.1947],[-47.1824,-13.1877],[-47.2287,-13.1944],[-47.2817,-13.2645],[-47.2941,-13.2485],[-47.3113,-13.251],[-47.3169,-13.2544],[-47.3226,-13.2579],[-47.3773,-13.2302],[-47.3833,-13.241],[-47.3892,-13.2406],[-47.3933,-13.2455],[-47.393,-13.2498],[-47.392,-13.2619],[-47.3971,-13.2607],[-47.4157,-13.2699],[-47.4265,-13.289],[-47.4373,-13.2786],[-47.4344,-13.2678],[-47.4541,-13.2494],[-47.4474,-13.2407],[-47.447,-13.2402],[-47.4308,-13.2376],[-47.4353,-13.2267],[-47.4867,-13.2198],[-47.487,-13.2138],[-47.4874,-13.2077],[-47.4784,-13.1847],[-47.5626,-13.1838],[-47.568,-13.1491],[-47.5609,-13.1242],[-47.6343,-13.1041],[-47.6503,-13.1329],[-47.6441,-13.1494],[-47.6695,-13.1679],[-47.6607,-13.1737],[-47.6549,-13.1774],[-47.6685,-13.209],[-47.64,-13.2628],[-47.6618,-13.3034],[-47.6497,-13.3508],[-47.6368,-13.3644],[-47.6223,-13.3672],[-47.6785,-13.4673],[-47.8235,-13.3114],[-47.8831,-13.3201],[-47.9354,-13.2903],[-47.9659,-13.3148],[-47.9857,-13.2779],[-47.9923,-13.2762],[-47.9988,-13.2745],[-48.0221,-13.2794],[-48.0327,-13.2535],[-48.0433,-13.2546],[-48.052,-13.2554],[-48.062,-13.235],[-48.0714,-13.24],[-48.0759,-13.2382],[-48.0787,-13.2425],[-48.0727,-13.2641],[-48.0719,-13.2672],[-48.0826,-13.2883],[-48.165,-13.3054],[-48.1694,-13.2989],[-48.1533,-13.2788],[-48.156,-13.2498],[-48.1621,-13.2465],[-48.1682,-13.2432],[-48.1633,-13.2291],[-48.1609,-13.2269],[-48.1529,-13.2192],[-48.1634,-13.1837],[-48.1454,-13.1528],[-48.1735,-13.1477],[-48.1965,-13.1632],[-48.1963,-13.1644],[-48.1953,-13.1723],[-48.2314,-13.1677],[-48.2504,-13.1966],[-48.2801,-13.1992],[-48.3074,-13.2349],[-48.3417,-13.228],[-48.3365,-13.2467],[-48.3607,-13.2428],[-48.3852,-13.2656],[-48.4294,-13.2712],[-48.4413,-13.2919],[-48.4464,-13.2833],[-48.4599,-13.2792],[-48.4594,-13.2471],[-48.4748,-13.2353],[-48.4721,-13.1423],[-48.5084,-13.1284],[-48.5215,-13.1405],[-48.5299,-13.1921],[-48.5394,-13.1939],[-48.5439,-13.1947],[-48.5542,-13.2045],[-48.5532,-13.3015],[-48.586,-13.3172],[-48.6001,-13.2947],[-48.5891,-13.2635],[-48.5912,-13.256],[-48.5872,-13.2543],[-48.5932,-13.2496],[-48.5975,-13.2462],[-48.6001,-13.2382],[-48.5793,-13.207],[-48.5775,-13.1737],[-48.5963,-13.1522],[-48.5782,-13.1262],[-48.5837,-13.1102],[-48.5852,-13.1056],[-48.5891,-13.1059],[-48.5962,-13.1064],[-48.5908,-13.1013],[-48.5885,-13.0991],[-48.6017,-13.0599],[-48.6273,-13.0517],[-48.6367,-13.0342],[-48.6373,-13.0261],[-48.6379,-13.0179],[-48.6741,-12.9948],[-48.7071,-13.0042],[-48.7303,-12.9894],[-48.7361,-12.9206],[-48.8141,-12.8637],[-48.8205,-12.8439],[-48.8419,-12.844],[-48.8463,-12.8094],[-48.8481,-12.8086],[-48.8563,-12.8053],[-48.8571,-12.805],[-48.8736,-12.807],[-48.8681,-12.8155],[-48.9752,-12.9568],[-49.0241,-12.9062],[-49.0776,-12.9033],[-49.0848,-12.894],[-49.0821,-12.8921],[-49.0872,-12.8911],[-49.0671,-12.8469],[-49.1058,-12.8357],[-49.1097,-12.8207],[-49.1146,-12.802],[-49.1186,-12.7899],[-49.196,-12.8668],[-49.237,-12.8835],[-49.2784,-12.9886],[-49.3539,-13.1026],[-49.3415,-13.1268],[-49.3523,-13.1436],[-49.3533,-13.1485],[-49.3544,-13.1533],[-49.3395,-13.236],[-49.3406,-13.2453],[-49.3416,-13.2547],[-49.369,-13.2742],[-49.9129,-12.9656],[-50.0175,-12.9288],[-50.0239,-12.9306],[-50.0385,-12.9348],[-50.044,-12.9331],[-50.0784,-12.9055],[-50.1035,-12.9076],[-50.1049,-12.9084],[-50.1093,-12.911],[-50.183,-12.8963],[-50.2247,-12.8739],[-50.2311,-12.8537],[-50.2922,-12.8395],[-50.3108,-12.7981],[-50.3018,-12.7453],[-50.2838,-12.7178],[-50.2878,-12.7148],[-50.2985,-12.7067],[-50.2951,-12.7046],[-50.2938,-12.6952],[-50.2996,-12.6805],[-50.2664,-12.682],[-50.262,-12.6373],[-50.2365,-12.6236],[-50.2413,-12.6089],[-50.2452,-12.5969],[-50.2345,-12.5774],[-50.2316,-12.5811],[-50.2279,-12.5858],[-50.1927,-12.5639],[-50.1975,-12.555],[-50.2056,-12.5536],[-50.2059,-12.5599],[-50.2116,-12.561],[-50.2293,-12.5319],[-50.2243,-12.5246],[-50.2194,-12.5172],[-50.2156,-12.4851],[-50.165,-12.4367],[-50.159,-12.4294],[-50.1578,-12.412],[-50.1422,-12.3955],[-50.1709,-12.4076],[-50.1708,-12.4176],[-50.1708,-12.4196],[-50.1746,-12.4233],[-50.1961,-12.4129],[-50.1837,-12.4299],[-50.1843,-12.43],[-50.1982,-12.4317],[-50.2119,-12.4367],[-50.2153,-12.441],[-50.2077,-12.442],[-50.2071,-12.4484],[-50.2221,-12.4457],[-50.2642,-12.4782],[-50.2768,-12.4789],[-50.283,-12.4793],[-50.3239,-12.5076],[-50.3202,-12.5084],[-50.3184,-12.5088],[-50.3137,-12.5211],[-50.327,-12.5157],[-50.3298,-12.5146],[-50.3341,-12.52],[-50.3336,-12.5229],[-50.3317,-12.5357],[-50.3655,-12.5456],[-50.3589,-12.5525],[-50.3581,-12.5533],[-50.398,-12.602],[-50.3941,-12.6044],[-50.3909,-12.6063],[-50.392,-12.6115],[-50.4007,-12.6131],[-50.4067,-12.6143],[-50.4182,-12.6242],[-50.4158,-12.6317],[-50.4112,-12.6458],[-50.4404,-12.6528],[-50.4284,-12.652],[-50.4349,-12.6939],[-50.4408,-12.6973],[-50.4433,-12.6969],[-50.4613,-12.6939],[-50.4639,-12.7031],[-50.4776,-12.7095],[-50.4678,-12.7357],[-50.4722,-12.7367],[-50.4819,-12.7389],[-50.4855,-12.7481],[-50.4681,-12.755],[-50.4934,-12.7852],[-50.4876,-12.802],[-50.4844,-12.8115],[-50.5106,-12.8603],[-50.5199,-12.836],[-50.5315,-12.8432],[-50.5665,-12.843],[-50.5974,-12.8264],[-50.5986,-12.8231],[-50.6002,-12.8185],[-50.5791,-12.8018],[-50.6028,-12.8],[-50.6223,-12.8193],[-50.6113,-12.7755],[-50.6355,-12.7714],[-50.6267,-12.7605],[-50.6228,-12.7339],[-50.6367,-12.7194],[-50.6333,-12.712],[-50.6297,-12.7041],[-50.6327,-12.7011],[-50.6377,-12.7014],[-50.6447,-12.7018],[-50.6543,-12.6788],[-50.6465,-12.6507],[-50.6557,-12.6456],[-50.6821,-12.6467],[-50.6992,-12.6474],[-50.706,-12.6093],[-50.7022,-12.5983],[-50.694,-12.5923],[-50.6806,-12.5971],[-50.6734,-12.5997],[-50.6675,-12.5956],[-50.669,-12.5803],[-50.6759,-12.5756],[-50.686,-12.5688],[-50.6456,-12.4817],[-50.6461,-12.4794],[-50.6509,-12.4584],[-50.6418,-12.4521],[-50.6352,-12.4545],[-50.6265,-12.4578],[-50.6228,-12.4534],[-50.6178,-12.4286],[-50.6254,-12.4211],[-50.6319,-12.4148],[-50.6296,-12.4018],[-50.6281,-12.393],[-50.6297,-12.3733],[-50.6436,-12.3464],[-50.6409,-12.3371],[-50.6374,-12.3249],[-50.6426,-12.3191],[-50.6484,-12.2987],[-50.6299,-12.2814],[-50.6309,-12.2748],[-50.6319,-12.2682],[-50.6495,-12.2487],[-50.6438,-12.2223],[-50.6494,-12.22],[-50.655,-12.2178],[-50.6782,-12.2184],[-50.6864,-12.2017],[-50.6668,-12.0807],[-50.6861,-12.0447],[-50.6825,-11.9941],[-50.6564,-11.9664],[-50.6674,-11.9274],[-50.6401,-11.9023],[-50.6395,-11.8932],[-50.6388,-11.8842],[-50.6858,-11.8586],[-50.6874,-11.8283],[-50.6876,-11.8246],[-50.7216,-11.7393],[-50.6631,-11.6721],[-50.6561,-11.6004],[-50.6571,-11.596],[-50.6608,-11.5904],[-50.6645,-11.5848],[-50.6753,-11.5822],[-50.716,-11.5778],[-50.7397,-11.5382],[-50.7416,-11.4545],[-50.7058,-11.326],[-50.6697,-11.2842],[-50.658,-11.2474],[-50.6586,-11.1304],[-50.609,-11.067],[-50.6325,-10.9355],[-50.6271,-10.9267],[-50.6217,-10.9178],[-50.6003,-10.9002],[-50.5995,-10.8827],[-50.6045,-10.8721],[-50.6112,-10.8681],[-50.6186,-10.8637],[-50.6215,-10.839],[-50.5701,-10.7521],[-50.603,-10.6605],[-50.5821,-10.6437],[-50.5627,-10.6109],[-50.5519,-10.6098],[-50.5425,-10.6089],[-50.537,-10.6048],[-50.5311,-10.5804],[-50.5252,-10.5712],[-50.5193,-10.5621],[-50.5156,-10.5047],[-50.4999,-10.4953],[-50.4887,-10.4947],[-50.4822,-10.4896],[-50.4868,-10.4703],[-50.4874,-10.4676],[-50.4733,-10.4045],[-50.4178,-10.3559],[-50.4203,-10.3431],[-50.4227,-10.3302],[-50.4048,-10.2838],[-50.3976,-10.254],[-50.3819,-10.2213],[-50.3983,-10.1637],[-50.3917,-10.1336],[-50.3542,-10.0768],[-50.3022,-10.035],[-50.2638,-9.9081],[-50.2433,-9.8708],[-50.225,-9.8536],[-50.1974,-9.7584],[-50.1505,-9.6952],[-50.1385,-9.6271],[-50.1069,-9.5939],[-50.0891,-9.5453],[-50.1075,-9.5082],[-50.1049,-9.475],[-50.0897,-9.4312],[-50.0651,-9.4004],[-50.0524,-9.3723],[-50.0553,-9.3419],[-50.0503,-9.3127],[-50.0438,-9.3008],[-50.0373,-9.289],[-50.0045,-9.2684],[-49.9936,-9.2337],[-49.9657,-9.2305],[-49.9577,-9.2203],[-49.943,-9.2005],[-49.9072,-9.1734],[-49.9048,-9.1649],[-49.907,-9.1595],[-49.9096,-9.1531],[-49.8967,-9.1435],[-49.8964,-9.1433],[-49.8708,-9.1036],[-49.8421,-9.0269],[-49.7932,-8.979],[-49.7446,-8.9058],[-49.7367,-8.9024],[-49.7287,-8.8989],[-49.6839,-8.8561],[-49.641,-8.8463],[-49.6122,-8.8458],[-49.592,-8.8391],[-49.4893,-8.6916],[-49.451,-8.6121],[-49.4094,-8.5796],[-49.3766,-8.4549],[-49.349,-8.418],[-49.2829,-8.3792],[-49.2696,-8.3429],[-49.2626,-8.3104],[-49.2533,-8.2706],[-49.2091,-8.1751],[-49.1989,-8.0872],[-49.1757,-8.0542],[-49.1816,-7.9766],[-49.1754,-7.9655],[-49.1692,-7.9544],[-49.1639,-7.9265],[-49.1645,-7.8325],[-49.1618,-7.8284],[-49.1497,-7.8098],[-49.1501,-7.8018],[-49.3228,-7.6814],[-49.3836,-7.5431],[-49.3775,-7.4961],[-49.231,-7.3254],[-49.2155,-7.2973],[-49.2063,-7.2703],[-49.1848,-7.2348],[-49.1929,-7.0403],[-49.217,-6.9611],[-49.2141,-6.9379],[-49.2116,-6.9315],[-49.209,-6.925],[-49.1715,-6.8926],[-49.1148,-6.8696],[-49.0184,-6.7838],[-48.968,-6.7795],[-48.9391,-6.7663],[-48.9262,-6.7616],[-48.9134,-6.757],[-48.8137,-6.7514],[-48.7772,-6.7357],[-48.7689,-6.7283],[-48.7607,-6.721],[-48.7364,-6.6924],[-48.6862,-6.6794],[-48.6644,-6.6624],[-48.6603,-6.6571],[-48.6549,-6.6503],[-48.6515,-6.6396],[-48.6518,-6.6117],[-48.6639,-6.5702],[-48.6629,-6.5574],[-48.6577,-6.5391],[-48.6463,-6.5235],[-48.6458,-6.5085],[-48.6127,-6.4534],[-48.5469,-6.405],[-48.5072,-6.3546],[-48.5035,-6.3526],[-48.4998,-6.3506],[-48.4473,-6.3508],[-48.3822,-6.3792],[-48.3749,-6.3464],[-48.4167,-6.2982],[-48.4315,-6.1769],[-48.4194,-6.1629],[-48.4088,-6.1538],[-48.4078,-6.153],[-48.3909,-6.1463],[-48.365,-6.147],[-48.334,-6.1366],[-48.2917,-6.1037],[-48.2827,-6.0812],[-48.284,-6.0756],[-48.2853,-6.07],[-48.3015,-6.0469],[-48.3323,-6.0379],[-48.3369,-6.0312],[-48.3382,-6.0205],[-48.3343,-6.0039],[-48.3276,-5.9945],[-48.321,-5.9851],[-48.3066,-5.9745],[-48.2312,-5.9458],[-48.2299,-5.9256],[-48.2323,-5.9167],[-48.2452,-5.8959],[-48.2732,-5.8664],[-48.2885,-5.8426],[-48.2941,-5.7563],[-48.2887,-5.7416],[-48.2808,-5.7312],[-48.2721,-5.7251],[-48.2196,-5.7278],[-48.1935,-5.7193],[-48.1739,-5.7088],[-48.1318,-5.6178],[-48.1943,-5.5627],[-48.2611,-5.5477],[-48.2697,-5.5439],[-48.2783,-5.54],[-48.3003,-5.5226],[-48.3251,-5.4934],[-48.3258,-5.4942],[-48.3276,-5.4963],[-48.3459,-5.4375],[-48.3843,-5.3938],[-48.5103,-5.4293],[-48.6032,-5.4195],[-48.65,-5.3845],[-48.7451,-5.3694],[-48.7492,-5.3635],[-48.7543,-5.3565],[-48.7547,-5.3488],[-48.7131,-5.3523],[-48.679,-5.3055],[-48.6057,-5.3361],[-48.5837,-5.3109],[-48.5681,-5.2826],[-48.5606,-5.2298],[-48.5386,-5.2045],[-48.5288,-5.1982],[-48.519,-5.1918],[-48.4859,-5.1935],[-48.4657,-5.1851],[-48.3635,-5.168],[-48.3581,-5.1708],[-48.3527,-5.1735],[-48.3205,-5.201],[-48.1781,-5.2604],[-48.1081,-5.2663],[-48.1079,-5.2664],[-48.0788,-5.2747],[-48.0058,-5.235],[-47.9336,-5.2406],[-47.8851,-5.2603],[-47.8793,-5.2666],[-47.8735,-5.2728],[-47.8666,-5.3046],[-47.8669,-5.3213],[-47.8672,-5.3425],[-47.8433,-5.3758],[-47.8424,-5.3765],[-47.8271,-5.3862],[-47.7418,-5.3809],[-47.6853,-5.4124],[-47.6663,-5.4214],[-47.6182,-5.4594],[-47.5549,-5.4654],[-47.5108,-5.5132],[-47.5053,-5.5192],[-47.4997,-5.5252],[-47.4828,-5.5645],[-47.4733,-5.6616],[-47.4927,-5.7097],[-47.4928,-5.7199],[-47.4929,-5.7302],[-47.4306,-5.8688],[-47.4301,-5.9351],[-47.4475,-5.9925],[-47.4383,-6.0124],[-47.4281,-6.0376],[-47.431,-6.1199],[-47.3784,-6.2705],[-47.4089,-6.3316],[-47.431,-6.425],[-47.4324,-6.4351],[-47.4164,-6.4846],[-47.4561,-6.5379],[-47.4629,-6.604],[-47.4654,-6.6117],[-47.4833,-6.644],[-47.4982,-6.6708],[-47.4937,-6.7545],[-47.5163,-6.7899],[-47.5282,-6.83],[-47.5055,-6.8972],[-47.5063,-6.902],[-47.5072,-6.9068],[-47.5291,-6.9456],[-47.5295,-6.9761],[-47.5351,-6.9871],[-47.5459,-7.0144],[-47.618,-7.0908],[-47.627,-7.1212],[-47.6355,-7.1322],[-47.644,-7.1432],[-47.6599,-7.151],[-47.6936,-7.1366],[-47.7076,-7.1372],[-47.7159,-7.1414],[-47.7447,-7.1621],[-47.7458,-7.2008],[-47.7364,-7.2164],[-47.6906,-7.2379],[-47.6481,-7.303],[-47.6374,-7.3045],[-47.6266,-7.3004],[-47.5887,-7.2637],[-47.5415,-7.2653],[-47.4994,-7.2935],[-47.4825,-7.3219],[-47.48,-7.3289],[-47.4774,-7.336],[-47.4854,-7.3667],[-47.5771,-7.4157],[-47.5904,-7.4392],[-47.5628,-7.4496],[-47.5564,-7.4444],[-47.5499,-7.4392],[-47.5288,-7.4325],[-47.5199,-7.4317],[-47.5043,-7.4362],[-47.4748,-7.533],[-47.4682,-7.531],[-47.4667,-7.5284],[-47.461,-7.5189],[-47.4385,-7.5211],[-47.4273,-7.5254],[-47.4382,-7.5562],[-47.4068,-7.5634],[-47.4037,-7.5868],[-47.3877,-7.5961],[-47.3876,-7.5962],[-47.3817,-7.5996],[-47.3815,-7.6537],[-47.3518,-7.6465],[-47.3724,-7.625],[-47.3717,-7.6209],[-47.3578,-7.6167],[-47.3138,-7.6602],[-47.3373,-7.6666],[-47.3306,-7.6737],[-47.3331,-7.6777],[-47.3311,-7.6848],[-47.3174,-7.6866],[-47.3173,-7.6866],[-47.3021,-7.6887],[-47.3022,-7.7016],[-47.3156,-7.7011],[-47.3055,-7.713],[-47.3127,-7.7304],[-47.2731,-7.7306],[-47.2705,-7.7344],[-47.2719,-7.7444],[-47.2608,-7.7408],[-47.2663,-7.7609],[-47.2458,-7.7581],[-47.2546,-7.7648],[-47.2466,-7.8005],[-47.2402,-7.8022],[-47.2402,-7.8022],[-47.2347,-7.8037],[-47.2439,-7.8149],[-47.1741,-7.8559],[-47.1749,-7.8707],[-47.1424,-7.8944],[-47.1407,-7.9249],[-47.1211,-7.9216],[-47.1161,-7.9385],[-47.1068,-7.9366],[-47.1116,-7.9453],[-47.1117,-7.9453],[-47.1155,-7.9522],[-47.1016,-7.9542],[-47.1061,-7.9904],[-47.0911,-7.9887],[-47.091,-7.9887],[-47.0843,-7.9879],[-47.0619,-8.0047],[-47.0431,-8.0532],[-46.997,-8.0668],[-46.9903,-8.0511],[-46.9888,-8.0475],[-46.9624,-8.0391],[-46.953,-8.0063],[-46.921,-7.9949],[-46.9213,-7.9925],[-46.9224,-7.985],[-46.9179,-7.9814],[-46.8958,-7.9865],[-46.8723,-7.9552],[-46.8659,-7.9689],[-46.8613,-7.9632],[-46.8585,-7.9597],[-46.8504,-7.957],[-46.8459,-7.9622],[-46.8435,-7.9649],[-46.8395,-7.9651],[-46.783,-7.951],[-46.7557,-7.922],[-46.6042,-7.8958],[-46.562,-7.9201],[-46.549,-7.9491],[-46.5434,-7.9483],[-46.5183,-7.9587],[-46.4917,-7.9813],[-46.4765,-8.0118],[-46.4671,-8.0784],[-46.4887,-8.0973],[-46.4915,-8.1152],[-46.5142,-8.1667],[-46.4871,-8.1995],[-46.5087,-8.237],[-46.5072,-8.2704],[-46.5442,-8.3189],[-46.6064,-8.328],[-46.6116,-8.3264],[-46.6348,-8.3189],[-46.7064,-8.3511],[-46.7322,-8.3853],[-46.782,-8.3677],[-46.7866,-8.3987],[-46.7918,-8.4025],[-46.7946,-8.4045],[-46.8064,-8.3986],[-46.7961,-8.4462],[-46.8151,-8.47],[-46.8401,-8.4652],[-46.8407,-8.4731],[-46.8504,-8.477],[-46.8467,-8.5327],[-46.8624,-8.5587],[-46.8726,-8.5556],[-46.875,-8.5549],[-46.8789,-8.5715],[-46.916,-8.5954],[-46.8973,-8.6006],[-46.916,-8.648],[-46.8953,-8.6593],[-46.8958,-8.6649],[-46.8887,-8.6694],[-46.8865,-8.6861],[-46.9139,-8.7082],[-46.9138,-8.7122],[-46.9136,-8.722],[-46.9168,-8.7257],[-46.9309,-8.7264],[-46.9022,-8.7905],[-46.913,-8.8474],[-46.9171,-8.8555],[-46.9411,-8.8591],[-46.9593,-8.875],[-46.9642,-8.8685],[-46.9651,-8.8673],[-46.979,-8.8685],[-46.9921,-8.879],[-46.9699,-8.9141],[-46.9966,-8.9322],[-46.9964,-8.9334],[-46.9942,-8.9451],[-47.0179,-8.9525],[-47.0211,-8.9874],[-47.033,-8.9823]]]]},"alpha2":"BR-TO","centroid":{"lat":-10.167,"lng":-48.3277},"isState":true},{"type":"Feature","properties":{"name":"Distrito Federal","NAME":"Distrito Federal","sigla":"DF","code":"DF","POSTAL":"DF","ISO_A2":"BR-DF","alpha2":"BR-DF","region":"Centro-Oeste","capital":"Brasília"},"geometry":{"type":"MultiPolygon","coordinates":[[[[-47.3086,-16.0355],[-47.3109,-16.0409],[-47.3081,-16.0416],[-47.3084,-16.0501],[-48.2787,-16.0511],[-48.2515,-15.9426],[-48.2517,-15.9402],[-48.252,-15.9363],[-48.2607,-15.9288],[-48.263,-15.9299],[-48.2678,-15.9324],[-48.2763,-15.9301],[-48.272,-15.8803],[-48.2866,-15.8427],[-48.2056,-15.741],[-48.2064,-15.7277],[-48.207,-15.7179],[-48.2177,-15.7076],[-48.2404,-15.7065],[-48.236,-15.6586],[-48.2334,-15.6438],[-48.2325,-15.6387],[-48.2185,-15.6222],[-48.2092,-15.6218],[-48.1999,-15.6214],[-48.1992,-15.5463],[-48.1977,-15.5125],[-48.1972,-15.5005],[-47.4169,-15.4999],[-47.4165,-15.5101],[-47.4161,-15.5204],[-47.4173,-15.5464],[-47.3741,-15.5779],[-47.3154,-15.594],[-47.322,-15.5975],[-47.3223,-15.5982],[-47.3327,-15.6295],[-47.3311,-15.6812],[-47.3123,-15.6941],[-47.3137,-15.7468],[-47.3655,-15.8277],[-47.3753,-15.8962],[-47.3603,-15.9312],[-47.3721,-15.9361],[-47.3764,-15.9779],[-47.3682,-16.0015],[-47.3086,-16.0355]]]]},"alpha2":"BR-DF","centroid":{"lat":-15.8267,"lng":-47.9218},"isState":true}]}